Customer ID,Recency,Frequency,Monetary,Average_Order_Value,Average_Basket_Size,Unique_Products,Customer_Lifetime,Purchase_Interval,Transactions_Per_Month,Product_Diversity,Churn
12346,326,12,77556.46,6463.038333333334,6190.416666666667,27,401,33.416666666666664,0.8977556109725685,0.00036346503331762805,1
12347,2,8,4921.53,615.19125,370.875,126,403,50.375,0.5955334987593052,0.042467138523761376,0
12348,75,5,2019.4,403.88,542.8,25,363,72.6,0.4132231404958678,0.009211495946941784,0
12349,19,4,4428.69,1107.1725,406.0,138,571,142.75,0.21015761821366022,0.08497536945812807,0
12350,310,1,334.4,334.4,197.0,17,1,1.0,30.0,0.08629441624365482,1
12351,375,1,300.93,300.93,261.0,21,1,1.0,30.0,0.08045977011494253,1
12352,36,10,2849.84,284.98400000000004,72.4,70,357,35.7,0.8403361344537815,0.09668508287292818,0
12353,204,2,406.76,203.38,106.0,23,205,102.5,0.29268292682926833,0.10849056603773585,1
12354,232,1,1079.4,1079.4,530.0,58,1,1.0,30.0,0.10943396226415095,1
12355,214,2,947.61,473.805,271.5,35,354,177.0,0.1694915254237288,0.06445672191528545,1
12356,23,6,6371.73,1061.955,569.3333333333334,104,402,67.0,0.44776119402985076,0.03044496487119438,0
12357,33,3,18287.66,6095.886666666666,2195.6666666666665,261,356,118.66666666666667,0.25280898876404495,0.03962350083497799,0
12358,2,5,3887.07,777.414,215.8,56,731,146.2,0.2051983584131327,0.051899907321594066,0
12359,58,10,8873.39,887.3389999999999,273.9,305,677,67.7,0.4431314623338257,0.1113545089448704,0
12360,52,8,4252.89,531.61125,307.375,160,604,75.5,0.3973509933774835,0.06506710044733631,0
12361,287,4,511.25,127.8125,58.75,18,395,98.75,0.3037974683544304,0.07659574468085106,1
12362,3,11,5356.23,486.92999999999995,202.72727272727272,201,736,66.9090909090909,0.4483695652173913,0.09013452914798206,0
12363,110,2,552.0,276.0,204.0,23,133,66.5,0.45112781954887216,0.056372549019607844,1
12364,8,4,1313.1,328.275,376.5,70,105,26.25,1.1428571428571428,0.04648074369189907,0
12365,291,2,641.38,320.69,87.0,22,1,0.5,60.0,0.12643678160919541,1
12366,634,1,500.24,500.24,296.0,3,1,1.0,30.0,0.010135135135135136,1
12367,4,1,168.9,168.9,173.0,11,1,1.0,30.0,0.06358381502890173,0
12368,628,1,917.6999999999999,917.6999999999999,330.0,18,1,1.0,30.0,0.05454545454545454,1
12369,413,3,1791.15,597.0500000000001,413.6666666666667,90,229,76.33333333333333,0.3930131004366812,0.072522159548751,1
12370,51,7,4316.56,616.6514285714286,372.0,168,618,88.28571428571429,0.3398058252427184,0.06451612903225806,0
12371,45,5,4067.38,813.476,287.2,134,601,120.2,0.24958402662229615,0.09331476323119778,0
12372,72,3,1298.04,432.68,264.6666666666667,34,225,75.0,0.4,0.042821158690176324,0
12373,311,3,1127.65,375.8833333333334,172.0,36,363,121.0,0.24793388429752067,0.06976744186046512,1
12374,25,4,2989.2200000000003,747.3050000000001,340.5,79,564,141.0,0.2127659574468085,0.05800293685756241,0
12375,11,2,457.5,228.75,89.0,14,88,44.0,0.6818181818181819,0.07865168539325842,0
12376,390,2,503.15,251.575,120.0,11,29,14.5,2.0689655172413794,0.04583333333333333,1
12377,315,4,3426.32,856.58,526.25,129,275,68.75,0.4363636363636364,0.061282660332541566,1
12378,130,2,5416.32,2708.16,1658.0,281,433,216.5,0.13856812933025403,0.08474065138721351,1
12379,82,4,1620.22,405.055,203.75,58,453,113.25,0.26490066225165565,0.07116564417177915,0
12380,22,11,9676.300000000001,879.6636363636364,305.0,156,641,58.27272727272727,0.514820592823713,0.04649776453055142,0
12381,5,5,1845.31,369.062,161.6,70,116,23.2,1.293103448275862,0.08663366336633663,0
12383,185,5,1850.56,370.11199999999997,306.4,84,168,33.6,0.8928571428571429,0.05483028720626632,1
12384,29,2,585.27,292.635,63.0,26,93,46.5,0.6451612903225806,0.20634920634920634,0
12385,379,1,1938.4,1938.4,612.0,65,1,1.0,30.0,0.10620915032679738,1
12386,338,2,401.9,200.95,177.0,10,30,15.0,2.0,0.02824858757062147,1
12387,415,1,143.94,143.94,134.0,9,1,1.0,30.0,0.06716417910447761,1
12388,16,8,3901.11,487.63875,250.125,83,567,70.875,0.4232804232804233,0.04147926036981509,0
12389,403,3,1433.33,477.77666666666664,204.66666666666666,41,254,84.66666666666667,0.3543307086614173,0.06677524429967427,1
12390,80,1,549.84,549.84,353.0,32,1,1.0,30.0,0.0906515580736544,0
12391,22,6,2724.84,454.14000000000004,200.66666666666666,241,642,107.0,0.28037383177570097,0.20016611295681064,0
12392,591,1,234.75000000000003,234.75000000000003,73.0,7,1,1.0,30.0,0.0958904109589041,1
12393,72,6,2399.4500000000003,399.90833333333336,218.5,63,357,59.5,0.5042016806722689,0.04805491990846682,0
12394,64,2,1272.48,636.24,409.5,26,154,77.0,0.3896103896103896,0.031746031746031744,0
12395,19,15,4721.17,314.74466666666666,213.66666666666666,145,584,38.93333333333333,0.7705479452054795,0.0452418096723869,0
12396,674,1,931.43,931.43,591.0,65,1,1.0,30.0,0.10998307952622674,1
12397,36,2,2409.9,1204.95,631.5,110,100,50.0,0.6,0.08709422011084719,0
12398,46,1,1635.6599999999999,1635.6599999999999,1394.0,85,1,1.0,30.0,0.06097560975609756,0
12399,119,7,1962.3,280.3285714285714,314.0,67,526,75.14285714285714,0.3992395437262357,0.030482256596906277,1
12400,414,1,205.25,205.25,91.0,11,1,1.0,30.0,0.12087912087912088,1
12401,303,1,84.3,84.3,11.0,5,1,1.0,30.0,0.45454545454545453,1
12402,323,6,1256.9,209.48333333333335,97.33333333333333,43,348,58.0,0.5172413793103449,0.07363013698630137,1
12403,50,2,1019.36,509.68,130.0,5,472,236.0,0.1271186440677966,0.019230769230769232,0
12404,682,1,63.24,63.24,1.0,1,1,1.0,30.0,1.0,1
12405,149,1,1710.39,1710.39,857.0,54,1,1.0,30.0,0.06301050175029171,1
12406,22,5,6390.36,1278.072,683.2,114,676,135.2,0.22189349112426035,0.03337236533957846,0
12407,50,5,1708.1200000000001,341.624,283.2,57,215,43.0,0.6976744186046512,0.04025423728813559,0
12408,33,8,4340.7699999999995,542.5962499999999,278.625,104,466,58.25,0.5150214592274678,0.04665769403319874,0
12409,79,7,23419.29,3345.612857142857,1877.5714285714287,177,487,69.57142857142857,0.4312114989733059,0.013467244921250857,0
12410,309,3,1013.71,337.90333333333336,113.66666666666667,36,194,64.66666666666667,0.4639175257731959,0.10557184750733138,1
12411,410,1,346.9,346.9,138.0,22,1,1.0,30.0,0.15942028985507245,1
12412,75,6,2596.93,432.82166666666666,332.8333333333333,82,465,77.5,0.3870967741935484,0.041061592388582875,0
12413,67,4,999.45,249.8625,79.75,41,336,84.0,0.35714285714285715,0.12852664576802508,0
12414,217,6,952.41,158.73499999999999,82.5,21,247,41.166666666666664,0.7287449392712552,0.04242424242424243,1
12415,24,28,144458.37,5159.2275,3265.964285714286,498,504,18.0,1.6666666666666665,0.005445777335505812,0
12416,657,1,202.56,202.56,132.0,11,1,1.0,30.0,0.08333333333333333,1
12417,3,20,6797.41,339.8705,144.2,270,731,36.55,0.8207934336525308,0.09361997226074896,0
12418,113,4,2021.2,505.3,272.0,90,518,129.5,0.23166023166023167,0.08272058823529412,1
12419,386,2,503.01,251.505,115.5,23,28,14.0,2.142857142857143,0.09956709956709957,1
12420,64,1,600.39,600.39,345.0,29,1,1.0,30.0,0.08405797101449275,0
12421,16,6,1098.6,183.1,108.66666666666667,44,490,81.66666666666667,0.3673469387755102,0.06748466257668712,0
12422,96,17,5231.8,307.7529411764706,152.7058823529412,137,626,36.8235294117647,0.8146964856230032,0.052773497688751926,1
12423,1,10,2622.39,262.239,179.3,128,466,46.6,0.6437768240343348,0.07138873396542109,0
12424,163,4,3340.03,835.0075,506.25,78,386,96.5,0.31088082901554404,0.03851851851851852,1
12425,78,2,1741.41,870.705,573.5,87,371,185.5,0.16172506738544473,0.07585004359197908,0
12426,195,2,1345.21,672.605,292.0,73,469,234.5,0.1279317697228145,0.125,1
12427,22,3,825.8,275.26666666666665,177.66666666666666,26,350,116.66666666666667,0.2571428571428572,0.04878048780487805,0
12428,26,9,7956.46,884.0511111111111,392.8888888888889,258,258,28.666666666666668,1.0465116279069768,0.07296380090497738,0
12429,9,8,6204.41,775.55125,361.25,124,538,67.25,0.44609665427509293,0.042906574394463666,0
12430,43,1,256.4,256.4,117.0,11,1,1.0,30.0,0.09401709401709402,0
12431,36,27,10432.22,386.3785185185185,170.37037037037038,244,659,24.40740740740741,1.229135053110774,0.05304347826086957,0
12432,43,5,5059.32,1011.8639999999999,360.2,107,130,26.0,1.153846153846154,0.05941143808995003,0
12433,1,10,16794.14,1679.414,1353.4,285,477,47.7,0.6289308176100629,0.021058075956849415,0
12434,85,3,1103.43,367.81,177.33333333333334,62,297,99.0,0.30303030303030304,0.11654135338345864,0
12435,80,6,13925.93,2320.9883333333332,826.3333333333334,88,658,109.66666666666667,0.2735562310030395,0.017749092375958047,0
12436,100,1,509.01,509.01,211.0,16,1,1.0,30.0,0.07582938388625593,1
12437,2,39,12683.4,325.2153846153846,205.12820512820514,273,736,18.871794871794872,1.589673913043478,0.034125,0
12438,14,2,2906.85,1453.425,590.0,84,126,63.0,0.47619047619047616,0.0711864406779661,0
12439,683,2,1142.88,571.44,239.0,69,44,22.0,1.3636363636363638,0.14435146443514643,1
12440,462,2,859.2,429.6,165.5,21,256,128.0,0.234375,0.0634441087613293,1
12441,367,1,173.55,173.55,121.0,11,1,1.0,30.0,0.09090909090909091,1
12442,3,1,172.06,172.06,182.0,12,1,1.0,30.0,0.06593406593406594,0
12443,732,1,485.31,485.31,182.0,21,1,1.0,30.0,0.11538461538461539,1
12444,21,5,5005.46,1001.092,230.6,138,150,30.0,1.0,0.1196877710320902,0
12445,22,2,434.98,217.49,103.0,24,399,199.5,0.15037593984962405,0.11650485436893204,0
12446,58,1,1002.3100000000001,1002.3100000000001,351.0,57,1,1.0,30.0,0.1623931623931624,0
12447,243,1,476.49,476.49,190.0,26,1,1.0,30.0,0.1368421052631579,1
12448,44,1,449.45,449.45,243.0,22,1,1.0,30.0,0.09053497942386832,0
12449,22,6,4835.89,805.9816666666667,380.3333333333333,125,417,69.5,0.4316546762589928,0.054776511831726556,0
12450,156,5,688.2,137.64000000000001,88.4,31,319,63.8,0.4702194357366771,0.07013574660633484,1
12451,11,8,12669.88,1583.735,1169.875,352,519,64.875,0.4624277456647399,0.037610855860668875,0
12452,17,2,430.57,215.285,92.5,21,1,0.5,60.0,0.11351351351351352,0
12453,134,1,707.09,707.09,473.0,43,1,1.0,30.0,0.09090909090909091,1
12454,56,5,16679.78,3335.9559999999997,1540.6,24,365,73.0,0.4109589041095891,0.0031156692197844994,0
12455,73,10,5879.95,587.995,330.2,199,649,64.9,0.4622496147919877,0.06026650514839491,0
12456,44,3,3181.04,1060.3466666666666,544.3333333333334,105,211,70.33333333333333,0.4265402843601896,0.06429883649724434,0
12457,66,8,2995.91,374.48875,136.75,63,369,46.125,0.6504065040650406,0.05758683729433273,0
12458,71,4,1777.49,444.3725,246.5,71,417,104.25,0.28776978417266186,0.0720081135902637,0
12459,605,1,454.36,454.36,258.0,23,1,1.0,30.0,0.08914728682170543,1
12460,456,1,326.65,326.65,170.0,18,1,1.0,30.0,0.10588235294117647,1
12461,94,2,826.88,413.44,143.5,35,61,30.5,0.9836065573770493,0.12195121951219512,1
12462,19,2,1189.59,594.795,268.0,51,285,142.5,0.21052631578947367,0.09514925373134328,0
12463,53,4,1344.78,336.195,194.0,65,189,47.25,0.6349206349206349,0.08376288659793814,0
12464,10,8,1212.05,151.50625,14.0,6,300,37.5,0.8,0.05357142857142857,0
12465,17,2,742.1899999999999,371.09499999999997,239.5,46,153,76.5,0.3921568627450981,0.09603340292275574,0
12466,682,1,56.73,56.73,1.0,1,1,1.0,30.0,1.0,1
12467,423,1,132.8,132.8,129.0,9,1,1.0,30.0,0.06976744186046512,1
12468,188,5,3670.74,734.1479999999999,440.2,127,496,99.2,0.30241935483870963,0.05770104497955475,1
12469,523,2,3070.54,1535.27,1276.0,76,15,7.5,4.0,0.029780564263322883,1
12470,690,1,211.95,211.95,95.0,23,1,1.0,30.0,0.24210526315789474,1
12471,2,79,39918.19,505.2935443037975,213.39240506329114,255,731,9.253164556962025,3.2421340629274966,0.015126349507652154,0
12472,32,19,16249.289999999999,855.2257894736841,546.2105263157895,397,694,36.526315789473685,0.8213256484149856,0.038253998843707844,0
12473,29,5,3928.0499999999997,785.6099999999999,482.8,140,163,32.6,0.920245398773006,0.0579950289975145,0
12474,17,31,12372.75,399.1209677419355,256.1290322580645,369,650,20.967741935483872,1.4307692307692308,0.0464735516372796,0
12475,54,2,1149.64,574.82,385.5,54,357,178.5,0.1680672268907563,0.07003891050583658,0
12476,16,23,14083.91,612.3439130434782,244.82608695652175,358,487,21.17391304347826,1.4168377823408624,0.06357662937311312,0
12477,23,9,20276.37,2252.93,679.8888888888889,295,601,66.77777777777777,0.4492512479201331,0.04821049191044288,0
12478,4,1,680.99,680.99,236.0,36,1,1.0,30.0,0.15254237288135594,0
12479,11,1,527.2,527.2,385.0,31,1,1.0,30.0,0.08051948051948052,0
12480,28,7,5464.85,780.6928571428572,421.7142857142857,177,480,68.57142857142857,0.4375,0.059959349593495935,0
12481,23,15,12185.51,812.3673333333334,477.2,248,585,39.0,0.7692307692307693,0.03464654931545124,0
12482,576,29,23691.4,816.944827586207,932.4827586206897,42,78,2.689655172413793,11.153846153846153,0.0015531395606833815,1
12483,17,19,5097.18,268.27263157894737,113.6842105263158,68,661,34.78947368421053,0.8623298033282905,0.03148148148148148,0
12484,33,12,6354.1,529.5083333333333,272.1666666666667,329,649,54.083333333333336,0.5546995377503853,0.10073484384568279,0
12485,529,1,708.1,708.1,414.0,34,1,1.0,30.0,0.0821256038647343,1
12486,432,1,1037.28,1037.28,523.0,49,1,1.0,30.0,0.09369024856596558,1
12487,731,1,285.29999999999995,285.29999999999995,174.0,2,1,1.0,30.0,0.011494252873563218,1
12488,10,3,1298.66,432.8866666666667,176.33333333333334,46,66,22.0,1.3636363636363635,0.08695652173913043,0
12489,336,1,334.93,334.93,105.0,15,1,1.0,30.0,0.14285714285714285,1
12490,5,21,9823.64,467.79238095238094,281.23809523809524,195,734,34.95238095238095,0.8583106267029973,0.033017270572299355,0
12491,39,1,460.40000000000003,460.40000000000003,260.0,25,1,1.0,30.0,0.09615384615384616,0
12492,63,3,715.21,238.40333333333334,148.0,38,341,113.66666666666667,0.26392961876832843,0.08558558558558559,0
12493,166,2,433.74,216.87,103.5,20,32,16.0,1.875,0.0966183574879227,1
12494,16,9,1815.27,201.69666666666666,108.77777777777777,83,561,62.333333333333336,0.4812834224598931,0.08478038815117467,0
12495,641,1,357.4,357.4,130.0,17,1,1.0,30.0,0.13076923076923078,1
12496,620,2,45.34,22.67,15.0,10,1,0.5,60.0,0.3333333333333333,1
12497,82,3,6248.5,2082.8333333333335,1895.0,41,564,188.0,0.15957446808510636,0.007211961301671064,0
12498,21,3,403.70000000000005,134.5666666666667,53.0,21,37,12.333333333333334,2.4324324324324325,0.1320754716981132,0
12499,560,1,393.72,393.72,302.0,27,1,1.0,30.0,0.08940397350993377,1
12500,23,19,5955.21,313.4321052631579,177.73684210526315,88,651,34.26315789473684,0.8755760368663594,0.026058631921824105,0
12501,337,1,2169.39,2169.39,1783.0,149,1,1.0,30.0,0.08356702187324734,1
12502,96,5,3723.87,744.774,164.0,102,215,43.0,0.6976744186046512,0.12439024390243902,1
12503,584,1,1126.0,1126.0,561.0,2,1,1.0,30.0,0.0035650623885918,1
12504,18,4,779.05,194.7625,114.5,11,579,144.75,0.20725388601036268,0.024017467248908297,0
12505,409,1,955.2,955.2,324.0,42,1,1.0,30.0,0.12962962962962962,1
12506,233,1,73.5,73.5,23.0,23,1,1.0,30.0,1.0,1
12507,134,4,1844.06,461.015,314.0,46,451,112.75,0.2660753880266075,0.03662420382165605,1
12508,26,2,397.88,198.94,135.5,57,3,1.5,20.0,0.21033210332103322,0
12509,284,1,176.5,176.5,55.0,7,1,1.0,30.0,0.12727272727272726,1
12510,143,9,5178.02,575.3355555555556,227.66666666666666,94,593,65.88888888888889,0.45531197301854975,0.04587603709126403,1
12511,429,1,3084.02,3084.02,1753.0,190,1,1.0,30.0,0.10838562464346833,1
12512,66,2,132.18,66.09,48.0,31,1,0.5,60.0,0.3229166666666667,0
12513,113,1,612.29,612.29,462.0,35,1,1.0,30.0,0.07575757575757576,1
12514,267,2,1597.76,798.88,420.0,76,375,187.5,0.16,0.09047619047619047,1
12515,353,1,383.7,383.7,131.0,16,1,1.0,30.0,0.12213740458015267,1
12516,78,4,2648.62,662.155,488.0,49,522,130.5,0.2298850574712644,0.025102459016393443,0
12517,28,5,2481.6,496.32,272.2,232,162,32.4,0.9259259259259258,0.1704628949301984,0
12518,1,5,2056.89,411.378,263.6,84,110,22.0,1.3636363636363638,0.0637329286798179,0
12519,64,2,716.54,358.27,193.5,34,414,207.0,0.14492753623188406,0.08785529715762273,0
12520,79,5,2634.26,526.8520000000001,287.8,121,195,39.0,0.7692307692307693,0.08408617095205004,0
12521,143,1,599.68,599.68,309.0,38,1,1.0,30.0,0.12297734627831715,1
12522,39,2,192.72,96.36,97.0,11,13,6.5,4.615384615384615,0.05670103092783505,0
12523,19,23,4352.35,189.2326086956522,98.3913043478261,176,713,31.0,0.967741935483871,0.07777286787450287,0
12524,9,17,11126.11,654.4770588235294,422.2352941176471,157,661,38.88235294117647,0.7715582450832073,0.021872387851769294,0
12525,498,3,973.73,324.57666666666665,169.66666666666666,56,150,50.0,0.6,0.1100196463654224,1
12526,1,3,1316.66,438.8866666666667,210.66666666666666,64,94,31.333333333333332,0.9574468085106383,0.10126582278481013,0
12527,82,5,735.51,147.102,105.2,26,448,89.6,0.33482142857142855,0.049429657794676805,0
12528,9,6,1933.48,322.24666666666667,126.0,50,304,50.666666666666664,0.5921052631578948,0.06613756613756613,0
12529,528,1,316.48,316.48,192.0,21,1,1.0,30.0,0.109375,1
12530,60,9,3759.26,417.6955555555556,301.44444444444446,94,583,64.77777777777777,0.4631217838765008,0.034647991153704386,0
12531,15,2,1933.2,966.6,559.5,126,672,336.0,0.08928571428571429,0.1126005361930295,0
12532,30,1,349.83000000000004,349.83000000000004,153.0,16,1,1.0,30.0,0.10457516339869281,0
12533,628,2,1367.89,683.945,352.0,63,111,55.5,0.5405405405405405,0.08948863636363637,1
12534,131,1,1089.18,1089.18,651.0,63,1,1.0,30.0,0.0967741935483871,1
12535,92,2,716.35,358.175,109.5,28,95,47.5,0.6315789473684211,0.1278538812785388,1
12536,43,3,12601.830000000002,4200.610000000001,934.3333333333334,260,16,5.333333333333333,5.625,0.09275775954334642,0
12537,409,1,732.94,732.94,449.0,43,1,1.0,30.0,0.0957683741648107,1
12538,29,2,640.45,320.225,168.0,33,350,175.0,0.17142857142857143,0.09821428571428571,0
12539,22,7,11214.75,1602.107142857143,647.8571428571429,276,695,99.28571428571429,0.302158273381295,0.06085997794928335,0
12540,20,33,22254.49,674.3784848484848,333.90909090909093,354,713,21.606060606060606,1.388499298737728,0.032126327252926766,0
12541,30,3,981.18,327.06,226.66666666666666,46,252,84.0,0.35714285714285715,0.06764705882352941,0
12542,484,2,481.88,240.94,261.0,39,157,78.5,0.38216560509554137,0.07471264367816093,1
12543,448,1,980.25,980.25,688.0,43,1,1.0,30.0,0.0625,1
12544,36,1,372.7,372.7,136.0,19,1,1.0,30.0,0.13970588235294118,0
12545,75,2,1000.39,500.195,261.5,42,185,92.5,0.3243243243243243,0.08030592734225621,0
12546,47,2,1161.5,580.75,316.5,59,32,16.0,1.875,0.09320695102685624,0
12547,198,3,383.58,127.86,103.0,13,303,101.0,0.297029702970297,0.042071197411003236,1
12548,166,1,95.19999999999999,95.19999999999999,49.0,5,1,1.0,30.0,0.10204081632653061,1
12549,576,6,1575.68,262.61333333333334,227.66666666666666,38,122,20.333333333333332,1.4754098360655739,0.027818448023426062,1
12550,79,1,964.83,964.83,569.0,57,1,1.0,30.0,0.10017574692442882,0
12551,358,1,168.0,168.0,100.0,10,1,1.0,30.0,0.1,1
12552,39,2,437.82,218.91,44.0,20,1,0.5,60.0,0.22727272727272727,0
12553,8,12,4608.75,384.0625,193.75,109,416,34.666666666666664,0.8653846153846153,0.04688172043010753,0
12554,449,1,468.5,468.5,240.0,26,1,1.0,30.0,0.10833333333333334,1
12555,682,1,129.23,129.23,1.0,1,1,1.0,30.0,1.0,1
12556,50,2,599.56,299.78,177.5,100,101,50.5,0.594059405940594,0.28169014084507044,0
12557,16,8,18096.14,2262.0175,797.75,15,707,88.375,0.33946251768033947,0.0023503603885929175,0
12558,8,1,269.96,269.96,196.0,11,1,1.0,30.0,0.05612244897959184,0
12559,311,2,561.71,280.855,141.5,21,9,4.5,6.666666666666667,0.07420494699646643,1
12560,5,3,2134.01,711.3366666666667,370.0,91,138,46.0,0.6521739130434783,0.08198198198198198,0
12561,303,1,238.85,238.85,177.0,16,1,1.0,30.0,0.0903954802259887,1
12562,8,9,4966.92,551.88,258.55555555555554,113,428,47.55555555555556,0.6308411214953271,0.048560378169316715,0
12563,409,1,249.24,249.24,113.0,13,1,1.0,30.0,0.11504424778761062,1
12564,261,1,456.9,456.9,133.0,21,1,1.0,30.0,0.15789473684210525,1
12565,289,1,145.92,145.92,80.0,9,1,1.0,30.0,0.1125,1
12566,86,1,351.65,351.65,265.0,19,1,1.0,30.0,0.07169811320754717,0
12567,23,15,11767.48,784.4986666666666,353.8666666666667,365,645,43.0,0.6976744186046512,0.06876412961567445,0
12568,645,1,70.0,70.0,48.0,5,1,1.0,30.0,0.10416666666666667,1
12569,2,32,4124.69,128.8965625,56.28125,92,251,7.84375,3.824701195219123,0.05108273181565797,0
12570,682,1,77.52,77.52,1.0,1,1,1.0,30.0,1.0,1
12571,40,2,519.61,259.805,261.5,31,82,41.0,0.7317073170731707,0.05927342256214149,0
12572,9,2,1020.42,510.21,226.0,53,44,22.0,1.3636363636363638,0.1172566371681416,0
12573,227,5,717.41,143.482,95.8,107,238,47.6,0.6302521008403361,0.22338204592901878,1
12574,316,1,218.45,218.45,61.0,11,1,1.0,30.0,0.18032786885245902,1
12575,457,2,622.8199999999999,311.40999999999997,157.5,34,70,35.0,0.8571428571428571,0.10793650793650794,1
12576,36,8,2142.72,267.84,186.75,114,491,61.375,0.48879837067209775,0.07630522088353414,0
12577,35,8,1617.1,202.1375,148.875,259,701,87.625,0.34236804564907275,0.2174643157010915,0
12578,21,4,4642.45,1160.6125,595.0,149,423,105.75,0.28368794326241137,0.06260504201680672,0
12579,78,1,440.42,440.42,285.0,29,1,1.0,30.0,0.10175438596491228,0
12580,247,2,1052.9,526.45,284.5,52,330,165.0,0.18181818181818182,0.0913884007029877,1
12581,40,1,197.71,197.71,161.0,15,1,1.0,30.0,0.09316770186335403,0
12582,239,4,1980.4,495.1,246.25,88,339,84.75,0.35398230088495575,0.08934010152284264,1
12583,3,27,13591.58,503.39185185185187,316.1111111111111,141,731,27.074074074074073,1.1080711354309165,0.016520210896309315,0
12584,4,9,2338.15,259.7944444444445,46.22222222222222,44,277,30.77777777777778,0.9747292418772564,0.10576923076923077,0
12585,234,2,2040.1,1020.05,639.5,77,118,59.0,0.5084745762711864,0.060203283815480846,1
12586,17,4,2062.67,515.6675,171.75,82,707,176.75,0.16973125884016974,0.11935953420669577,0
12587,8,1,144.0,144.0,51.0,4,1,1.0,30.0,0.0784313725490196,0
12588,39,4,958.78,239.695,109.5,31,559,139.75,0.21466905187835422,0.07077625570776255,0
12589,29,8,4695.66,586.9575,220.5,121,661,82.625,0.3630862329803328,0.06859410430839002,0
12590,211,2,9864.26,4932.13,2141.5,68,1,0.5,60.0,0.015876721923885128,1
12591,317,3,1338.95,446.31666666666666,217.66666666666666,63,92,30.666666666666668,0.9782608695652173,0.09647779479326186,1
12592,92,5,2582.66,516.5319999999999,375.0,42,428,85.6,0.35046728971962615,0.0224,1
12593,109,3,418.09999999999997,139.36666666666665,68.66666666666667,14,111,37.0,0.8108108108108107,0.06796116504854369,1
12594,38,15,5090.110000000001,339.3406666666667,184.53333333333333,78,609,40.6,0.7389162561576355,0.028179190751445087,0
12595,505,1,299.02,299.02,271.0,19,1,1.0,30.0,0.07011070110701106,1
12596,51,2,618.27,309.135,237.0,25,191,95.5,0.31413612565445026,0.052742616033755275,0
12597,19,4,3811.22,952.805,559.0,184,249,62.25,0.48192771084337344,0.08228980322003578,0
12598,10,11,4534.09,412.19,264.1818181818182,130,640,58.18181818181818,0.515625,0.044735030970406056,0
12599,29,13,2296.72,176.67076923076922,168.3846153846154,47,549,42.23076923076923,0.7103825136612022,0.02147099132023755,0
12600,29,21,4967.42,236.54380952380953,65.85714285714286,53,704,33.523809523809526,0.8948863636363636,0.038322487346348515,0
12601,190,6,681.26,113.54333333333334,48.333333333333336,24,215,35.833333333333336,0.8372093023255813,0.08275862068965517,1
12602,59,1,153.12,153.12,162.0,12,1,1.0,30.0,0.07407407407407407,0
12603,22,1,739.1999999999999,739.1999999999999,63.0,2,1,1.0,30.0,0.031746031746031744,0
12604,79,2,254.18,127.09,100.5,15,183,91.5,0.3278688524590164,0.07462686567164178,0
12605,376,4,1232.95,308.2375,232.25,63,82,20.5,1.4634146341463414,0.06781485468245425,1
12606,682,1,21.0,21.0,1.0,1,1,1.0,30.0,1.0,1
12607,60,1,1579.51,1579.51,1228.0,101,1,1.0,30.0,0.08224755700325732,0
12608,405,1,415.79,415.79,323.0,16,1,1.0,30.0,0.04953560371517028,1
12609,78,9,3435.86,381.76222222222225,172.55555555555554,129,642,71.33333333333333,0.42056074766355145,0.08306503541532517,0
12610,23,5,2099.54,419.908,209.8,85,104,20.8,1.4423076923076923,0.08102955195424213,0
12611,52,1,1193.32,1193.32,846.0,65,1,1.0,30.0,0.0768321513002364,0
12612,74,1,704.0400000000001,704.0400000000001,262.0,19,1,1.0,30.0,0.07251908396946564,0
12613,57,10,6817.37,681.737,415.7,218,669,66.9,0.44843049327354256,0.05244166466201588,0
12614,278,1,315.6,315.6,76.0,20,1,1.0,30.0,0.2631578947368421,1
12615,2,8,5740.98,717.6225,414.625,198,630,78.75,0.38095238095238093,0.059692493216762135,0
12616,95,3,1131.1,377.0333333333333,166.0,32,294,98.0,0.3061224489795918,0.0642570281124498,1
12617,29,1,352.98,352.98,210.0,39,1,1.0,30.0,0.18571428571428572,0
12618,22,1,177.31,177.31,96.0,11,1,1.0,30.0,0.11458333333333333,0
12619,16,10,3781.38,378.13800000000003,351.8,55,545,54.5,0.5504587155963302,0.015633882888004547,0
12620,15,3,1339.41,446.47,393.6666666666667,89,190,63.333333333333336,0.4736842105263158,0.07535986452159187,0
12621,2,35,24311.2,694.6057142857143,391.6,344,667,19.057142857142857,1.5742128935532234,0.025098497008609368,0
12622,232,1,180.1,180.1,69.0,11,1,1.0,30.0,0.15942028985507245,1
12623,276,7,3747.84,535.4057142857143,281.57142857142856,112,421,60.142857142857146,0.498812351543943,0.056823947234906136,1
12624,106,2,641.13,320.565,177.5,36,72,36.0,0.8333333333333334,0.10140845070422536,1
12625,212,4,5164.88,1291.22,827.25,144,385,96.25,0.3116883116883117,0.043517679057116954,1
12626,23,9,6620.48,735.6088888888888,383.6666666666667,232,304,33.77777777777778,0.8881578947368421,0.06718795250506805,0
12627,11,7,4478.53,639.79,393.14285714285717,162,130,18.571428571428573,1.6153846153846154,0.05886627906976744,0
12628,4,3,786.46,262.15333333333336,149.33333333333334,34,61,20.333333333333332,1.4754098360655739,0.07589285714285714,0
12629,386,2,1558.22,779.11,361.0,40,38,19.0,1.5789473684210527,0.055401662049861494,1
12630,10,2,1270.88,635.44,274.0,60,35,17.5,1.7142857142857142,0.10948905109489052,0
12631,57,6,3481.57,580.2616666666667,267.8333333333333,131,636,106.0,0.2830188679245283,0.08151835718730553,0
12632,521,2,804.88,402.44,347.0,32,45,22.5,1.3333333333333333,0.04610951008645533,1
12633,59,7,5678.16,811.1657142857142,462.57142857142856,220,467,66.71428571428571,0.44967880085653106,0.06794317479925881,0
12634,536,2,490.0,245.0,168.5,20,13,6.5,4.615384615384615,0.05934718100890208,1
12635,90,4,2930.41,732.6025,487.25,159,368,92.0,0.32608695652173914,0.08158029758850692,0
12636,739,1,141.0,141.0,1.0,1,1,1.0,30.0,1.0,1
12637,67,12,8283.81,690.3175,354.75,295,477,39.75,0.7547169811320754,0.06929762743716232,0
12638,33,2,921.49,460.745,331.5,47,607,303.5,0.09884678747940691,0.07088989441930618,0
12639,239,3,1312.37,437.45666666666665,210.33333333333334,58,390,130.0,0.23076923076923078,0.0919175911251981,1
12640,24,3,1174.58,391.52666666666664,103.66666666666667,47,58,19.333333333333332,1.5517241379310345,0.15112540192926044,0
12641,115,1,185.9,185.9,72.0,10,1,1.0,30.0,0.1388888888888889,1
12642,25,3,1013.26,337.75333333333333,184.0,39,83,27.666666666666668,1.0843373493975903,0.07065217391304347,0
12643,128,12,8304.82,692.0683333333333,388.75,14,483,40.25,0.7453416149068323,0.0030010718113612006,1
12644,130,4,1918.49,479.6225,258.0,106,565,141.25,0.21238938053097348,0.10271317829457365,1
12645,34,8,3539.3,442.4125,265.625,111,636,79.5,0.37735849056603776,0.05223529411764706,0
12646,5,2,1346.97,673.485,448.5,43,45,22.5,1.3333333333333333,0.04793756967670011,0
12647,22,36,16955.55,470.98749999999995,184.25,240,673,18.694444444444443,1.6047548291233285,0.03618272274988693,0
12648,155,4,1112.0,278.0,129.5,38,547,136.75,0.21937842778793418,0.07335907335907337,1
12649,107,8,2294.65,286.83125,244.875,94,589,73.625,0.4074702886247878,0.0479836651352731,1
12650,3,1,314.44,314.44,254.0,20,1,1.0,30.0,0.07874015748031496,0
12651,335,4,377.75,94.4375,66.25,30,131,32.75,0.9160305343511451,0.11320754716981132,1
12652,331,2,1017.03,508.515,268.0,51,103,51.5,0.5825242718446603,0.09514925373134328,1
12653,149,3,4160.83,1386.9433333333334,560.3333333333334,76,379,126.33333333333333,0.237467018469657,0.045211183819155266,1
12654,11,5,601.98,120.396,52.8,31,285,57.0,0.5263157894736842,0.11742424242424243,0
12655,424,1,261.35,261.35,80.0,16,1,1.0,30.0,0.2,1
12656,17,8,6407.83,800.97875,357.5,174,546,68.25,0.43956043956043955,0.06083916083916084,0
12657,11,4,1643.18,410.795,261.0,35,68,17.0,1.7647058823529411,0.033524904214559385,0
12658,19,1,686.05,686.05,320.0,36,1,1.0,30.0,0.1125,0
12659,30,1,91.68,91.68,105.0,5,1,1.0,30.0,0.047619047619047616,0
12660,11,1,245.1,245.1,127.0,13,1,1.0,30.0,0.10236220472440945,0
12661,436,1,162.0,162.0,216.0,11,1,1.0,30.0,0.05092592592592592,1
12662,1,20,6726.54,336.327,171.2,163,618,30.9,0.9708737864077669,0.04760514018691589,0
12663,625,2,239.4,119.7,90.5,9,44,22.0,1.3636363636363638,0.049723756906077346,1
12664,8,11,6070.04,551.8218181818182,135.9090909090909,10,719,65.36363636363636,0.458970792767733,0.006688963210702341,0
12665,325,3,313.6,104.53333333333335,55.0,13,345,115.0,0.2608695652173913,0.07878787878787878,1
12666,394,1,1248.42,1248.42,370.0,31,1,1.0,30.0,0.08378378378378379,1
12667,58,1,620.13,620.13,395.0,33,1,1.0,30.0,0.08354430379746836,0
12668,12,10,11383.03,1138.303,504.9,263,666,66.6,0.45045045045045046,0.052089522677757974,0
12669,151,3,2744.0299999999997,914.6766666666666,371.6666666666667,98,106,35.333333333333336,0.8490566037735849,0.08789237668161436,1
12670,10,7,3760.29,537.1842857142857,232.42857142857142,71,657,93.85714285714286,0.31963470319634707,0.04363859864781807,0
12671,606,1,2622.481,2622.481,1460.0,45,1,1.0,30.0,0.030821917808219176,1
12672,330,2,437.05,218.525,69.0,22,266,133.0,0.22556390977443608,0.15942028985507245,1
12673,5,3,1230.02,410.00666666666666,233.33333333333334,68,397,132.33333333333334,0.22670025188916879,0.09714285714285714,0
12674,39,4,1970.6,492.65,283.25,52,170,42.5,0.7058823529411764,0.04589585172109444,0
12675,554,2,957.25,478.625,168.0,111,25,12.5,2.4,0.33035714285714285,1
12676,25,11,2843.09,258.4627272727273,169.72727272727272,67,459,41.72727272727273,0.7189542483660131,0.035886448848419926,0
12677,555,2,395.1,197.55,88.0,13,112,56.0,0.5357142857142857,0.07386363636363637,1
12678,42,21,34281.18,1632.4371428571428,1065.3333333333333,199,659,31.38095238095238,0.9559939301972686,0.00889504738065439,0
12679,59,4,1113.02,278.255,138.5,43,226,56.5,0.5309734513274337,0.0776173285198556,0
12680,1,4,880.81,220.2025,111.0,33,113,28.25,1.0619469026548674,0.07432432432432433,0
12681,15,45,29834.76,662.9946666666666,378.02222222222224,459,712,15.822222222222223,1.896067415730337,0.02698254070895303,0
12682,4,52,22950.22,441.35038461538466,202.34615384615384,327,736,14.153846153846153,2.119565217391304,0.03107774187416841,0
12683,4,21,11633.7,553.9857142857143,334.23809523809524,236,723,34.42857142857143,0.871369294605809,0.03362302322268129,0
12684,8,7,2283.63,326.23285714285714,283.57142857142856,61,206,29.428571428571427,1.0194174757281553,0.030730478589420653,0
12685,28,6,2863.08,477.18,253.83333333333334,117,66,11.0,2.727272727272727,0.07682206172028891,0
12686,372,1,89.14,89.14,107.0,7,1,1.0,30.0,0.06542056074766354,1
12687,481,2,2138.91,1069.455,701.5,126,1,0.5,60.0,0.08980755523877405,1
12688,114,1,4873.8099999999995,4873.8099999999995,3028.0,171,1,1.0,30.0,0.056472919418758254,1
12689,26,2,1247.61,623.805,314.0,57,102,51.0,0.5882352941176471,0.09076433121019108,0
12690,206,1,389.01,389.01,106.0,16,1,1.0,30.0,0.1509433962264151,1
12691,28,7,1170.4,167.20000000000002,63.57142857142857,24,393,56.142857142857146,0.5343511450381679,0.05393258426966292,0
12692,637,1,110.95,110.95,36.0,13,1,1.0,30.0,0.3611111111111111,1
12693,127,7,1703.02,243.28857142857143,76.57142857142857,63,396,56.57142857142857,0.5303030303030303,0.11753731343283583,1
12694,70,3,1843.35,614.4499999999999,451.6666666666667,69,351,117.0,0.25641025641025644,0.05092250922509225,0
12695,7,7,1407.1200000000001,201.0171428571429,64.85714285714286,46,659,94.14285714285714,0.31866464339908956,0.1013215859030837,0
12696,435,2,851.91,425.955,282.0,43,75,37.5,0.8,0.07624113475177305,1
12697,29,3,957.59,319.19666666666666,169.33333333333334,37,141,47.0,0.6382978723404255,0.07283464566929133,0
12698,590,1,339.75,339.75,111.0,16,1,1.0,30.0,0.14414414414414414,1
12699,418,1,638.11,638.11,373.0,41,1,1.0,30.0,0.10991957104557641,1
12700,8,4,4939.99,1234.9975,741.75,193,208,52.0,0.5769230769230769,0.06504887091338052,0
12701,80,6,2446.41,407.73499999999996,287.8333333333333,118,554,92.33333333333333,0.3249097472924188,0.06832657788071801,0
12702,20,1,219.0,219.0,53.0,12,1,1.0,30.0,0.22641509433962265,0
12703,71,4,1006.53,251.6325,148.75,56,614,153.5,0.19543973941368079,0.09411764705882353,0
12704,7,8,2340.84,292.605,125.75,64,163,20.375,1.4723926380368098,0.0636182902584493,0
12705,15,14,11762.1,840.15,513.4285714285714,320,519,37.07142857142857,0.8092485549132947,0.044518642181413465,0
12707,292,1,603.42,603.42,256.0,33,1,1.0,30.0,0.12890625,1
12708,30,18,5117.66,284.31444444444446,135.11111111111111,130,692,38.44444444444444,0.7803468208092486,0.05345394736842105,0
12709,15,34,30291.76,890.9341176470588,405.05882352941177,189,716,21.058823529411764,1.4245810055865922,0.013723496950334011,0
12710,97,3,1149.02,383.00666666666666,283.6666666666667,75,105,35.0,0.8571428571428571,0.0881316098707403,1
12711,612,2,1339.05,669.525,385.0,56,66,33.0,0.9090909090909091,0.07272727272727272,1
12712,29,21,6723.03,320.14428571428573,105.0,126,702,33.42857142857143,0.8974358974358975,0.05714285714285714,0
12713,1,1,848.55,848.55,508.0,38,1,1.0,30.0,0.07480314960629922,0
12714,9,12,14093.71,1174.4758333333332,731.1666666666666,436,727,60.583333333333336,0.4951856946354883,0.04969227262366081,0
12715,106,1,343.36,343.36,192.0,20,1,1.0,30.0,0.10416666666666667,1
12716,4,2,1053.49,526.745,354.0,60,130,65.0,0.46153846153846156,0.0847457627118644,0
12717,151,3,1308.91,436.30333333333334,200.0,60,440,146.66666666666666,0.20454545454545456,0.1,1
12718,71,1,238.25,238.25,203.0,19,1,1.0,30.0,0.09359605911330049,0
12719,5,2,644.95,322.475,187.0,34,60,30.0,1.0,0.09090909090909091,0
12720,3,30,7787.28,259.57599999999996,200.6,262,504,16.8,1.7857142857142856,0.04353605849119309,0
12721,32,8,4013.08,501.635,331.875,183,441,55.125,0.54421768707483,0.06892655367231638,0
12722,85,4,997.63,249.4075,141.5,50,66,16.5,1.8181818181818181,0.08833922261484099,0
12723,4,5,725.07,145.014,86.8,53,62,12.4,2.419354838709677,0.12211981566820276,0
12724,5,7,2317.52,331.07428571428574,197.0,94,531,75.85714285714286,0.3954802259887006,0.0681653372008702,0
12725,371,4,2266.76,566.69,285.5,92,214,53.5,0.5607476635514018,0.08056042031523643,1
12726,28,11,4014.6,364.96363636363634,419.8181818181818,63,596,54.18181818181818,0.5536912751677853,0.01364226938068428,0
12727,11,10,5679.53,567.953,283.2,132,645,64.5,0.46511627906976744,0.046610169491525424,0
12728,71,5,1070.17,214.03400000000002,108.6,48,313,62.6,0.4792332268370607,0.08839779005524862,0
12729,114,1,453.01,453.01,233.0,26,1,1.0,30.0,0.11158798283261803,1
12730,522,1,829.25,829.25,234.0,47,1,1.0,30.0,0.20085470085470086,1
12731,24,17,25775.71,1516.2182352941177,684.7647058823529,137,625,36.76470588235294,0.8160000000000001,0.011768748389313632,0
12732,180,1,236.26000000000002,236.26000000000002,111.0,12,1,1.0,30.0,0.10810810810810811,1
12733,234,4,2424.87,606.2175,224.0,117,456,114.0,0.2631578947368421,0.13058035714285715,1
12734,353,3,639.65,213.21666666666667,88.33333333333333,17,40,13.333333333333334,2.25,0.06415094339622641,1
12735,315,2,779.5699999999999,389.78499999999997,184.0,38,22,11.0,2.7272727272727275,0.10326086956521739,1
12736,333,1,234.0,234.0,173.0,4,1,1.0,30.0,0.023121387283236993,1
12737,499,2,3710.5,1855.25,1.0,2,1,0.5,60.0,1.0,1
12738,372,1,155.35,155.35,148.0,11,1,1.0,30.0,0.07432432432432433,1
12739,78,4,2726.73,681.6825,237.75,85,316,79.0,0.379746835443038,0.08937960042060988,0
12740,64,1,427.6,427.6,342.0,27,1,1.0,30.0,0.07894736842105263,0
12741,529,2,406.07,203.035,107.0,16,4,2.0,15.0,0.07476635514018691,1
12742,626,1,1201.52,1201.52,1359.0,67,1,1.0,30.0,0.049300956585724795,1
12743,134,2,540.13,270.065,157.5,114,1,0.5,60.0,0.3619047619047619,1
12744,52,11,25317.06,2301.550909090909,635.8181818181819,245,540,49.09090909090909,0.6111111111111112,0.03503002573634544,0
12745,487,3,925.41,308.46999999999997,156.0,21,196,65.33333333333333,0.45918367346938777,0.04487179487179487,1
12746,541,1,254.55,254.55,97.0,17,1,1.0,30.0,0.17525773195876287,1
12747,2,26,8898.48,342.24923076923073,101.53846153846153,85,731,28.115384615384617,1.06703146374829,0.032196969696969696,0
12748,1,336,53539.64,159.34416666666667,110.44345238095238,2286,735,2.1875,13.714285714285714,0.06160230671804683,0
12749,4,9,6897.36,766.3733333333333,262.22222222222223,260,518,57.55555555555556,0.5212355212355213,0.11016949152542373,0
12750,129,1,275.88,275.88,137.0,15,1,1.0,30.0,0.10948905109489052,1
12751,445,1,268.27,268.27,189.0,61,1,1.0,30.0,0.32275132275132273,1
12752,81,1,4366.78,4366.78,2262.0,53,1,1.0,30.0,0.023430592396109638,0
12753,23,6,21429.39,3571.565,1903.5,132,340,56.666666666666664,0.5294117647058824,0.01155765694772787,0
12754,236,3,3010.74,1003.5799999999999,2160.3333333333335,49,73,24.333333333333332,1.2328767123287672,0.007560561641721956,1
12755,281,11,5236.259999999999,476.0236363636363,208.45454545454547,34,414,37.63636363636363,0.7971014492753623,0.014827736589620584,1
12756,87,1,112.07999999999998,112.07999999999998,144.0,4,1,1.0,30.0,0.027777777777777776,0
12757,16,13,7834.650000000001,602.6653846153847,184.23076923076923,237,196,15.076923076923077,1.989795918367347,0.09895615866388309,0
12758,117,7,9903.24,1414.7485714285715,879.2857142857143,187,622,88.85714285714286,0.337620578778135,0.030381803411860277,1
12759,52,8,5020.74,627.5925,400.25,206,684,85.5,0.3508771929824561,0.06433479075577764,0
12760,456,1,347.8,347.8,198.0,21,1,1.0,30.0,0.10606060606060606,1
12761,458,2,782.95,391.475,140.5,27,8,4.0,7.5,0.09608540925266904,1
12762,8,2,1898.52,949.26,613.5,62,18,9.0,3.3333333333333335,0.05052974735126324,0
12763,138,2,494.08,247.04,158.0,16,231,115.5,0.2597402597402597,0.05063291139240506,1
12764,317,1,1693.88,1693.88,386.0,45,1,1.0,30.0,0.11658031088082901,1
12765,472,6,1404.58,234.09666666666666,168.16666666666666,49,170,28.333333333333332,1.0588235294117647,0.048562933597621406,1
12766,4,9,8918.99,990.9988888888888,558.0,253,404,44.888888888888886,0.6683168316831684,0.050378335324571887,0
12767,376,1,949.82,949.82,598.0,43,1,1.0,30.0,0.07190635451505016,1
12768,451,1,168.69000000000003,168.69000000000003,102.0,10,1,1.0,30.0,0.09803921568627451,1
12769,239,1,1143.6,1143.6,356.0,32,1,1.0,30.0,0.0898876404494382,1
12770,211,2,3246.45,1623.225,921.5,19,246,123.0,0.24390243902439027,0.010309278350515464,1
12771,486,1,282.3,282.3,104.0,15,1,1.0,30.0,0.14423076923076922,1
12772,60,1,892.47,892.47,556.0,55,1,1.0,30.0,0.09892086330935251,0
12773,564,1,124.25,124.25,109.0,6,1,1.0,30.0,0.05504587155963303,1
12774,536,1,98.7,98.7,53.0,6,1,1.0,30.0,0.11320754716981132,1
12775,17,7,1686.12,240.8742857142857,154.71428571428572,55,393,56.142857142857146,0.5343511450381679,0.050784856879039705,0
12776,668,1,55.5,55.5,46.0,4,1,1.0,30.0,0.08695652173913043,1
12777,458,1,519.45,519.45,458.0,26,1,1.0,30.0,0.056768558951965066,1
12778,20,9,1775.68,197.29777777777778,192.77777777777777,77,584,64.88888888888889,0.4623287671232877,0.04438040345821326,0
12779,38,14,6474.11,462.43642857142856,250.07142857142858,142,700,50.0,0.6,0.04055984004570123,0
12780,599,1,337.4,337.4,285.0,20,1,1.0,30.0,0.07017543859649122,1
12781,64,2,826.74,413.37,335.5,25,222,111.0,0.27027027027027023,0.037257824143070044,0
12782,5,11,4618.24,419.84,183.36363636363637,142,515,46.81818181818182,0.6407766990291262,0.07040158651462568,0
12783,2,6,2225.91,370.98499999999996,104.0,76,74,12.333333333333334,2.4324324324324325,0.12179487179487179,0
12784,9,3,1763.15,587.7166666666667,287.3333333333333,121,521,173.66666666666666,0.1727447216890595,0.14037122969837587,0
12785,364,3,1100.4,366.8,151.0,42,367,122.33333333333333,0.2452316076294278,0.09271523178807947,1
12786,610,1,728.5,728.5,324.0,18,1,1.0,30.0,0.05555555555555555,1
12787,10,4,862.18,215.545,127.5,30,404,101.0,0.297029702970297,0.058823529411764705,0
12788,463,4,444.9,111.225,48.5,20,66,16.5,1.8181818181818181,0.10309278350515463,1
12789,65,3,273.35,91.11666666666667,12.0,5,629,209.66666666666666,0.14308426073131958,0.1388888888888889,0
12790,192,2,591.85,295.925,153.0,36,219,109.5,0.273972602739726,0.11764705882352941,1
12791,374,6,863.51,143.91833333333332,58.833333333333336,17,251,41.833333333333336,0.7171314741035856,0.04815864022662889,1
12792,257,2,827.01,413.505,197.0,39,279,139.5,0.2150537634408602,0.09898477157360407,1
12793,335,3,885.53,295.1766666666667,153.66666666666666,34,67,22.333333333333332,1.3432835820895521,0.0737527114967462,1
12794,53,2,860.41,430.205,296.0,43,46,23.0,1.3043478260869565,0.07263513513513513,0
12795,19,1,430.48,430.48,68.0,14,1,1.0,30.0,0.20588235294117646,0
12796,628,1,381.0,381.0,182.0,7,1,1.0,30.0,0.038461538461538464,1
12797,366,2,552.08,276.04,107.5,27,59,29.5,1.0169491525423728,0.12558139534883722,1
12798,10,4,8510.93,2127.7325,2113.75,27,412,103.0,0.29126213592233013,0.00319337670017741,0
12799,529,1,219.35,219.35,137.0,15,1,1.0,30.0,0.10948905109489052,1
12800,470,3,584.25,194.75,94.66666666666667,31,207,69.0,0.43478260869565216,0.10915492957746478,1
12801,501,1,1071.82,1071.82,505.0,50,1,1.0,30.0,0.09900990099009901,1
12802,187,7,2416.42,345.20285714285717,281.7142857142857,108,378,54.0,0.5555555555555556,0.05476673427991886,1
12803,393,1,1092.81,1092.81,872.0,55,1,1.0,30.0,0.06307339449541284,1
12804,466,2,325.37,162.685,135.0,60,35,17.5,1.7142857142857142,0.2222222222222222,1
12805,382,4,1434.95,358.7375,148.25,44,294,73.5,0.4081632653061224,0.07419898819561552,1
12806,435,4,2878.96,719.74,521.75,58,154,38.5,0.7792207792207791,0.027791087685673215,1
12807,383,1,330.35,330.35,145.0,16,1,1.0,30.0,0.1103448275862069,1
12808,37,5,776.7,155.34,64.4,46,426,85.2,0.35211267605633806,0.14285714285714285,0
12809,178,3,1755.94,585.3133333333334,172.66666666666666,75,470,156.66666666666666,0.19148936170212766,0.14478764478764478,1
12810,535,2,534.99,267.495,194.5,32,143,71.5,0.4195804195804196,0.08226221079691516,1
12811,261,5,1033.9,206.78000000000003,87.0,47,167,33.4,0.8982035928143713,0.10804597701149425,1
12812,45,1,229.64000000000001,229.64000000000001,164.0,15,1,1.0,30.0,0.09146341463414634,0
12813,502,3,1687.8,562.6,380.3333333333333,37,192,64.0,0.46875,0.03242769500438212,1
12814,102,1,125.92,125.92,49.0,2,1,1.0,30.0,0.04081632653061224,1
12815,148,2,1063.46,531.73,189.5,38,51,25.5,1.1764705882352942,0.10026385224274406,1
12816,96,2,572.2,286.1,64.0,27,81,40.5,0.7407407407407407,0.2109375,1
12817,281,3,690.98,230.32666666666668,73.0,16,154,51.333333333333336,0.5844155844155844,0.0730593607305936,1
12818,262,1,1542.08,1542.08,929.0,14,1,1.0,30.0,0.015069967707212056,1
12819,458,1,540.52,540.52,344.0,19,1,1.0,30.0,0.055232558139534885,1
12820,3,11,2689.52,244.50181818181818,178.54545454545453,131,732,66.54545454545455,0.45081967213114754,0.06670061099796334,0
12821,214,2,220.8,110.4,81.0,13,398,199.0,0.1507537688442211,0.08024691358024691,1
12822,71,2,948.88,474.44,275.0,41,17,8.5,3.5294117647058822,0.07454545454545454,0
12823,75,18,6501.5,361.19444444444446,51.666666666666664,1,605,33.611111111111114,0.8925619834710743,0.001075268817204301,0
12824,60,1,397.12,397.12,232.0,25,1,1.0,30.0,0.10775862068965517,0
12825,521,2,518.63,259.315,69.5,20,121,60.5,0.49586776859504134,0.14388489208633093,1
12826,3,12,2800.75,233.39583333333334,159.58333333333334,93,719,59.916666666666664,0.5006954102920723,0.04856396866840731,0
12827,6,3,430.15000000000003,143.38333333333335,65.66666666666667,19,39,13.0,2.3076923076923075,0.09644670050761421,0
12828,3,6,1018.71,169.785,82.33333333333333,46,128,21.333333333333332,1.40625,0.0931174089068826,0
12829,337,3,385.3,128.43333333333334,183.33333333333334,17,214,71.33333333333333,0.4205607476635514,0.03090909090909091,1
12830,38,6,6814.64,1135.7733333333333,1641.3333333333333,13,135,22.5,1.3333333333333333,0.0013200649878147847,0
12831,262,3,451.11,150.37,101.0,16,201,67.0,0.44776119402985076,0.052805280528052806,1
12832,32,2,383.03,191.515,97.5,27,66,33.0,0.9090909090909091,0.13846153846153847,0
12833,145,1,417.38,417.38,156.0,24,1,1.0,30.0,0.15384615384615385,1
12834,283,1,312.38,312.38,110.0,18,1,1.0,30.0,0.16363636363636364,1
12835,428,41,5996.83,146.2641463414634,57.292682926829265,138,309,7.536585365853658,3.9805825242718442,0.05874840357598978,1
12836,59,15,6559.7300000000005,437.31533333333334,148.73333333333332,280,680,45.333333333333336,0.6617647058823529,0.12550425818018826,0
12837,173,2,662.66,331.33,97.0,83,397,198.5,0.15113350125944586,0.42783505154639173,1
12838,34,10,2975.91,297.591,160.6,230,560,56.0,0.5357142857142857,0.1432129514321295,0
12839,3,26,9669.12,371.8892307692308,253.0,156,731,28.115384615384617,1.06703146374829,0.023715415019762844,0
12840,144,7,4041.97,577.4242857142857,322.57142857142856,109,531,75.85714285714286,0.3954802259887006,0.04827280779450841,1
12841,5,40,6958.2,173.95499999999998,125.2,307,515,12.875,2.3300970873786406,0.06130191693290735,0
12842,70,4,1917.99,479.4975,221.75,45,668,167.0,0.17964071856287425,0.05073280721533258,0
12843,66,30,6583.36,219.4453333333333,100.93333333333334,130,662,22.066666666666666,1.3595166163141994,0.042932628797886396,0
12844,29,4,648.6,162.15,55.75,88,565,141.25,0.21238938053097348,0.39461883408071746,0
12845,267,4,354.09,88.5225,51.0,26,23,5.75,5.217391304347826,0.12745098039215685,1
12846,682,1,15.58,15.58,1.0,1,1,1.0,30.0,1.0,1
12847,22,2,1609.0,804.5,748.5,100,366,183.0,0.1639344262295082,0.06680026720106881,0
12848,676,1,208.0,208.0,58.0,16,1,1.0,30.0,0.27586206896551724,1
12849,31,6,3042.47,507.0783333333333,309.1666666666667,123,560,93.33333333333333,0.3214285714285714,0.06630727762803235,0
12850,446,1,330.0,330.0,200.0,2,1,1.0,30.0,0.01,1
12851,97,2,280.76,140.38,78.5,71,381,190.5,0.15748031496062992,0.45222929936305734,1
12852,295,1,311.55,311.55,149.0,17,1,1.0,30.0,0.11409395973154363,1
12853,135,11,3907.5,355.22727272727275,151.63636363636363,111,538,48.90909090909091,0.6133828996282528,0.06654676258992806,1
12854,79,7,2970.9700000000003,424.42428571428576,232.85714285714286,188,650,92.85714285714286,0.32307692307692304,0.11533742331288344,0
12855,373,4,612.84,153.21,60.0,65,30,7.5,4.0,0.2708333333333333,1
12856,8,6,2170.78,361.7966666666667,179.33333333333334,155,56,9.333333333333334,3.2142857142857144,0.14405204460966542,0
12857,211,6,3688.0,614.6666666666666,236.66666666666666,71,473,78.83333333333333,0.38054968287526425,0.05,1
12858,383,1,147.27,147.27,51.0,36,1,1.0,30.0,0.7058823529411765,1
12859,459,1,575.1,575.1,292.0,21,1,1.0,30.0,0.07191780821917808,1
12860,693,1,54.22,54.22,26.0,16,1,1.0,30.0,0.6153846153846154,1
12861,620,1,68.25,68.25,27.0,4,1,1.0,30.0,0.14814814814814814,1
12862,426,2,984.62,492.31,305.5,119,70,35.0,0.8571428571428571,0.19476268412438624,1
12863,52,6,2792.5499999999997,465.42499999999995,149.16666666666666,24,538,89.66666666666667,0.3345724907063197,0.026815642458100558,0
12864,138,2,299.57,149.785,223.5,5,370,185.0,0.16216216216216214,0.011185682326621925,1
12865,26,4,3323.47,830.8675,493.25,156,451,112.75,0.2660753880266075,0.07906741003547897,0
12866,283,3,1227.35,409.1166666666666,184.33333333333334,58,220,73.33333333333333,0.4090909090909091,0.10488245931283906,1
12867,26,13,7829.26,602.2507692307693,605.8461538461538,365,697,53.61538461538461,0.5595408895265424,0.04634332148298629,0
12868,186,8,2043.76,255.47,146.25,86,208,26.0,1.1538461538461537,0.0735042735042735,1
12869,682,1,337.66999999999996,337.66999999999996,144.0,35,1,1.0,30.0,0.24305555555555555,1
12870,375,3,1676.95,558.9833333333333,302.0,85,249,83.0,0.36144578313253006,0.09381898454746136,1
12871,84,3,744.02,248.00666666666666,161.33333333333334,13,356,118.66666666666667,0.25280898876404495,0.026859504132231406,0
12872,327,12,3283.96,273.66333333333336,136.83333333333334,217,410,34.166666666666664,0.8780487804878049,0.13215590742996347,1
12873,282,3,2027.3,675.7666666666667,262.0,33,400,133.33333333333334,0.22499999999999998,0.04198473282442748,1
12874,385,2,948.42,474.21,311.5,44,170,85.0,0.3529411764705882,0.07062600321027288,1
12875,143,5,1356.99,271.398,1037.4,2,555,111.0,0.2702702702702703,0.000385579332947754,1
12876,58,4,4081.79,1020.4475,761.75,117,533,133.25,0.22514071294559101,0.03839842468001313,0
12877,4,20,2942.14,147.107,111.85,149,688,34.4,0.872093023255814,0.06660706303084488,0
12878,236,2,854.99,427.495,273.5,38,30,15.0,2.0,0.06946983546617916,1
12879,45,3,573.22,191.07333333333335,123.33333333333333,7,48,16.0,1.875,0.01891891891891892,0
12880,382,2,640.13,320.065,139.5,32,193,96.5,0.31088082901554404,0.11469534050179211,1
12881,276,1,298.0,298.0,21.0,7,1,1.0,30.0,0.3333333333333333,1
12882,9,2,1463.04,731.52,123.0,12,25,12.5,2.4,0.04878048780487805,0
12883,25,4,703.47,175.8675,49.0,39,65,16.25,1.8461538461538463,0.1989795918367347,0
12884,88,1,309.05,309.05,43.0,7,1,1.0,30.0,0.16279069767441862,0
12885,63,3,1175.22,391.74,218.33333333333334,66,61,20.333333333333332,1.4754098360655739,0.10076335877862595,0
12886,68,2,1378.4,689.2,385.0,75,152,76.0,0.39473684210526316,0.09740259740259741,0
12887,384,1,222.4,222.4,100.0,13,1,1.0,30.0,0.13,1
12888,214,2,354.12,177.06,38.0,4,42,21.0,1.4285714285714286,0.05263157894736842,1
12889,381,4,385.46000000000004,96.36500000000001,31.0,25,122,30.5,0.9836065573770493,0.20161290322580644,1
12890,24,2,706.02,353.01,228.5,124,364,182.0,0.16483516483516483,0.2713347921225383,0
12891,186,11,840.5,76.4090909090909,211.36363636363637,2,474,43.09090909090909,0.6962025316455696,0.0008602150537634409,1
12892,397,1,263.38,263.38,140.0,18,1,1.0,30.0,0.12857142857142856,1
12893,31,1,176.55,176.55,90.0,27,1,1.0,30.0,0.3,0
12894,575,1,157.35,157.35,33.0,21,1,1.0,30.0,0.6363636363636364,1
12895,42,2,372.8,186.4,105.0,22,45,22.5,1.3333333333333333,0.10476190476190476,0
12897,205,4,514.25,128.5625,62.25,10,340,85.0,0.3529411764705882,0.040160642570281124,1
12898,464,2,296.21000000000004,148.10500000000002,117.5,27,196,98.0,0.30612244897959184,0.1148936170212766,1
12899,414,1,366.4,366.4,108.0,17,1,1.0,30.0,0.1574074074074074,1
12900,422,1,340.33,340.33,139.0,13,1,1.0,30.0,0.09352517985611511,1
12901,9,28,17654.54,630.5192857142857,824.1071428571429,30,262,9.357142857142858,3.206106870229008,0.0013001083423618636,0
12902,265,1,138.68,138.68,66.0,10,1,1.0,30.0,0.15151515151515152,1
12903,429,1,833.53,833.53,493.0,41,1,1.0,30.0,0.08316430020283976,1
12904,18,2,496.06,248.03,147.0,59,155,77.5,0.3870967741935484,0.20068027210884354,0
12905,577,2,1018.42,509.21,266.0,52,106,53.0,0.5660377358490566,0.09774436090225563,1
12906,12,5,2919.81,583.962,349.8,55,67,13.4,2.2388059701492535,0.031446540880503145,0
12907,396,2,508.91,254.455,88.5,23,99,49.5,0.6060606060606061,0.12994350282485875,1
12908,176,5,1776.0,355.2,600.0,1,454,90.8,0.3303964757709251,0.0003333333333333333,1
12909,40,8,3103.19,387.89875,243.5,120,615,76.875,0.3902439024390244,0.061601642710472276,0
12910,23,13,5796.52,445.8861538461539,279.38461538461536,75,599,46.07692307692308,0.651085141903172,0.02064977973568282,0
12911,552,1,1651.72,1651.72,807.0,220,1,1.0,30.0,0.27261462205700127,1
12912,3,5,1662.3,332.46,134.0,17,38,7.6,3.947368421052632,0.025373134328358207,0
12913,5,13,6283.24,483.32615384615383,237.3846153846154,52,734,56.46153846153846,0.5313351498637603,0.016850291639662993,0
12914,401,1,223.98,223.98,336.0,9,1,1.0,30.0,0.026785714285714284,1
12915,149,4,975.1,243.775,102.75,46,441,110.25,0.272108843537415,0.11192214111922141,1
12916,139,7,4479.73,639.9614285714285,240.14285714285714,82,546,78.0,0.38461538461538464,0.04878048780487805,1
12917,128,6,4359.2,726.5333333333333,184.0,45,603,100.5,0.29850746268656714,0.04076086956521739,1
12918,626,1,10953.5,10953.5,1.0,1,1,1.0,30.0,1.0,1
12919,8,6,1335.19,222.53166666666667,112.16666666666667,34,162,27.0,1.111111111111111,0.05052005943536404,0
12920,17,4,486.64,121.66,105.0,59,708,177.0,0.1694915254237288,0.14047619047619048,0
12921,9,74,35233.24,476.12486486486483,288.2162162162162,322,730,9.864864864864865,3.041095890410959,0.015097524381095274,0
12922,161,1,405.38,405.38,370.0,28,1,1.0,30.0,0.07567567567567568,1
12923,64,3,770.42,256.8066666666667,76.66666666666667,54,512,170.66666666666666,0.17578125,0.23478260869565218,0
12924,88,12,2469.4,205.78333333333333,118.58333333333333,56,643,53.583333333333336,0.5598755832037325,0.03935347856640899,0
12925,5,3,729.3299999999999,243.10999999999999,216.33333333333334,46,589,196.33333333333334,0.15280135823429541,0.07087827426810478,0
12926,411,4,1523.97,380.9925,188.5,202,315,78.75,0.38095238095238093,0.26790450928381965,1
12927,395,1,197.31,197.31,145.0,11,1,1.0,30.0,0.07586206896551724,1
12928,35,12,4304.89,358.74083333333334,241.58333333333334,94,515,42.916666666666664,0.6990291262135921,0.032424974129010006,0
12929,312,1,117.85,117.85,37.0,8,1,1.0,30.0,0.21621621621621623,1
12930,78,2,415.8,207.9,126.0,20,94,47.0,0.6382978723404256,0.07936507936507936,0
12931,22,57,92347.34,1620.1287719298246,1103.6140350877192,37,718,12.596491228070175,2.381615598885794,0.0005881791879947858,0
12932,539,8,1698.56,212.32,201.125,69,129,16.125,1.8604651162790697,0.04288377874456184,1
12933,24,8,1636.6299999999999,204.57874999999999,118.625,227,705,88.125,0.3404255319148936,0.23919915700737618,0
12934,737,1,181.65,181.65,31.0,2,1,1.0,30.0,0.06451612903225806,1
12935,2,15,4243.86,282.924,213.4,113,606,40.4,0.7425742574257426,0.035301468291159016,0
12936,17,4,1063.9,265.975,139.75,56,62,15.5,1.9354838709677418,0.1001788908765653,0
12937,15,9,3097.61,344.1788888888889,220.33333333333334,128,721,80.11111111111111,0.37447988904299584,0.06454866364094806,0
12938,26,1,114.14,114.14,140.0,9,1,1.0,30.0,0.06428571428571428,0
12939,64,20,25264.8,1263.24,516.4,24,633,31.65,0.947867298578199,0.0023237800154918666,0
12940,55,2,899.69,449.845,202.0,87,34,17.0,1.7647058823529411,0.21534653465346534,0
12941,724,1,377.49,377.49,381.0,27,1,1.0,30.0,0.07086614173228346,1
12942,131,3,675.6,225.20000000000002,66.0,68,235,78.33333333333333,0.3829787234042553,0.3434343434343434,1
12943,558,2,496.5,248.25,111.0,22,48,24.0,1.25,0.0990990990990991,1
12944,36,2,604.51,302.255,144.5,29,320,160.0,0.1875,0.10034602076124567,0
12945,288,2,900.11,450.055,223.0,47,368,184.0,0.16304347826086957,0.10538116591928251,1
12946,437,1,324.45,324.45,149.0,20,1,1.0,30.0,0.1342281879194631,1
12947,144,6,1603.99,267.33166666666665,194.16666666666666,83,230,38.333333333333336,0.7826086956521738,0.07124463519313305,1
12948,16,9,2317.43,257.4922222222222,144.88888888888889,89,722,80.22222222222223,0.3739612188365651,0.06825153374233128,0
12949,31,22,15526.7,705.7590909090909,374.22727272727275,347,706,32.09090909090909,0.9348441926345609,0.042147455362565284,0
12950,2,3,1843.0,614.3333333333334,460.0,13,22,7.333333333333333,4.090909090909091,0.009420289855072464,0
12951,9,15,3213.7200000000003,214.24800000000002,110.8,110,690,46.0,0.6521739130434783,0.06618531889290012,0
12952,6,4,1387.79,346.9475,163.25,64,73,18.25,1.6438356164383563,0.09800918836140889,0
12953,10,2,828.8100000000001,414.40500000000003,182.0,45,513,256.5,0.11695906432748537,0.12362637362637363,0
12954,639,1,162.45,162.45,83.0,10,1,1.0,30.0,0.12048192771084337,1
12955,1,11,4757.16,432.4690909090909,333.09090909090907,81,267,24.272727272727273,1.2359550561797752,0.02210698689956332,0
12956,306,4,521.89,130.4725,85.0,42,418,104.5,0.28708133971291866,0.12352941176470589,1
12957,10,13,8706.97,669.766923076923,360.46153846153845,402,719,55.30769230769231,0.5424200278164117,0.08578745198463508,0
12958,400,2,467.34,233.67,59.0,45,183,91.5,0.3278688524590164,0.3813559322033898,1
12959,484,1,150.95,150.95,109.0,8,1,1.0,30.0,0.07339449541284404,1
12960,414,4,1322.07,330.5175,344.75,49,248,62.0,0.48387096774193544,0.03553299492385787,1
12961,379,1,211.99,211.99,180.0,37,1,1.0,30.0,0.20555555555555555,1
12962,7,2,266.39,133.195,64.5,15,107,53.5,0.5607476635514018,0.11627906976744186,0
12963,8,12,3235.79,269.64916666666664,136.41666666666666,129,511,42.583333333333336,0.7045009784735812,0.07880268784361637,0
12964,437,1,132.24,132.24,56.0,26,1,1.0,30.0,0.4642857142857143,1
12965,89,1,769.8100000000001,769.8100000000001,282.0,108,1,1.0,30.0,0.3829787234042553,0
12966,10,1,160.18,160.18,75.0,10,1,1.0,30.0,0.13333333333333333,0
12967,358,3,2938.52,979.5066666666667,304.0,47,26,8.666666666666666,3.4615384615384612,0.051535087719298246,1
12968,112,1,135.95,135.95,73.0,5,1,1.0,30.0,0.0684931506849315,1
12969,603,1,122.45,122.45,55.0,5,1,1.0,30.0,0.09090909090909091,1
12970,7,10,1453.6,145.35999999999999,95.4,280,729,72.9,0.411522633744856,0.29350104821802936,0
12971,4,116,15704.6,135.3844827586207,123.32758620689656,102,721,6.2155172413793105,4.826629680998613,0.0071298755766811125,0
12972,414,4,1161.2,290.3,211.0,69,248,62.0,0.48387096774193544,0.08175355450236967,1
12973,414,1,385.55,385.55,31.0,6,1,1.0,30.0,0.1935483870967742,1
12974,198,2,408.95,204.475,52.0,27,368,184.0,0.16304347826086957,0.25961538461538464,1
12975,437,6,2100.09,350.01500000000004,151.83333333333334,92,297,49.5,0.6060606060606061,0.10098792535675083,1
12976,212,8,3156.38,394.5475,335.5,106,454,56.75,0.5286343612334802,0.039493293591654245,1
12977,156,4,513.88,128.47,32.0,54,356,89.0,0.33707865168539325,0.421875,1
12978,385,5,2502.82,500.564,278.8,126,345,69.0,0.43478260869565216,0.09038737446197992,1
12979,729,1,517.7,517.7,520.0,56,1,1.0,30.0,0.1076923076923077,1
12980,158,21,16245.78,773.6085714285715,90.95238095238095,7,580,27.61904761904762,1.0862068965517242,0.0036649214659685864,1
12981,30,2,372.21999999999997,186.10999999999999,121.0,12,104,52.0,0.5769230769230769,0.049586776859504134,0
12982,243,8,2744.81,343.10125,216.125,139,364,45.5,0.6593406593406593,0.0803932909196067,1
12983,598,1,490.08000000000004,490.08000000000004,638.0,30,1,1.0,30.0,0.047021943573667714,1
12984,19,1,97.5,97.5,26.0,4,1,1.0,30.0,0.15384615384615385,0
12985,1,2,1239.38,619.69,766.5,73,28,14.0,2.142857142857143,0.047619047619047616,0
12986,429,10,2729.84,272.98400000000004,116.4,61,260,26.0,1.153846153846154,0.05240549828178694,1
12987,74,5,1312.21,262.442,117.0,61,616,123.2,0.24350649350649348,0.10427350427350428,0
12988,292,1,505.82,505.82,126.0,75,1,1.0,30.0,0.5952380952380952,1
12989,3,33,13551.75,410.65909090909093,210.15151515151516,50,727,22.03030303030303,1.361760660247593,0.007209805335255948,0
12990,31,7,955.5,136.5,68.57142857142857,9,589,84.14285714285714,0.35653650254668934,0.01875,0
12991,23,3,764.82,254.94000000000003,161.0,45,367,122.33333333333333,0.2452316076294278,0.09316770186335403,0
12992,725,1,93.35000000000001,93.35000000000001,21.0,6,1,1.0,30.0,0.2857142857142857,1
12993,23,8,1259.6299999999999,157.45374999999999,93.875,57,637,79.625,0.3767660910518053,0.0758988015978695,0
12994,4,3,974.4200000000001,324.8066666666667,153.0,52,265,88.33333333333333,0.33962264150943394,0.11328976034858387,0
12995,85,1,211.32,211.32,108.0,3,1,1.0,30.0,0.027777777777777776,0
12996,376,1,355.5,355.5,122.0,22,1,1.0,30.0,0.18032786885245902,1
12997,22,8,2110.91,263.86375,148.25,65,591,73.875,0.40609137055837563,0.05480607082630692,0
12998,493,3,920.08,306.6933333333333,374.6666666666667,58,161,53.666666666666664,0.5590062111801243,0.051601423487544484,1
12999,196,3,455.88,151.96,114.0,25,50,16.666666666666668,1.7999999999999998,0.07309941520467836,1
13000,107,4,1032.5,258.125,137.0,57,619,154.75,0.1938610662358643,0.10401459854014598,1
13001,4,33,24042.65,728.5651515151516,407.5151515151515,300,732,22.181818181818183,1.3524590163934427,0.022308149910767402,0
13002,318,3,414.13,138.04333333333332,67.0,19,117,39.0,0.7692307692307693,0.0945273631840796,1
13003,106,3,149.05,49.68333333333334,34.333333333333336,4,110,36.666666666666664,0.8181818181818182,0.038834951456310676,1
13004,12,36,11650.85,323.63472222222225,243.55555555555554,417,714,19.833333333333332,1.5126050420168067,0.04755930656934307,0
13005,174,4,999.68,249.92,115.5,41,284,71.0,0.4225352112676056,0.08874458874458875,1
13006,56,1,81.57,81.57,55.0,4,1,1.0,30.0,0.07272727272727272,0
13007,580,1,175.25,175.25,59.0,11,1,1.0,30.0,0.1864406779661017,1
13008,323,3,612.13,204.04333333333332,126.33333333333333,31,400,133.33333333333334,0.22499999999999998,0.08179419525065963,1
13009,673,1,234.0,234.0,120.0,4,1,1.0,30.0,0.03333333333333333,1
13010,374,2,330.12,165.06,161.5,10,275,137.5,0.2181818181818182,0.030959752321981424,1
13011,372,1,50.550000000000004,50.550000000000004,13.0,3,1,1.0,30.0,0.23076923076923078,1
13012,9,11,2957.83,268.89363636363635,141.72727272727272,95,583,53.0,0.5660377358490566,0.06093649775497113,0
13013,1,29,11097.43,382.67,195.20689655172413,289,725,25.0,1.2,0.05105105105105105,0
13014,11,11,5381.08,489.1890909090909,179.9090909090909,140,423,38.45454545454545,0.7801418439716312,0.07074279939363315,0
13015,53,11,6579.78,598.1618181818181,320.6363636363636,260,550,50.0,0.6000000000000001,0.07371703997731784,0
13016,73,3,789.89,263.2966666666667,175.66666666666666,39,50,16.666666666666668,1.7999999999999998,0.07400379506641366,0
13017,7,1,204.0,204.0,48.0,1,1,1.0,30.0,0.020833333333333332,0
13018,16,35,9763.16,278.9474285714286,192.74285714285713,401,633,18.085714285714285,1.6587677725118481,0.059442632671212574,0
13019,379,6,1229.95,204.99166666666667,66.16666666666667,46,354,59.0,0.5084745762711864,0.11586901763224182,1
13020,563,2,618.96,309.48,139.0,38,98,49.0,0.6122448979591837,0.1366906474820144,1
13021,4,17,4887.24,287.48470588235296,149.76470588235293,166,731,43.0,0.6976744186046512,0.06520031421838178,0
13022,430,1,65.3,65.3,35.0,5,1,1.0,30.0,0.14285714285714285,1
13023,64,3,1449.03,483.01,195.0,69,465,155.0,0.1935483870967742,0.11794871794871795,0
13024,471,2,555.87,277.935,90.5,26,112,56.0,0.5357142857142857,0.143646408839779,1
13025,732,1,323.39,323.39,241.0,13,1,1.0,30.0,0.05394190871369295,1
13026,1,9,1733.08,192.56444444444443,274.0,52,726,80.66666666666667,0.37190082644628103,0.021086780210867802,0
13027,114,19,17239.2,907.3263157894737,2254.7368421052633,7,575,30.263157894736842,0.9913043478260869,0.0001633986928104575,1
13028,23,2,661.3199999999999,330.65999999999997,399.0,40,23,11.5,2.608695652173913,0.05012531328320802,0
13029,31,5,1927.3,385.46,38.8,13,493,98.6,0.3042596348884381,0.06701030927835051,0
13030,11,2,752.4399999999999,376.21999999999997,174.0,76,357,178.5,0.1680672268907563,0.21839080459770116,0
13031,407,5,3292.84,658.568,461.8,275,148,29.6,1.0135135135135134,0.11909917713295799,1
13032,52,9,2815.96,312.88444444444445,141.55555555555554,147,409,45.44444444444444,0.6601466992665037,0.11538461538461539,0
13033,357,2,220.55,110.275,49.0,12,73,36.5,0.8219178082191781,0.12244897959183673,1
13034,55,3,756.82,252.27333333333334,135.33333333333334,42,347,115.66666666666667,0.25936599423631124,0.10344827586206896,0
13035,74,3,1364.2,454.73333333333335,308.6666666666667,27,358,119.33333333333333,0.25139664804469275,0.029157667386609073,0
13036,685,1,307.1,307.1,38.0,6,1,1.0,30.0,0.15789473684210525,1
13037,138,12,3914.9500000000003,326.24583333333334,177.5,181,598,49.833333333333336,0.6020066889632107,0.08497652582159625,1
13038,80,3,908.46,302.82,120.0,24,211,70.33333333333333,0.4265402843601896,0.06666666666666667,0
13039,584,4,1010.73,252.6825,72.5,37,139,34.75,0.8633093525179856,0.12758620689655173,1
13040,9,2,676.99,338.495,177.5,38,25,12.5,2.4,0.10704225352112676,0
13041,451,4,799.13,199.7825,83.75,23,140,35.0,0.8571428571428571,0.06865671641791045,1
13042,598,3,1488.59,496.19666666666666,270.6666666666667,164,134,44.666666666666664,0.6716417910447761,0.2019704433497537,1
13043,273,1,516.42,516.42,254.0,13,1,1.0,30.0,0.051181102362204724,1
13044,291,11,4848.05,440.7318181818182,231.63636363636363,356,410,37.27272727272727,0.8048780487804879,0.13971742543171115,1
13045,99,3,808.92,269.64,135.0,41,388,129.33333333333334,0.23195876288659795,0.10123456790123457,1
13046,31,3,949.25,316.4166666666667,168.33333333333334,50,426,142.0,0.21126760563380284,0.09900990099009901,0
13047,32,24,8428.53,351.18875,138.66666666666666,190,693,28.875,1.0389610389610389,0.05709134615384615,0
13048,14,9,4049.13,449.90333333333336,295.6666666666667,125,668,74.22222222222223,0.4041916167664671,0.04697482149567832,0
13049,64,4,1408.24,352.06,155.0,19,337,84.25,0.3560830860534125,0.03064516129032258,0
13050,15,35,11986.52,342.47200000000004,200.42857142857142,513,710,20.285714285714285,1.4788732394366197,0.07312900926585887,0
13051,579,2,155.8,77.9,36.0,4,41,20.5,1.4634146341463414,0.05555555555555555,1
13052,212,7,3119.33,445.61857142857144,203.42857142857142,161,443,63.285714285714285,0.47404063205417607,0.11306179775280899,1
13053,622,1,127.65,127.65,47.0,17,1,1.0,30.0,0.3617021276595745,1
13055,78,4,2321.11,580.2775,455.25,145,352,88.0,0.34090909090909094,0.07962657880285558,0
13056,551,1,209.48,209.48,158.0,18,1,1.0,30.0,0.11392405063291139,1
13057,530,3,709.59,236.53,152.0,34,102,34.0,0.8823529411764706,0.07456140350877193,1
13058,25,3,271.40000000000003,90.46666666666668,17.333333333333332,5,128,42.666666666666664,0.703125,0.09615384615384616,0
13059,250,10,2291.77,229.177,86.0,155,369,36.9,0.8130081300813008,0.18023255813953487,1
13060,254,1,307.53,307.53,123.0,15,1,1.0,30.0,0.12195121951219512,1
13061,72,1,248.61,248.61,107.0,10,1,1.0,30.0,0.09345794392523364,0
13062,191,1,346.98,346.98,343.0,11,1,1.0,30.0,0.03206997084548105,1
13063,481,1,188.4,188.4,116.0,12,1,1.0,30.0,0.10344827586206896,1
13064,13,6,1666.8400000000001,277.8066666666667,111.33333333333333,58,580,96.66666666666667,0.3103448275862069,0.08682634730538923,0
13065,373,5,1055.05,211.01,76.2,49,175,35.0,0.8571428571428572,0.12860892388451445,1
13066,24,2,470.8,235.4,161.0,48,8,4.0,7.5,0.14906832298136646,0
13067,82,3,508.51,169.50333333333333,43.666666666666664,24,364,121.33333333333333,0.24725274725274726,0.183206106870229,0
13068,10,2,344.0,172.0,100.0,1,310,155.0,0.1935483870967742,0.005,0
13069,1,38,9284.45,244.32763157894738,399.2368421052632,573,543,14.289473684210526,2.0994475138121547,0.0377694285149298,0
13070,192,4,751.7,187.925,93.0,12,540,135.0,0.2222222222222222,0.03225806451612903,1
13071,612,1,129.22,129.22,30.0,12,1,1.0,30.0,0.4,1
13072,267,1,177.15,177.15,69.0,7,1,1.0,30.0,0.10144927536231885,1
13073,411,2,418.08,209.04,130.5,25,27,13.5,2.2222222222222223,0.09578544061302682,1
13074,511,4,1378.74,344.685,206.5,26,213,53.25,0.5633802816901409,0.031476997578692496,1
13075,130,1,919.61,919.61,485.0,22,1,1.0,30.0,0.04536082474226804,1
13076,458,1,135.4,135.4,44.0,9,1,1.0,30.0,0.20454545454545456,1
13077,1,11,2740.65,249.15,224.36363636363637,208,728,66.18181818181819,0.4532967032967033,0.08427876823338736,0
13078,3,57,29018.06,509.0887719298246,211.08771929824562,153,736,12.912280701754385,2.323369565217391,0.012716090425531915,0
13079,4,6,419.18,69.86333333333333,26.333333333333332,11,414,69.0,0.43478260869565216,0.06962025316455696,0
13080,179,4,280.73,70.1825,48.25,17,431,107.75,0.27842227378190254,0.08808290155440414,1
13081,12,28,56838.37,2029.9417857142857,1431.3214285714287,738,720,25.714285714285715,1.1666666666666667,0.01841455198742421,0
13082,126,21,7335.75,349.32142857142856,403.14285714285717,99,592,28.19047619047619,1.064189189189189,0.011693834160170093,1
13083,4,3,395.43,131.81,102.33333333333333,19,422,140.66666666666666,0.2132701421800948,0.06188925081433225,0
13084,492,1,122.39999999999999,122.39999999999999,144.0,2,1,1.0,30.0,0.013888888888888888,1
13085,158,8,2433.28,304.16,118.0,50,582,72.75,0.4123711340206186,0.05296610169491525,1
13086,383,1,439.33000000000004,439.33000000000004,155.0,47,1,1.0,30.0,0.3032258064516129,1
13087,726,1,313.64,313.64,86.0,15,1,1.0,30.0,0.1744186046511628,1
13088,417,1,236.11,236.11,76.0,19,1,1.0,30.0,0.25,1
13089,3,203,113416.91,558.7039901477833,290.30541871921184,857,735,3.6206896551724137,8.285714285714286,0.014542184212312495,0
13090,9,24,13091.74,545.4891666666666,135.29166666666666,163,486,20.25,1.4814814814814816,0.05020018478595627,0
13091,28,3,2321.82,773.94,446.3333333333333,41,702,234.0,0.12820512820512822,0.030619865571321882,0
13092,71,12,2140.28,178.35666666666668,55.333333333333336,52,598,49.833333333333336,0.6020066889632107,0.0783132530120482,0
13093,276,55,54144.25,984.4409090909091,472.2,199,461,8.381818181818181,3.579175704989154,0.007662392668745909,1
13094,21,13,2209.44,169.9569230769231,145.84615384615384,5,368,28.307692307692307,1.059782608695652,0.0026371308016877636,0
13095,71,1,74.39999999999999,74.39999999999999,144.0,6,1,1.0,30.0,0.041666666666666664,0
13096,394,1,419.70000000000005,419.70000000000005,6.0,1,1,1.0,30.0,0.16666666666666666,1
13097,33,28,13324.1,475.8607142857143,190.89285714285714,390,706,25.214285714285715,1.1898016997167138,0.07296538821328344,0
13098,1,28,28882.44,1031.5157142857142,570.2857142857143,156,317,11.321428571428571,2.6498422712933754,0.009769539078156312,0
13099,99,1,207.35999999999999,207.35999999999999,288.0,1,1,1.0,30.0,0.003472222222222222,1
13101,234,4,695.4,173.85,119.5,48,447,111.75,0.2684563758389262,0.100418410041841,1
13102,1,37,11380.1,307.57027027027027,172.05405405405406,212,581,15.702702702702704,1.910499139414802,0.0333019164310399,0
13103,40,3,709.64,236.54666666666665,142.0,27,538,179.33333333333334,0.16728624535315986,0.06338028169014084,0
13104,3,9,1709.1,189.89999999999998,92.66666666666667,15,650,72.22222222222223,0.41538461538461535,0.017985611510791366,0
13105,436,1,72.0,72.0,100.0,1,1,1.0,30.0,0.01,1
13106,133,2,603.46,301.73,115.5,15,281,140.5,0.21352313167259784,0.06493506493506493,1
13107,44,9,5253.07,583.6744444444444,479.55555555555554,142,630,70.0,0.42857142857142855,0.032900834105653386,0
13108,373,2,748.46,374.23,372.5,27,63,31.5,0.9523809523809523,0.036241610738255034,1
13109,60,3,1134.03,378.01,252.33333333333334,57,492,164.0,0.1829268292682927,0.07529722589167767,0
13110,31,12,2957.4700000000003,246.45583333333335,63.583333333333336,167,708,59.0,0.5084745762711864,0.21887287024901703,0
13111,719,1,321.88000000000005,321.88000000000005,180.0,12,1,1.0,30.0,0.06666666666666667,1
13112,541,1,20.6,20.6,11.0,2,1,1.0,30.0,0.18181818181818182,1
13113,1,37,18230.07,492.7045945945946,119.86486486486487,166,621,16.783783783783782,1.7874396135265702,0.03742953776775648,0
13114,731,1,234.38,234.38,74.0,16,1,1.0,30.0,0.21621621621621623,1
13115,12,10,5494.7,549.47,393.4,178,588,58.8,0.5102040816326531,0.045246568378240974,0
13116,138,1,501.14,501.14,291.0,30,1,1.0,30.0,0.10309278350515463,1
13117,22,18,2255.66,125.31444444444443,102.88888888888889,122,602,33.44444444444444,0.8970099667774086,0.06587473002159827,0
13118,20,9,2415.41,268.37888888888887,92.66666666666667,111,420,46.666666666666664,0.6428571428571429,0.13309352517985612,0
13119,669,1,134.9,134.9,110.0,11,1,1.0,30.0,0.1,1
13120,239,1,30.599999999999998,30.599999999999998,12.0,1,1,1.0,30.0,0.08333333333333333,1
13121,269,1,283.73,283.73,252.0,50,1,1.0,30.0,0.1984126984126984,1
13122,94,2,922.39,461.195,292.5,54,147,73.5,0.4081632653061224,0.09230769230769231,1
13123,473,2,506.75,253.375,134.0,36,57,28.5,1.0526315789473684,0.13432835820895522,1
13124,90,4,4641.66,1160.415,684.5,216,296,74.0,0.4054054054054054,0.07888970051132213,0
13125,524,1,148.62,148.62,53.0,20,1,1.0,30.0,0.37735849056603776,1
13126,5,13,3774.81,290.37,253.0,183,643,49.46153846153846,0.6065318818040435,0.055640012161751295,0
13127,78,1,259.17,259.17,127.0,15,1,1.0,30.0,0.11811023622047244,0
13128,631,1,263.5,263.5,31.0,1,1,1.0,30.0,0.03225806451612903,1
13129,452,2,233.25,116.625,148.0,10,78,39.0,0.7692307692307692,0.033783783783783786,1
13130,94,1,64.0,64.0,32.0,2,1,1.0,30.0,0.0625,1
13131,23,7,3313.77,473.3957142857143,217.57142857142858,107,646,92.28571428571429,0.32507739938080493,0.07025607353906763,0
13132,262,1,77.3,77.3,20.0,3,1,1.0,30.0,0.15,1
13133,274,3,200.45000000000002,66.81666666666668,18.333333333333332,12,186,62.0,0.48387096774193544,0.21818181818181817,1
13134,86,6,2475.23,412.53833333333336,227.33333333333334,110,331,55.166666666666664,0.5438066465256798,0.08064516129032258,0
13135,197,2,3371.45,1685.725,2211.5,18,295,147.5,0.20338983050847456,0.004069635993669455,1
13136,56,13,6274.56,482.65846153846155,239.15384615384616,204,675,51.92307692307692,0.5777777777777777,0.06561595368285622,0
13137,11,16,7586.94,474.18375,264.875,628,492,30.75,0.9756097560975611,0.14818310523831996,0
13138,22,7,1274.01,182.00142857142856,84.71428571428571,41,375,53.57142857142857,0.56,0.06913996627318718,0
13139,16,8,8202.98,1025.3725,576.75,214,422,52.75,0.5687203791469194,0.04638058084091894,0
13140,108,5,1054.92,210.984,114.4,89,383,76.6,0.39164490861618795,0.1555944055944056,1
13141,85,17,7656.08,450.35764705882355,303.47058823529414,285,646,38.0,0.7894736842105262,0.05524326419848808,0
13142,19,1,307.09,307.09,258.0,23,1,1.0,30.0,0.08914728682170543,0
13143,585,1,405.1,405.1,198.0,23,1,1.0,30.0,0.11616161616161616,1
13144,333,2,135.35,67.675,14.5,6,99,49.5,0.6060606060606061,0.20689655172413793,1
13145,40,7,1128.52,161.21714285714285,37.857142857142854,5,561,80.14285714285714,0.37433155080213903,0.018867924528301886,0
13146,26,1,228.91,228.91,154.0,16,1,1.0,30.0,0.1038961038961039,0
13147,10,4,712.8000000000001,178.20000000000002,36.0,1,90,22.5,1.3333333333333333,0.006944444444444444,0
13148,29,26,8497.82,326.83923076923077,172.57692307692307,451,703,27.03846153846154,1.1095305832147937,0.10051259193224872,0
13149,14,4,1676.06,419.015,320.0,76,275,68.75,0.4363636363636364,0.059375,0
13150,484,3,449.96999999999997,149.98999999999998,57.0,7,147,49.0,0.6122448979591836,0.04093567251461988,1
13151,296,3,2465.21,821.7366666666667,271.0,131,333,111.0,0.2702702702702703,0.16113161131611317,1
13152,417,7,2146.38,306.6257142857143,139.57142857142858,114,278,39.714285714285715,0.7553956834532374,0.11668372569089049,1
13153,6,1,486.22,486.22,418.0,15,1,1.0,30.0,0.03588516746411483,0
13154,399,3,1624.84,541.6133333333333,325.3333333333333,78,337,112.33333333333333,0.26706231454005935,0.07991803278688525,1
13155,33,6,1370.48,228.41333333333333,123.5,79,459,76.5,0.39215686274509803,0.10661268556005399,0
13156,385,3,1586.54,528.8466666666667,304.6666666666667,94,291,97.0,0.30927835051546393,0.10284463894967177,1
13157,49,9,5687.36,631.9288888888889,529.1111111111111,173,593,65.88888888888889,0.45531197301854975,0.03632927341453171,0
13158,95,5,1508.18,301.636,198.4,70,294,58.8,0.5102040816326531,0.07056451612903226,1
13159,9,4,1429.35,357.3375,264.5,114,107,26.75,1.1214953271028036,0.10775047258979206,0
13160,22,1,91.8,91.8,56.0,4,1,1.0,30.0,0.07142857142857142,0
13161,313,2,472.13,236.065,52.5,30,188,94.0,0.3191489361702128,0.2857142857142857,1
13162,122,16,9275.49,579.718125,359.6875,186,614,38.375,0.7817589576547231,0.03231972198088619,1
13163,610,1,17.65,17.65,3.0,2,1,1.0,30.0,0.6666666666666666,1
13164,569,2,372.2,186.1,60.0,7,99,49.5,0.6060606060606061,0.058333333333333334,1
13165,46,3,1451.16,483.72,578.6666666666666,47,367,122.33333333333333,0.2452316076294278,0.02707373271889401,0
13166,283,2,875.93,437.965,261.0,55,132,66.0,0.45454545454545453,0.1053639846743295,1
13167,19,5,1125.15,225.03000000000003,201.4,64,372,74.4,0.4032258064516129,0.06355511420059583,0
13168,36,5,1840.73,368.146,179.6,127,506,101.2,0.2964426877470356,0.14142538975501115,0
13169,64,3,840.08,280.0266666666667,98.66666666666667,16,499,166.33333333333334,0.18036072144288579,0.05405405405405406,0
13170,27,1,108.81,108.81,141.0,29,1,1.0,30.0,0.20567375886524822,0
13171,22,3,468.41,156.13666666666668,76.33333333333333,37,278,92.66666666666667,0.3237410071942446,0.1615720524017467,0
13172,400,1,69.6,69.6,48.0,1,1,1.0,30.0,0.020833333333333332,1
13173,4,11,2399.82,218.16545454545457,134.63636363636363,160,726,66.0,0.4545454545454546,0.10803511141120864,0
13174,16,12,7995.36,666.28,316.1666666666667,602,719,59.916666666666664,0.5006954102920723,0.15867158671586715,0
13175,582,2,831.45,415.725,211.5,40,154,77.0,0.3896103896103896,0.09456264775413711,1
13176,46,1,481.49,481.49,448.0,66,1,1.0,30.0,0.14732142857142858,0
13177,65,2,512.2,256.1,90.0,23,366,183.0,0.1639344262295082,0.12777777777777777,0
13178,26,21,14059.19,669.4852380952382,418.0,194,698,33.23809523809524,0.9025787965616047,0.022100706311232628,0
13179,619,1,572.3100000000001,572.3100000000001,368.0,34,1,1.0,30.0,0.09239130434782608,1
13180,607,1,86.10000000000001,86.10000000000001,42.0,4,1,1.0,30.0,0.09523809523809523,1
13181,381,1,359.69,359.69,171.0,19,1,1.0,30.0,0.1111111111111111,1
13182,45,1,121.18,121.18,201.0,11,1,1.0,30.0,0.05472636815920398,0
13183,8,15,7036.18,469.07866666666666,268.46666666666664,64,628,41.86666666666667,0.7165605095541401,0.015892724112242365,0
13184,15,10,1668.95,166.895,166.2,138,276,27.6,1.0869565217391306,0.08303249097472924,0
13185,268,1,71.4,71.4,12.0,1,1,1.0,30.0,0.08333333333333333,1
13186,40,3,1575.89,525.2966666666667,273.3333333333333,69,90,30.0,1.0,0.08414634146341464,0
13187,337,4,341.36,85.34,74.0,51,288,72.0,0.4166666666666667,0.17229729729729729,1
13188,11,1,114.60000000000001,114.60000000000001,25.0,2,1,1.0,30.0,0.08,0
13189,19,2,260.68,130.34,421.0,29,97,48.5,0.6185567010309279,0.0344418052256532,0
13190,544,3,570.66,190.22,102.66666666666667,16,189,63.0,0.4761904761904762,0.05194805194805195,1
13191,658,1,164.69,164.69,115.0,58,1,1.0,30.0,0.5043478260869565,1
13192,95,6,2558.58,426.43,271.5,135,592,98.66666666666667,0.30405405405405406,0.08287292817679558,1
13193,61,1,112.08,112.08,46.0,22,1,1.0,30.0,0.4782608695652174,0
13194,136,2,472.78,236.39,163.0,10,286,143.0,0.2097902097902098,0.03067484662576687,1
13195,414,1,136.73,136.73,70.0,43,1,1.0,30.0,0.6142857142857143,1
13196,11,7,3068.84,438.4057142857143,286.57142857142856,141,607,86.71428571428571,0.3459637561779242,0.07028913260219342,0
13197,610,1,373.01000000000005,373.01000000000005,204.0,19,1,1.0,30.0,0.09313725490196079,1
13198,10,8,4974.2300000000005,621.7787500000001,431.125,265,425,53.125,0.5647058823529412,0.07683386488837345,0
13199,4,67,15964.210000000001,238.27179104477614,172.6417910447761,61,732,10.925373134328359,2.7459016393442623,0.005273623238523386,0
13200,19,4,870.09,217.5225,129.0,42,108,27.0,1.1111111111111112,0.08139534883720931,0
13201,502,4,1233.06,308.265,259.0,65,141,35.25,0.851063829787234,0.06274131274131274,1
13202,394,7,1580.3,225.75714285714284,81.71428571428571,55,337,48.142857142857146,0.6231454005934719,0.09615384615384616,1
13203,10,10,2648.25,264.825,241.3,158,713,71.3,0.420757363253857,0.06547865727310402,0
13204,731,1,966.6600000000001,966.6600000000001,428.0,57,1,1.0,30.0,0.13317757009345793,1
13205,443,1,2803.2,2803.2,256.0,1,1,1.0,30.0,0.00390625,1
13206,400,13,8308.19,639.0915384615384,545.0769230769231,393,333,25.615384615384617,1.1711711711711712,0.0554614733276884,1
13207,15,4,535.86,133.965,44.5,10,597,149.25,0.20100502512562815,0.056179775280898875,0
13208,59,9,1976.3,219.58888888888887,149.22222222222223,198,678,75.33333333333333,0.3982300884955752,0.14743112434847358,0
13209,30,13,8509.51,654.5776923076924,444.6923076923077,284,654,50.30769230769231,0.5963302752293578,0.04912644871129562,0
13210,94,1,353.48,353.48,316.0,22,1,1.0,30.0,0.06962025316455696,1
13211,10,10,2618.77,261.877,184.5,98,723,72.3,0.41493775933609955,0.053116531165311655,0
13212,20,3,786.83,262.2766666666667,103.0,128,42,14.0,2.142857142857143,0.41423948220064727,0
13213,57,11,3851.52,350.1381818181818,269.27272727272725,181,512,46.54545454545455,0.64453125,0.06110735989196489,0
13214,418,7,3264.23,466.31857142857143,423.7142857142857,207,229,32.714285714285715,0.9170305676855894,0.06979096426163182,1
13215,402,1,81.6,81.6,96.0,1,1,1.0,30.0,0.010416666666666666,1
13216,268,1,333.74,333.74,297.0,5,1,1.0,30.0,0.016835016835016835,1
13217,122,4,666.48,166.62,128.0,3,534,133.5,0.2247191011235955,0.005859375,1
13218,127,1,62.63999999999999,62.63999999999999,88.0,5,1,1.0,30.0,0.056818181818181816,1
13219,618,1,76.23,76.23,11.0,11,1,1.0,30.0,1.0,1
13220,78,5,1336.0900000000001,267.218,79.2,46,498,99.6,0.3012048192771084,0.11616161616161616,0
13221,240,2,847.41,423.705,122.0,62,120,60.0,0.5,0.2540983606557377,1
13222,577,1,88.5,88.5,30.0,1,1,1.0,30.0,0.03333333333333333,1
13223,200,6,969.1200000000001,161.52,94.66666666666667,8,465,77.5,0.3870967741935484,0.014084507042253521,1
13224,60,2,2155.95,1077.975,759.0,101,92,46.0,0.6521739130434783,0.06653491436100131,0
13225,3,16,16260.07,1016.254375,462.5625,60,720,45.0,0.6666666666666666,0.008107012565869477,0
13226,273,2,312.46,156.23,89.5,28,121,60.5,0.49586776859504134,0.1564245810055866,1
13227,202,1,257.7,257.7,99.0,9,1,1.0,30.0,0.09090909090909091,1
13228,81,1,358.0,358.0,200.0,2,1,1.0,30.0,0.01,0
13229,226,1,160.95,160.95,63.0,10,1,1.0,30.0,0.15873015873015872,1
13230,4,30,6120.01,204.00033333333334,117.33333333333333,653,627,20.9,1.4354066985645935,0.18551136363636364,0
13232,13,7,1328.35,189.7642857142857,110.42857142857143,147,231,33.0,0.9090909090909091,0.19016817593790428,0
13233,74,4,1176.46,294.115,401.0,74,620,155.0,0.1935483870967742,0.046134663341645885,0
13234,673,2,346.5,173.25,79.5,56,60,30.0,1.0,0.3522012578616352,1
13235,212,1,1031.07,1031.07,441.0,53,1,1.0,30.0,0.12018140589569161,1
13236,25,2,744.85,372.425,208.0,34,83,41.5,0.7228915662650602,0.08173076923076923,0
13237,388,1,643.0,643.0,128.0,24,1,1.0,30.0,0.1875,1
13238,17,6,1006.63,167.77166666666668,73.66666666666667,24,574,95.66666666666667,0.31358885017421606,0.05429864253393665,0
13239,262,5,1594.69,318.938,230.2,86,241,48.2,0.6224066390041494,0.07471763683753258,1
13240,96,8,1475.79,184.47375,88.625,160,557,69.625,0.43087971274685816,0.22566995768688294,1
13241,412,1,112.53,112.53,46.0,40,1,1.0,30.0,0.8695652173913043,1
13242,112,7,699.4,99.91428571428571,50.0,19,556,79.42857142857143,0.3776978417266187,0.054285714285714284,1
13243,203,5,1220.38,244.07600000000002,110.8,165,429,85.8,0.34965034965034963,0.29783393501805056,1
13244,93,1,121.74000000000001,121.74000000000001,38.0,27,1,1.0,30.0,0.7105263157894737,1
13245,51,2,989.22,494.61,185.5,43,382,191.0,0.15706806282722513,0.11590296495956873,0
13246,18,11,3351.75,304.70454545454544,254.1818181818182,229,508,46.18181818181818,0.6496062992125984,0.08190271816881259,0
13247,18,4,501.12,125.28,82.0,18,65,16.25,1.8461538461538463,0.054878048780487805,0
13248,125,2,465.68,232.84,152.5,25,65,32.5,0.9230769230769231,0.08196721311475409,1
13249,92,9,1608.93,178.77,138.44444444444446,21,593,65.88888888888889,0.45531197301854975,0.016853932584269662,1
13250,461,2,253.09,126.545,53.5,17,42,21.0,1.4285714285714286,0.1588785046728972,1
13251,402,1,252.68,252.68,215.0,25,1,1.0,30.0,0.11627906976744186,1
13252,394,2,399.3,199.65,67.0,19,232,116.0,0.25862068965517243,0.1417910447761194,1
13253,157,4,2951.11,737.7775,753.75,73,547,136.75,0.21937842778793418,0.024212271973466003,1
13254,376,1,51.410000000000004,51.410000000000004,43.0,4,1,1.0,30.0,0.09302325581395349,1
13255,9,3,678.76,226.25333333333333,135.66666666666666,26,503,167.66666666666666,0.17892644135188868,0.06388206388206388,0
13257,436,1,149.75,149.75,33.0,7,1,1.0,30.0,0.21212121212121213,1
13258,12,5,1009.43,201.886,89.2,29,389,77.8,0.3856041131105398,0.06502242152466367,0
13259,62,9,1402.54,155.83777777777777,55.888888888888886,234,638,70.88888888888889,0.42319749216300945,0.46520874751491054,0
13260,61,1,557.62,557.62,142.0,8,1,1.0,30.0,0.056338028169014086,0
13261,269,2,944.1,472.05,105.0,8,18,9.0,3.3333333333333335,0.0380952380952381,1
13262,263,3,573.45,191.15,82.33333333333333,48,338,112.66666666666667,0.2662721893491124,0.19433198380566802,1
13263,1,39,8676.2,222.4666666666667,137.74358974358975,507,412,10.564102564102564,2.8398058252427187,0.09437825763216678,0
13264,443,1,722.5600000000001,722.5600000000001,375.0,38,1,1.0,30.0,0.10133333333333333,1
13265,53,5,2092.66,418.532,348.0,66,221,44.2,0.6787330316742082,0.03793103448275862,0
13266,11,19,6135.04,322.89684210526315,359.8421052631579,154,712,37.473684210526315,0.800561797752809,0.022524499049290624,0
13267,3,36,9429.81,261.93916666666667,109.97222222222223,152,730,20.27777777777778,1.4794520547945207,0.03839353372063652,0
13268,18,11,3174.75,288.6136363636364,329.45454545454544,257,250,22.727272727272727,1.3199999999999998,0.07091611479028698,0
13269,1,28,8537.32,304.9042857142857,227.35714285714286,238,737,26.321428571428573,1.1397557666214382,0.0373861137291863,0
13270,366,1,590.0,590.0,200.0,1,1,1.0,30.0,0.005,1
13271,37,1,211.49,211.49,240.0,79,1,1.0,30.0,0.32916666666666666,0
13272,31,2,276.56,138.28,48.0,15,59,29.5,1.0169491525423728,0.15625,0
13273,113,1,138.98,138.98,153.0,16,1,1.0,30.0,0.10457516339869281,1
13274,409,1,360.85,360.85,199.0,19,1,1.0,30.0,0.09547738693467336,1
13275,384,2,238.86,119.43,69.0,48,249,124.5,0.24096385542168672,0.34782608695652173,1
13276,64,5,1891.91,378.382,168.0,209,579,115.8,0.25906735751295334,0.2488095238095238,0
13277,16,7,523.3,74.75714285714285,54.57142857142857,10,525,75.0,0.4,0.02617801047120419,0
13278,41,4,1435.85,358.9625,339.5,80,570,142.5,0.21052631578947367,0.05891016200294551,0
13279,78,1,137.75,137.75,73.0,9,1,1.0,30.0,0.1232876712328767,0
13280,122,7,2293.33,327.61857142857144,212.71428571428572,159,523,74.71428571428571,0.40152963671128106,0.10678307588985897,1
13281,439,1,350.85,350.85,201.0,22,1,1.0,30.0,0.10945273631840796,1
13282,18,4,1313.19,328.2975,102.5,42,389,97.25,0.30848329048843187,0.1024390243902439,0
13283,60,4,373.36,93.34,51.0,19,581,145.25,0.20654044750430292,0.09313725490196079,0
13284,331,1,201.19,201.19,91.0,13,1,1.0,30.0,0.14285714285714285,1
13285,23,6,3364.59,560.765,409.5,182,601,100.16666666666667,0.29950083194675536,0.07407407407407407,0
13286,600,1,734.91,734.91,274.0,46,1,1.0,30.0,0.1678832116788321,1
13287,603,3,781.59,260.53000000000003,143.0,46,102,34.0,0.8823529411764706,0.10722610722610723,1
13288,443,5,927.61,185.522,75.8,7,224,44.8,0.6696428571428571,0.018469656992084433,1
13289,724,1,307.95,307.95,119.0,16,1,1.0,30.0,0.13445378151260504,1
13290,438,1,208.63,208.63,1.0,1,1,1.0,30.0,1.0,1
13291,156,11,3270.79,297.3445454545454,145.45454545454547,155,511,46.45454545454545,0.6457925636007827,0.096875,1
13292,39,5,994.51,198.902,106.0,55,488,97.6,0.3073770491803279,0.10377358490566038,0
13293,392,6,1192.94,198.82333333333335,92.5,51,277,46.166666666666664,0.6498194945848376,0.0918918918918919,1
13294,190,3,1689.53,563.1766666666666,332.0,93,457,152.33333333333334,0.19693654266958427,0.09337349397590361,1
13295,360,4,1101.97,275.4925,183.25,56,218,54.5,0.5504587155963303,0.07639836289222374,1
13296,137,6,792.51,132.085,108.83333333333333,50,440,73.33333333333333,0.4090909090909091,0.07656967840735068,1
13297,8,7,4368.62,624.0885714285714,384.85714285714283,108,535,76.42857142857143,0.39252336448598135,0.0400890868596882,0
13298,1,1,360.0,360.0,96.0,2,1,1.0,30.0,0.020833333333333332,0
13299,268,3,1218.7,406.23333333333335,138.66666666666666,56,261,87.0,0.3448275862068966,0.1346153846153846,1
13300,169,3,1285.51,428.50333333333333,151.66666666666666,44,405,135.0,0.2222222222222222,0.0967032967032967,1
13301,104,4,618.09,154.5225,86.25,75,189,47.25,0.6349206349206349,0.21739130434782608,1
13302,155,2,159.2,79.6,6.0,3,372,186.0,0.16129032258064516,0.25,1
13303,400,1,61.72,61.72,26.0,4,1,1.0,30.0,0.15384615384615385,1
13304,351,4,1217.99,304.4975,179.0,59,319,79.75,0.3761755485893417,0.0824022346368715,1
13305,4,16,3616.41,226.025625,139.25,153,636,39.75,0.7547169811320755,0.06867145421903052,0
13306,430,1,53.65,53.65,74.0,4,1,1.0,30.0,0.05405405405405406,1
13307,120,3,273.34,91.11333333333333,46.666666666666664,15,473,157.66666666666666,0.19027484143763213,0.10714285714285714,1
13308,23,4,1670.3700000000001,417.59250000000003,268.25,65,575,143.75,0.20869565217391303,0.06057781919850885,0
13309,7,6,1706.3700000000001,284.39500000000004,319.0,95,386,64.33333333333333,0.46632124352331605,0.04963427377220481,0
13310,28,5,1541.2,308.24,163.2,80,375,75.0,0.4,0.09803921568627451,0
13311,4,2,598.57,299.285,152.5,25,146,73.0,0.4109589041095891,0.08196721311475409,0
13312,451,1,124.75,124.75,41.0,5,1,1.0,30.0,0.12195121951219512,1
13313,22,12,3445.32,287.11,192.33333333333334,105,716,59.666666666666664,0.5027932960893855,0.04549393414211438,0
13314,2,3,775.94,258.6466666666667,186.66666666666666,55,73,24.333333333333332,1.2328767123287672,0.09821428571428571,0
13315,689,1,310.26,310.26,232.0,22,1,1.0,30.0,0.09482758620689655,1
13316,37,10,12940.82,1294.0819999999999,1993.1,115,603,60.3,0.49751243781094523,0.005769906176308263,0
13317,66,19,6486.091,341.3732105263158,165.73684210526315,222,661,34.78947368421053,0.8623298033282905,0.07049857097491267,0
13318,1,3,640.76,213.58666666666667,101.33333333333333,14,37,12.333333333333334,2.4324324324324325,0.046052631578947366,0
13319,5,58,21323.22,367.6417241379311,154.72413793103448,345,728,12.551724137931034,2.39010989010989,0.03844439491865389,0
13320,78,6,2211.6,368.59999999999997,251.5,98,401,66.83333333333333,0.44887780548628425,0.06494367130550033,0
13321,72,2,567.36,283.68,186.0,10,15,7.5,4.0,0.026881720430107527,0
13322,17,1,199.48000000000002,199.48000000000002,117.0,25,1,1.0,30.0,0.21367521367521367,0
13323,3,5,787.85,157.57,35.0,6,82,16.4,1.829268292682927,0.03428571428571429,0
13324,36,18,10513.47,584.0816666666666,469.3333333333333,36,528,29.333333333333332,1.0227272727272727,0.004261363636363636,0
13325,82,1,675.3,675.3,240.0,12,1,1.0,30.0,0.05,0
13326,432,1,281.76,281.76,140.0,13,1,1.0,30.0,0.09285714285714286,1
13327,39,20,9134.48,456.724,210.15,175,683,34.15,0.8784773060029283,0.04163692600523436,0
13328,316,1,1308.48,1308.48,680.0,17,1,1.0,30.0,0.025,1
13329,32,8,4808.77,601.09625,413.875,68,704,88.0,0.34090909090909094,0.02053760193295077,0
13330,93,6,2796.1,466.01666666666665,325.1666666666667,80,563,93.83333333333333,0.3197158081705151,0.04100461301896463,1
13331,402,1,262.4,262.4,54.0,12,1,1.0,30.0,0.2222222222222222,1
13332,14,1,350.9,350.9,179.0,21,1,1.0,30.0,0.11731843575418995,0
13333,411,3,1015.74,338.58,228.33333333333334,54,248,82.66666666666667,0.36290322580645157,0.07883211678832117,1
13334,82,5,6201.8,1240.3600000000001,639.6,307,571,114.2,0.2626970227670753,0.09599749843652283,0
13336,77,1,795.12,795.12,559.0,51,1,1.0,30.0,0.09123434704830054,0
13337,546,1,1575.26,1575.26,980.0,87,1,1.0,30.0,0.08877551020408163,1
13338,158,4,2445.62,611.405,287.75,113,546,136.5,0.21978021978021978,0.09817549956559514,1
13339,201,1,860.12,860.12,326.0,54,1,1.0,30.0,0.1656441717791411,1
13340,45,12,22100.56,1841.7133333333334,803.0,190,610,50.833333333333336,0.5901639344262295,0.019717725197177252,0
13341,261,1,775.85,775.85,301.0,42,1,1.0,30.0,0.13953488372093023,1
13343,178,1,353.43,353.43,135.0,19,1,1.0,30.0,0.14074074074074075,1
13344,68,3,2511.69,837.23,317.3333333333333,115,210,70.0,0.42857142857142855,0.1207983193277311,0
13345,288,1,389.5,389.5,141.0,20,1,1.0,30.0,0.14184397163120568,1
13346,463,6,299.4,49.9,30.0,4,134,22.333333333333332,1.3432835820895521,0.022222222222222223,1
13347,70,1,341.36,341.36,205.0,8,1,1.0,30.0,0.03902439024390244,0
13348,64,1,233.76,233.76,136.0,14,1,1.0,30.0,0.10294117647058823,0
13349,11,1,247.32,247.32,225.0,16,1,1.0,30.0,0.07111111111111111,0
13350,16,2,979.12,489.56,143.5,36,64,32.0,0.9375,0.1254355400696864,0
13351,66,1,373.94,373.94,117.0,16,1,1.0,30.0,0.13675213675213677,0
13352,60,1,397.97999999999996,397.97999999999996,321.0,24,1,1.0,30.0,0.07476635514018691,0
13354,71,1,743.53,743.53,604.0,51,1,1.0,30.0,0.08443708609271523,0
13355,122,1,674.7,674.7,314.0,32,1,1.0,30.0,0.10191082802547771,1
13356,80,1,768.24,768.24,325.0,42,1,1.0,30.0,0.12923076923076923,0
13357,257,5,3805.5099999999998,761.102,422.4,284,370,74.0,0.4054054054054054,0.13446969696969696,1
13358,269,1,439.03,439.03,285.0,29,1,1.0,30.0,0.10175438596491228,1
13359,64,2,1043.31,521.655,190.5,52,340,170.0,0.1764705882352941,0.13648293963254593,0
13360,432,4,1553.65,388.4125,235.5,58,270,67.5,0.4444444444444444,0.06157112526539278,1
13361,472,2,1450.5,725.25,162.0,29,146,73.0,0.4109589041095891,0.08950617283950617,1
13362,9,7,5394.07,770.5814285714285,354.42857142857144,186,416,59.42857142857143,0.5048076923076923,0.07496977025392987,0
13363,18,3,1723.86,574.62,382.0,78,393,131.0,0.22900763358778625,0.06806282722513089,0
13364,71,1,134.95999999999998,134.95999999999998,71.0,10,1,1.0,30.0,0.14084507042253522,0
13365,34,2,2225.37,1112.685,623.5,122,185,92.5,0.3243243243243243,0.09783480352846832,0
13366,50,1,56.160000000000004,56.160000000000004,144.0,1,1,1.0,30.0,0.006944444444444444,0
13367,432,1,510.20000000000005,510.20000000000005,253.0,20,1,1.0,30.0,0.07905138339920949,1
13368,257,4,1121.5,280.375,151.5,45,167,41.75,0.718562874251497,0.07425742574257425,1
13369,366,1,308.28000000000003,308.28000000000003,149.0,14,1,1.0,30.0,0.09395973154362416,1
13370,372,1,754.87,754.87,343.0,39,1,1.0,30.0,0.11370262390670553,1
13371,505,2,2297.66,1148.83,509.5,75,128,64.0,0.46875,0.07360157016683022,1
13372,90,1,378.64,378.64,159.0,23,1,1.0,30.0,0.14465408805031446,0
13373,61,6,7587.1900000000005,1264.5316666666668,710.5,292,673,112.16666666666667,0.2674591381872214,0.06849636406286652,0
13374,415,2,422.8,211.4,67.5,17,35,17.5,1.7142857142857142,0.1259259259259259,1
13375,89,2,1792.23,896.115,562.0,62,357,178.5,0.1680672268907563,0.05516014234875445,0
13376,99,3,1019.76,339.92,164.33333333333334,45,136,45.333333333333336,0.6617647058823529,0.09127789046653144,1
13377,397,2,1552.88,776.44,374.0,71,250,125.0,0.24,0.09491978609625669,1
13379,26,3,572.56,190.85333333333332,200.33333333333334,85,111,37.0,0.8108108108108107,0.14143094841930118,0
13380,433,1,62.4,62.4,48.0,3,1,1.0,30.0,0.0625,1
13381,32,12,8224.37,685.3641666666667,427.0833333333333,154,707,58.916666666666664,0.5091937765205092,0.030048780487804877,0
13382,281,5,1387.58,277.51599999999996,172.6,74,452,90.4,0.33185840707964603,0.08574739281575898,1
13383,544,1,305.28000000000003,305.28000000000003,288.0,1,1,1.0,30.0,0.003472222222222222,1
13384,31,11,6680.83,607.3481818181818,376.54545454545456,192,470,42.72727272727273,0.7021276595744681,0.04635441815548044,0
13385,330,1,534.57,534.57,281.0,35,1,1.0,30.0,0.12455516014234876,1
13386,414,2,835.46,417.73,257.0,24,23,11.5,2.608695652173913,0.04669260700389105,1
13387,417,1,186.94,186.94,123.0,71,1,1.0,30.0,0.5772357723577236,1
13388,131,3,1185.65,395.2166666666667,233.66666666666666,68,473,157.66666666666666,0.19027484143763213,0.09700427960057062,1
13389,11,3,797.96,265.9866666666667,143.0,50,222,74.0,0.4054054054054054,0.11655011655011654,0
13390,75,1,544.08,544.08,224.0,13,1,1.0,30.0,0.05803571428571429,0
13391,204,1,59.8,59.8,4.0,1,1,1.0,30.0,0.25,1
13392,677,1,91.14,91.14,82.0,8,1,1.0,30.0,0.0975609756097561,1
13393,584,4,1131.45,282.8625,165.5,53,149,37.25,0.8053691275167785,0.08006042296072508,1
13394,2,19,6621.7,348.5105263157895,281.7894736842105,254,737,38.78947368421053,0.7734056987788331,0.047441165483750464,0
13395,185,3,1180.23,393.41,553.3333333333334,77,237,79.0,0.37974683544303794,0.0463855421686747,1
13396,29,2,1360.99,680.495,300.0,42,291,145.5,0.2061855670103093,0.07,0
13397,73,10,3191.87,319.187,133.6,68,617,61.7,0.4862236628849271,0.05089820359281437,0
13398,192,2,670.34,335.17,170.5,37,257,128.5,0.23346303501945526,0.10850439882697947,1
13399,464,3,275.4,91.8,40.0,10,55,18.333333333333332,1.6363636363636365,0.08333333333333333,1
13400,583,1,310.83,310.83,284.0,23,1,1.0,30.0,0.08098591549295775,1
13402,127,4,1226.8500000000001,306.71250000000003,229.25,55,438,109.5,0.273972602739726,0.05997818974918211,1
13403,18,3,229.5,76.5,38.0,9,706,235.33333333333334,0.1274787535410765,0.07894736842105263,0
13404,1,2,252.49,126.245,55.5,11,212,106.0,0.2830188679245283,0.0990990990990991,0
13405,74,6,1213.811,202.30183333333332,142.5,33,651,108.5,0.2764976958525346,0.03859649122807018,0
13406,427,2,568.92,284.46,146.0,7,205,102.5,0.29268292682926833,0.023972602739726026,1
13407,579,3,2244.7,748.2333333333332,563.3333333333334,85,84,28.0,1.0714285714285714,0.05029585798816568,1
13408,2,106,50174.782,473.347,270.5188679245283,321,734,6.9245283018867925,4.332425068119892,0.01119442022667829,0
13410,24,9,2201.96,244.66222222222223,138.22222222222223,25,708,78.66666666666667,0.3813559322033898,0.02009646302250804,0
13411,107,1,213.55,213.55,72.0,17,1,1.0,30.0,0.2361111111111111,1
13412,620,1,487.34999999999997,487.34999999999997,176.0,33,1,1.0,30.0,0.1875,1
13413,640,6,429.44,71.57333333333334,75.83333333333333,38,48,8.0,3.75,0.08351648351648351,1
13414,134,6,2494.14,415.69,450.3333333333333,48,470,78.33333333333333,0.3829787234042553,0.01776461880088823,1
13415,473,4,784.17,196.0425,124.0,85,256,64.0,0.46875,0.17137096774193547,1
13416,44,3,940.8000000000001,313.6,69.33333333333333,16,693,231.0,0.12987012987012986,0.07692307692307693,0
13417,5,6,1669.49,278.24833333333333,88.66666666666667,57,665,110.83333333333333,0.2706766917293233,0.10714285714285714,0
13418,12,31,11559.66,372.8922580645161,237.2258064516129,328,717,23.129032258064516,1.2970711297071131,0.04460157737285831,0
13419,64,1,221.06,221.06,275.0,16,1,1.0,30.0,0.05818181818181818,0
13420,150,2,159.85,79.925,50.5,8,21,10.5,2.857142857142857,0.07920792079207921,1
13421,40,8,4058.75,507.34375,293.875,174,623,77.875,0.3852327447833066,0.07401105912377712,0
13422,64,1,2626.3,2626.3,1326.0,127,1,1.0,30.0,0.09577677224736049,0
13423,429,1,217.03,217.03,141.0,12,1,1.0,30.0,0.0851063829787234,1
13424,450,1,572.77,572.77,529.0,40,1,1.0,30.0,0.07561436672967864,1
13425,108,5,3390.4300000000003,678.086,471.6,124,472,94.4,0.31779661016949157,0.05258693808312129,1
13426,1,22,8167.38,371.24454545454546,221.27272727272728,162,730,33.18181818181818,0.904109589041096,0.03327855382087099,0
13427,19,6,1006.53,167.755,146.66666666666666,35,703,117.16666666666667,0.25604551920341395,0.03977272727272727,0
13428,10,3,478.54,159.51333333333335,118.66666666666667,122,505,168.33333333333334,0.17821782178217824,0.34269662921348315,0
13429,11,4,1006.8,251.7,347.5,55,65,16.25,1.8461538461538463,0.039568345323741004,0
13430,19,2,679.45,339.725,375.5,48,68,34.0,0.8823529411764706,0.06391478029294274,0
13431,67,8,3316.24,414.53,196.25,113,593,74.125,0.40472175379426645,0.07197452229299363,0
13432,571,2,439.1,219.55,108.5,98,41,20.5,1.4634146341463414,0.45161290322580644,1
13433,501,4,658.3199999999999,164.57999999999998,47.5,22,196,49.0,0.6122448979591837,0.11578947368421053,1
13434,74,5,1666.8600000000001,333.372,172.8,17,582,116.4,0.2577319587628866,0.019675925925925927,0
13435,5,9,4447.33,494.1477777777778,306.0,96,495,55.0,0.5454545454545454,0.034858387799564274,0
13436,2,1,196.89,196.89,76.0,12,1,1.0,30.0,0.15789473684210525,0
13437,14,7,3408.06,486.86571428571426,183.28571428571428,143,176,25.142857142857142,1.1931818181818183,0.11145752143413874,0
13438,547,1,46.5,46.5,10.0,1,1,1.0,30.0,0.1,1
13439,255,3,986.61,328.87,317.3333333333333,132,271,90.33333333333333,0.33210332103321033,0.13865546218487396,1
13440,423,7,1295.25,185.03571428571428,81.85714285714286,49,29,4.142857142857143,7.241379310344827,0.08551483420593368,1
13441,92,2,720.9,360.45,260.0,33,340,170.0,0.1764705882352941,0.06346153846153846,1
13442,667,3,419.87,139.95666666666668,38.333333333333336,33,71,23.666666666666668,1.267605633802817,0.28695652173913044,1
13443,449,6,1273.16,212.19333333333336,134.16666666666666,176,229,38.166666666666664,0.7860262008733624,0.2186335403726708,1
13444,374,2,619.08,309.54,165.5,51,132,66.0,0.45454545454545453,0.1540785498489426,1
13445,626,1,241.89999999999998,241.89999999999998,198.0,7,1,1.0,30.0,0.03535353535353535,1
13446,430,11,3881.89,352.8990909090909,218.45454545454547,113,234,21.272727272727273,1.4102564102564104,0.04702455264253017,1
13447,23,3,1129.14,376.38000000000005,194.66666666666666,55,13,4.333333333333333,6.9230769230769225,0.09417808219178082,0
13448,17,13,8745.93,672.7638461538462,322.6923076923077,321,718,55.23076923076923,0.5431754874651811,0.07651966626936829,0
13449,24,1,291.88,291.88,222.0,19,1,1.0,30.0,0.08558558558558559,0
13450,27,13,4120.04,316.92615384615385,332.15384615384613,57,577,44.38461538461539,0.6759098786828422,0.013200555812876331,0
13451,26,11,7090.06,644.5509090909092,475.3636363636364,561,602,54.72727272727273,0.5481727574750831,0.10728628800917958,0
13452,259,3,729.8,243.26666666666665,2.0,2,214,71.33333333333333,0.4205607476635514,0.3333333333333333,1
13453,166,3,781.6899999999999,260.56333333333333,113.66666666666667,33,237,79.0,0.37974683544303794,0.0967741935483871,1
13454,641,1,219.87,219.87,198.0,23,1,1.0,30.0,0.11616161616161616,1
13455,25,6,2212.9900000000002,368.8316666666667,132.5,79,707,117.83333333333333,0.2545968882602546,0.09937106918238994,0
13456,18,6,1766.72,294.4533333333333,127.5,43,190,31.666666666666668,0.9473684210526316,0.05620915032679739,0
13457,689,2,148.22,74.11,48.0,9,49,24.5,1.2244897959183674,0.09375,1
13458,7,16,11959.27,747.454375,422.5,290,382,23.875,1.256544502617801,0.042899408284023666,0
13459,625,2,1160.4099999999999,580.2049999999999,493.0,57,58,29.0,1.0344827586206897,0.057809330628803245,1
13460,29,2,183.44,91.72,143.0,16,21,10.5,2.857142857142857,0.055944055944055944,0
13461,39,6,4160.0,693.3333333333334,522.0,30,559,93.16666666666667,0.3220035778175313,0.009578544061302681,0
13462,253,5,1153.85,230.76999999999998,139.4,64,474,94.8,0.3164556962025316,0.09182209469153516,1
13464,58,6,3097.64,516.2733333333333,240.0,128,560,93.33333333333333,0.3214285714285714,0.08888888888888889,0
13465,446,2,931.12,465.56,292.0,34,140,70.0,0.42857142857142855,0.05821917808219178,1
13466,184,5,1013.35,202.67000000000002,132.0,49,445,89.0,0.33707865168539325,0.07424242424242425,1
13467,11,2,1071.91,535.955,290.0,89,26,13.0,2.3076923076923075,0.15344827586206897,0
13468,2,72,12793.28,177.68444444444447,78.01388888888889,290,735,10.208333333333334,2.938775510204082,0.0516289834431191,0
13469,653,1,82.4,82.4,52.0,6,1,1.0,30.0,0.11538461538461539,1
13470,99,2,165.0,82.5,50.0,7,16,8.0,3.75,0.07,1
13471,1,4,2501.84,625.46,395.75,214,47,11.75,2.5531914893617023,0.1351863550221099,0
13472,464,2,592.24,296.12,155.0,24,92,46.0,0.6521739130434783,0.07741935483870968,1
13473,61,8,2657.7599999999998,332.21999999999997,125.0,65,664,83.0,0.3614457831325301,0.065,0
13474,236,3,646.59,215.53,106.0,116,259,86.33333333333333,0.3474903474903475,0.36477987421383645,1
13475,191,4,1431.78,357.945,253.0,64,108,27.0,1.1111111111111112,0.06324110671936758,1
13476,179,5,2061.4700000000003,412.29400000000004,142.6,86,467,93.4,0.32119914346895073,0.12061711079943899,1
13477,38,11,2819.17,256.28818181818184,190.0909090909091,112,647,58.81818181818182,0.5100463678516228,0.053562888570062174,0
13478,469,5,2215.78,443.15600000000006,237.8,114,208,41.6,0.7211538461538461,0.095878889823381,1
13479,201,4,851.37,212.8425,179.0,45,277,69.25,0.43321299638989175,0.06284916201117319,1
13480,417,2,627.82,313.91,181.0,40,263,131.5,0.22813688212927755,0.11049723756906077,1
13481,46,11,3830.84,348.2581818181818,186.8181818181818,162,690,62.72727272727273,0.4782608695652174,0.07883211678832117,0
13482,232,2,336.09,168.045,93.5,20,396,198.0,0.15151515151515152,0.10695187165775401,1
13483,66,1,140.34,140.34,160.0,10,1,1.0,30.0,0.0625,0
13484,241,3,790.72,263.5733333333333,74.66666666666667,38,399,133.0,0.22556390977443608,0.16964285714285715,1
13485,233,11,3019.2200000000003,274.4745454545455,163.45454545454547,131,504,45.81818181818182,0.6547619047619048,0.0728587319243604,1
13486,78,3,1122.41,374.1366666666667,223.0,69,77,25.666666666666668,1.1688311688311688,0.1031390134529148,0
13487,58,5,846.87,169.374,72.4,31,678,135.6,0.22123893805309733,0.0856353591160221,0
13488,17,23,14205.96,617.6504347826086,320.6521739130435,370,667,29.0,1.0344827586206895,0.05016949152542373,0
13489,105,4,449.52,112.38,140.0,11,190,47.5,0.6315789473684211,0.019642857142857142,1
13490,654,1,154.25,154.25,25.0,8,1,1.0,30.0,0.32,1
13491,52,27,4467.66,165.46888888888887,87.0,144,682,25.25925925925926,1.187683284457478,0.06130268199233716,0
13492,136,3,1269.84,423.28,136.0,38,79,26.333333333333332,1.139240506329114,0.09313725490196079,1
13493,275,2,618.63,309.315,190.0,6,12,6.0,5.0,0.015789473684210527,1
13494,312,1,316.26000000000005,316.26000000000005,162.0,18,1,1.0,30.0,0.1111111111111111,1
13495,8,10,4863.31,486.331,246.5,59,725,72.5,0.41379310344827586,0.023935091277890466,0
13496,11,2,653.33,326.665,170.5,28,350,175.0,0.17142857142857143,0.08211143695014662,0
13497,283,6,1166.83,194.47166666666666,87.5,52,387,64.5,0.46511627906976744,0.09904761904761905,1
13498,730,1,327.38,327.38,362.0,17,1,1.0,30.0,0.04696132596685083,1
13499,18,5,1159.11,231.82199999999997,273.0,31,253,50.6,0.5928853754940712,0.02271062271062271,0
13500,23,4,1466.3,366.575,209.5,77,379,94.75,0.316622691292876,0.09188544152744631,0
13501,288,3,2885.11,961.7033333333334,417.6666666666667,90,283,94.33333333333333,0.31802120141342755,0.07182761372705507,1
13502,17,5,780.5,156.1,98.0,28,532,106.4,0.2819548872180451,0.05714285714285714,0
13503,71,6,1859.24,309.87333333333333,184.16666666666666,158,590,98.33333333333333,0.30508474576271183,0.1429864253393665,0
13504,64,1,295.93,295.93,178.0,22,1,1.0,30.0,0.12359550561797752,0
13505,73,4,4393.63,1098.4075,621.5,182,160,40.0,0.75,0.07320997586484312,0
13506,316,5,1338.08,267.616,188.4,55,145,29.0,1.0344827586206897,0.058386411889596604,1
13507,3,4,2479.16,619.79,399.25,146,143,35.75,0.8391608391608392,0.09142141515341265,0
13508,244,2,287.05,143.525,90.0,27,400,200.0,0.15,0.15,1
13509,9,8,1114.72,139.34,151.75,27,499,62.375,0.4809619238476954,0.022240527182866558,0
13510,1,11,4558.29,414.39,276.72727272727275,176,718,65.27272727272727,0.4596100278551532,0.05781865965834428,0
13511,677,1,282.76,282.76,60.0,5,1,1.0,30.0,0.08333333333333333,1
13512,261,4,713.39,178.3475,104.75,31,323,80.75,0.37151702786377705,0.07398568019093078,1
13513,127,3,824.59,274.86333333333334,121.33333333333333,32,529,176.33333333333334,0.17013232514177695,0.08791208791208792,1
13514,74,4,815.9000000000001,203.97500000000002,72.0,15,609,152.25,0.19704433497536944,0.052083333333333336,0
13515,73,6,1265.82,210.97,136.5,64,572,95.33333333333333,0.3146853146853147,0.07814407814407814,0
13516,21,4,1685.26,421.315,278.5,55,397,99.25,0.3022670025188917,0.04937163375224417,0
13517,60,3,2128.42,709.4733333333334,456.3333333333333,125,121,40.333333333333336,0.7438016528925621,0.09130752373995617,0
13518,86,1,627.16,627.16,382.0,36,1,1.0,30.0,0.09424083769633508,0
13519,78,2,343.21,171.605,66.5,19,365,182.5,0.16438356164383564,0.14285714285714285,0
13520,59,11,6606.0,600.5454545454545,289.0,81,664,60.36363636363637,0.49698795180722893,0.025479710600817867,0
13521,1,3,1071.73,357.24333333333334,239.33333333333334,313,9,3.0,10.0,0.435933147632312,0
13522,30,1,125.80000000000001,125.80000000000001,44.0,5,1,1.0,30.0,0.11363636363636363,0
13523,33,6,4534.57,755.7616666666667,331.5,177,370,61.666666666666664,0.48648648648648646,0.0889894419306184,0
13524,41,5,680.1800000000001,136.036,64.8,17,180,36.0,0.8333333333333334,0.05246913580246913,0
13525,15,2,628.78,314.39,197.0,5,234,117.0,0.25641025641025644,0.012690355329949238,0
13526,738,2,1182.0,591.0,955.5,29,1,0.5,60.0,0.015175300889586603,1
13527,34,12,4541.29,378.44083333333333,228.0,266,654,54.5,0.5504587155963303,0.09722222222222222,0
13529,79,2,307.76,153.88,37.0,15,126,63.0,0.47619047619047616,0.20270270270270271,0
13530,634,1,402.97999999999996,402.97999999999996,272.0,18,1,1.0,30.0,0.0661764705882353,1
13531,205,6,1433.07,238.845,82.83333333333333,44,532,88.66666666666667,0.3383458646616541,0.08853118712273642,1
13532,34,1,210.31,210.31,129.0,66,1,1.0,30.0,0.5116279069767442,0
13533,183,3,269.09,89.69666666666666,67.33333333333333,61,85,28.333333333333332,1.0588235294117647,0.30198019801980197,1
13534,2,35,7720.9,220.59714285714284,110.54285714285714,163,518,14.8,2.027027027027027,0.04212974928922202,0
13535,403,1,89.5,89.5,10.0,1,1,1.0,30.0,0.1,1
13536,1,7,3444.39,492.05571428571426,303.7142857142857,91,75,10.714285714285714,2.8,0.04280338664158043,0
13537,426,2,717.85,358.925,168.5,38,27,13.5,2.2222222222222223,0.11275964391691394,1
13538,43,12,3103.13,258.5941666666667,79.91666666666667,105,633,52.75,0.5687203791469194,0.10948905109489052,0
13539,86,7,1569.3600000000001,224.19428571428574,101.42857142857143,69,505,72.14285714285714,0.4158415841584159,0.09718309859154929,0
13540,467,3,632.39,210.79666666666665,63.0,26,189,63.0,0.4761904761904762,0.13756613756613756,1
13541,427,2,785.25,392.625,139.5,10,144,72.0,0.4166666666666667,0.035842293906810034,1
13542,377,17,3959.4900000000002,232.91117647058826,47.294117647058826,98,353,20.764705882352942,1.4447592067988668,0.12189054726368159,1
13543,634,2,1439.6100000000001,719.8050000000001,164.5,37,53,26.5,1.1320754716981132,0.11246200607902736,1
13544,40,6,790.2,131.70000000000002,55.166666666666664,219,606,101.0,0.297029702970297,0.6616314199395771,0
13545,391,2,364.93,182.465,126.0,54,154,77.0,0.3896103896103896,0.21428571428571427,1
13546,12,5,1086.24,217.248,117.4,95,412,82.4,0.3640776699029126,0.16183986371379896,0
13547,408,1,167.08,167.08,79.0,44,1,1.0,30.0,0.5569620253164557,1
13548,96,3,901.44,300.48,186.0,169,376,125.33333333333333,0.2393617021276596,0.30286738351254483,1
13549,26,8,1005.8,125.725,69.25,44,362,45.25,0.6629834254143646,0.07942238267148015,0
13550,383,1,342.55,342.55,430.0,40,1,1.0,30.0,0.09302325581395349,1
13551,319,2,244.2,122.1,18.0,5,347,173.5,0.1729106628242075,0.1388888888888889,1
13552,66,22,6948.92,315.86,119.54545454545455,162,593,26.954545454545453,1.1129848229342327,0.061596958174904945,0
13553,675,1,499.6,499.6,201.0,85,1,1.0,30.0,0.4228855721393035,1
13554,380,7,1629.35,232.7642857142857,82.57142857142857,156,67,9.571428571428571,3.134328358208955,0.2698961937716263,1
13555,74,13,8891.84,683.9876923076923,366.3076923076923,264,616,47.38461538461539,0.6331168831168831,0.05543889122217556,0
13556,429,2,200.82,100.41,67.0,8,7,3.5,8.571428571428571,0.05970149253731343,1
13557,28,13,3032.26,233.25076923076924,184.46153846153845,126,703,54.07692307692308,0.5547652916073968,0.05254378648874062,0
13558,6,4,594.52,148.63,84.5,123,63,15.75,1.9047619047619047,0.363905325443787,0
13559,513,2,990.0,495.0,180.0,1,31,15.5,1.9354838709677418,0.002777777777777778,1
13560,7,1,171.42000000000002,171.42000000000002,63.0,32,1,1.0,30.0,0.5079365079365079,0
13561,216,11,1803.4,163.94545454545457,102.27272727272727,131,434,39.45454545454545,0.7603686635944701,0.11644444444444445,1
13562,82,8,4838.18,604.7725,200.375,88,613,76.625,0.3915171288743883,0.05489706799750468,0
13563,84,2,777.53,388.765,104.5,49,56,28.0,1.0714285714285714,0.23444976076555024,0
13564,144,37,16498.97,445.91810810810813,239.94594594594594,484,594,16.054054054054053,1.8686868686868687,0.05451678305924758,1
13565,19,3,414.8,138.26666666666668,86.66666666666667,45,392,130.66666666666666,0.22959183673469388,0.17307692307692307,0
13566,41,5,1688.6,337.71999999999997,251.4,263,599,119.8,0.25041736227045075,0.2092283214001591,0
13567,428,4,1079.29,269.8225,160.75,180,114,28.5,1.0526315789473684,0.27993779160186627,1
13568,173,1,187.05,187.05,66.0,41,1,1.0,30.0,0.6212121212121212,1
13569,17,4,726.54,181.635,86.25,140,412,103.0,0.29126213592233013,0.4057971014492754,0
13570,243,1,239.49,239.49,161.0,27,1,1.0,30.0,0.16770186335403728,1
13571,13,26,4537.26,174.51000000000002,122.73076923076923,263,719,27.653846153846153,1.0848400556328235,0.08241930429332497,0
13572,206,1,1384.25,1384.25,534.0,32,1,1.0,30.0,0.0599250936329588,1
13573,50,6,904.52,150.75333333333333,107.83333333333333,73,587,97.83333333333333,0.30664395229982966,0.11282843894899536,0
13574,411,1,404.45,404.45,304.0,84,1,1.0,30.0,0.27631578947368424,1
13575,23,5,732.0699999999999,146.414,89.8,41,153,30.6,0.9803921568627452,0.09131403118040089,0
13576,10,28,11202.59,400.09250000000003,160.92857142857142,145,722,25.785714285714285,1.1634349030470914,0.03217931646693298,0
13577,25,11,3489.28,317.20727272727277,151.0,102,700,63.63636363636363,0.4714285714285715,0.061408789885611076,0
13578,409,1,147.66,147.66,127.0,9,1,1.0,30.0,0.07086614173228346,1
13579,15,5,1374.34,274.868,143.6,72,645,129.0,0.23255813953488372,0.10027855153203342,0
13580,406,1,107.75,107.75,45.0,5,1,1.0,30.0,0.1111111111111111,1
13581,309,2,280.53000000000003,140.26500000000001,59.5,32,105,52.5,0.5714285714285714,0.2689075630252101,1
13582,390,2,241.68,120.84,53.0,10,228,114.0,0.2631578947368421,0.09433962264150944,1
13583,156,2,1445.031,722.5155,548.5,93,524,262.0,0.11450381679389314,0.08477666362807658,1
13584,307,3,385.7,128.56666666666666,120.0,74,370,123.33333333333333,0.24324324324324323,0.20555555555555555,1
13585,531,3,684.54,228.17999999999998,462.0,29,208,69.33333333333333,0.43269230769230765,0.020923520923520924,1
13586,541,1,127.28,127.28,38.0,20,1,1.0,30.0,0.5263157894736842,1
13587,64,4,1673.5,418.375,166.0,27,600,150.0,0.2,0.04066265060240964,0
13588,16,9,2478.95,275.43888888888887,289.55555555555554,131,240,26.666666666666668,1.125,0.050268610897927855,0
13589,15,6,1120.74,186.79,48.833333333333336,48,720,120.0,0.25,0.16382252559726962,0
13590,11,18,6336.04,352.0022222222222,292.8333333333333,255,727,40.388888888888886,0.7427785419532325,0.048377916903813316,0
13591,65,7,2093.94,299.13428571428574,121.42857142857143,89,661,94.42857142857143,0.3177004538577912,0.10470588235294118,0
13592,36,4,247.95999999999998,61.989999999999995,21.0,15,229,57.25,0.5240174672489083,0.17857142857142858,0
13593,108,14,5493.29,392.3778571428571,155.0,212,539,38.5,0.7792207792207793,0.09769585253456221,1
13594,53,2,533.32,266.66,198.0,31,433,216.5,0.13856812933025403,0.07828282828282829,0
13595,517,3,784.48,261.49333333333334,113.66666666666667,114,130,43.333333333333336,0.6923076923076924,0.3343108504398827,1
13596,6,2,664.11,332.055,192.0,133,8,4.0,7.5,0.3463541666666667,0
13597,400,2,396.71,198.355,115.5,17,3,1.5,20.0,0.0735930735930736,1
13598,47,5,761.96,152.392,78.6,78,605,121.0,0.24793388429752064,0.1984732824427481,0
13599,1,33,9811.04,297.30424242424243,189.33333333333334,235,738,22.363636363636363,1.3414634146341462,0.03761203585147247,0
13600,312,2,518.42,259.21,299.5,35,322,161.0,0.1863354037267081,0.05843071786310518,1
13601,45,4,1159.99,289.9975,239.25,160,502,125.5,0.2390438247011952,0.1671891327063741,0
13602,65,4,1025.17,256.2925,134.5,49,496,124.0,0.24193548387096772,0.09107806691449814,0
13603,26,1,164.34,164.34,164.0,27,1,1.0,30.0,0.16463414634146342,0
13604,659,1,717.62,717.62,242.0,21,1,1.0,30.0,0.08677685950413223,1
13605,387,2,522.67,261.335,212.5,50,185,92.5,0.3243243243243243,0.11764705882352941,1
13606,29,3,276.75,92.25,92.0,40,283,94.33333333333333,0.31802120141342755,0.14492753623188406,0
13607,40,2,1075.81,537.905,233.0,110,363,181.5,0.1652892561983471,0.23605150214592274,0
13608,541,1,232.05,232.05,110.0,31,1,1.0,30.0,0.2818181818181818,1
13609,593,1,167.35,167.35,19.0,7,1,1.0,30.0,0.3684210526315789,1
13610,12,14,2103.71,150.26500000000001,62.07142857142857,309,692,49.42857142857143,0.6069364161849711,0.35558112773302647,0
13611,89,10,3297.9300000000003,329.793,198.8,170,648,64.8,0.4629629629629629,0.08551307847082495,0
13612,633,1,818.29,818.29,444.0,50,1,1.0,30.0,0.11261261261261261,1
13613,453,5,1039.8500000000001,207.97000000000003,89.0,50,208,41.6,0.7211538461538461,0.11235955056179775,1
13614,24,6,2332.74,388.78999999999996,136.83333333333334,227,528,88.0,0.3409090909090909,0.27649208282582216,0
13615,319,8,6272.53,784.06625,363.75,259,362,45.25,0.6629834254143646,0.08900343642611684,1
13616,568,2,283.85,141.925,86.0,31,123,61.5,0.48780487804878053,0.18023255813953487,1
13617,40,8,1278.75,159.84375,74.125,48,455,56.875,0.5274725274725275,0.08094435075885328,0
13618,174,1,177.34,177.34,246.0,13,1,1.0,30.0,0.052845528455284556,1
13619,545,2,224.94,112.47,39.5,39,130,65.0,0.46153846153846156,0.4936708860759494,1
13620,528,1,112.34,112.34,74.0,5,1,1.0,30.0,0.06756756756756757,1
13621,117,1,213.85,213.85,343.0,19,1,1.0,30.0,0.05539358600583091,1
13622,696,1,658.95,658.95,379.0,32,1,1.0,30.0,0.08443271767810026,1
13623,31,10,2533.06,253.30599999999998,101.0,211,707,70.7,0.4243281471004243,0.2089108910891089,0
13624,388,1,462.08,462.08,820.0,22,1,1.0,30.0,0.026829268292682926,1
13625,597,1,301.26,301.26,144.0,21,1,1.0,30.0,0.14583333333333334,1
13626,253,2,707.04,353.52,199.0,44,127,63.5,0.47244094488188976,0.11055276381909548,1
13627,59,7,2245.9,320.84285714285716,233.14285714285714,118,582,83.14285714285714,0.3608247422680413,0.07230392156862746,0
13628,676,1,310.14,310.14,106.0,16,1,1.0,30.0,0.1509433962264151,1
13629,23,19,13370.86,703.7294736842106,406.42105263157896,28,643,33.8421052631579,0.8864696734059098,0.003626003626003626,0
13630,5,7,2031.78,290.2542857142857,198.71428571428572,51,281,40.142857142857146,0.7473309608540925,0.03666427030913012,0
13631,100,11,3070.42,279.1290909090909,42.45454545454545,6,168,15.272727272727273,1.9642857142857144,0.01284796573875803,1
13632,25,8,3645.81,455.72625,204.125,166,587,73.375,0.4088586030664395,0.10165339865278629,0
13634,33,16,5033.77,314.610625,130.625,269,665,41.5625,0.7218045112781954,0.12870813397129185,0
13635,68,4,2999.16,749.79,471.0,135,672,168.0,0.17857142857142858,0.07165605095541401,0
13636,37,5,949.12,189.824,118.4,57,249,49.8,0.6024096385542168,0.09628378378378379,0
13637,52,3,804.3,268.09999999999997,135.0,79,175,58.333333333333336,0.5142857142857143,0.19506172839506172,0
13638,16,1,122.64,122.64,93.0,8,1,1.0,30.0,0.08602150537634409,0
13639,74,2,1346.27,673.135,498.5,49,363,181.5,0.1652892561983471,0.04914744232698094,0
13640,611,1,405.0,405.0,108.0,4,1,1.0,30.0,0.037037037037037035,1
13641,641,5,1016.47,203.294,219.6,41,94,18.8,1.5957446808510638,0.037340619307832425,1
13642,216,4,472.2,118.05,57.75,93,218,54.5,0.5504587155963303,0.4025974025974026,1
13643,31,10,2156.77,215.677,90.2,71,701,70.1,0.42796005706134094,0.0787139689578714,0
13644,16,4,2624.26,656.065,516.75,144,90,22.5,1.3333333333333333,0.06966618287373004,0
13645,120,1,252.1,252.1,158.0,5,1,1.0,30.0,0.03164556962025317,1
13646,400,2,326.25,163.125,39.5,58,1,0.5,60.0,0.7341772151898734,1
13647,10,8,3041.68,380.21,224.375,98,594,74.25,0.40404040404040403,0.05459610027855153,0
13648,400,8,1764.02,220.5025,120.0,95,338,42.25,0.7100591715976331,0.09895833333333333,1
13649,257,6,1453.68,242.28,130.33333333333334,97,271,45.166666666666664,0.6642066420664207,0.12404092071611253,1
13650,17,10,3288.0,328.8,174.6,127,667,66.7,0.4497751124437781,0.072737686139748,0
13651,35,3,226.85,75.61666666666666,20.666666666666668,14,347,115.66666666666667,0.25936599423631124,0.22580645161290322,0
13652,46,5,2262.05,452.41,291.6,116,607,121.4,0.2471169686985173,0.07956104252400549,0
13653,488,1,152.2,152.2,72.0,9,1,1.0,30.0,0.125,1
13654,43,11,6308.0,573.4545454545455,432.90909090909093,262,695,63.18181818181818,0.4748201438848921,0.05501889962200756,0
13655,114,6,2280.51,380.08500000000004,204.16666666666666,103,478,79.66666666666667,0.37656903765690375,0.08408163265306122,1
13656,165,4,1078.85,269.7125,215.5,81,431,107.75,0.27842227378190254,0.09396751740139211,1
13657,11,2,382.14,191.07,104.5,16,191,95.5,0.31413612565445026,0.07655502392344497,0
13658,10,9,6025.5,669.5,241.22222222222223,164,663,73.66666666666667,0.4072398190045249,0.07554122524182405,0
13659,206,12,4884.68,407.0566666666667,210.58333333333334,224,456,38.0,0.7894736842105263,0.0886426592797784,1
13660,400,1,306.64,306.64,136.0,39,1,1.0,30.0,0.2867647058823529,1
13661,603,1,325.24,325.24,118.0,17,1,1.0,30.0,0.1440677966101695,1
13662,86,11,2233.61,203.05545454545455,106.27272727272727,126,573,52.09090909090909,0.5759162303664921,0.10778443113772455,0
13663,179,5,2047.51,409.502,178.6,87,468,93.6,0.32051282051282054,0.09742441209406495,1
13665,386,3,1711.6599999999999,570.5533333333333,550.6666666666666,97,118,39.333333333333336,0.7627118644067797,0.05871670702179177,1
13666,60,5,127.89999999999999,25.58,10.8,19,676,135.2,0.22189349112426035,0.35185185185185186,0
13667,149,1,299.05,299.05,149.0,82,1,1.0,30.0,0.5503355704697986,1
13668,3,35,12948.48,369.9565714285714,174.17142857142858,411,726,20.742857142857144,1.4462809917355373,0.06742125984251969,0
13669,51,3,413.55,137.85,131.0,13,357,119.0,0.25210084033613445,0.03307888040712468,0
13670,75,1,349.7,349.7,282.0,25,1,1.0,30.0,0.08865248226950355,0
13671,395,1,172.6,172.6,95.0,61,1,1.0,30.0,0.6421052631578947,1
13672,301,3,419.92,139.97333333333333,46.0,13,430,143.33333333333334,0.20930232558139533,0.09420289855072464,1
13673,19,2,387.44,193.72,57.0,47,14,7.0,4.285714285714286,0.41228070175438597,0
13674,433,1,240.68,240.68,102.0,14,1,1.0,30.0,0.13725490196078433,1
13675,151,2,486.82000000000005,243.41000000000003,165.0,25,134,67.0,0.44776119402985076,0.07575757575757576,1
13676,539,2,243.9,121.95,52.0,13,81,40.5,0.7407407407407407,0.125,1
13677,405,2,551.24,275.62,108.5,98,116,58.0,0.5172413793103449,0.45161290322580644,1
13678,152,1,232.6,232.6,924.0,16,1,1.0,30.0,0.017316017316017316,1
13679,494,3,281.26,93.75333333333333,34.0,44,242,80.66666666666667,0.37190082644628103,0.43137254901960786,1
13680,1,12,11419.67,951.6391666666667,437.0,354,734,61.166666666666664,0.4904632152588556,0.06750572082379863,0
13681,18,4,827.83,206.9575,90.0,37,138,34.5,0.8695652173913044,0.10277777777777777,0
13682,187,1,59.5,59.5,10.0,3,1,1.0,30.0,0.3,1
13683,458,1,258.6,258.6,180.0,10,1,1.0,30.0,0.05555555555555555,1
13684,286,4,594.88,148.72,58.5,81,336,84.0,0.35714285714285715,0.34615384615384615,1
13685,3,7,3119.44,445.63428571428574,722.2857142857143,29,58,8.285714285714286,3.6206896551724137,0.005735759493670886,0
13686,183,3,409.04,136.34666666666666,126.0,27,219,73.0,0.4109589041095891,0.07142857142857142,1
13687,438,1,11880.84,11880.84,87167.0,45,1,1.0,30.0,0.0005162504158683906,1
13688,635,1,375.5,375.5,130.0,5,1,1.0,30.0,0.038461538461538464,1
13689,63,2,1259.5,629.75,361.0,6,382,191.0,0.15706806282722513,0.008310249307479225,0
13690,59,1,172.25,172.25,67.0,9,1,1.0,30.0,0.13432835820895522,0
13691,396,1,212.78,212.78,145.0,54,1,1.0,30.0,0.3724137931034483,1
13692,25,5,3114.4,622.88,420.2,83,396,79.2,0.3787878787878788,0.039504997620180865,0
13693,374,9,2011.82,223.53555555555556,97.77777777777777,78,359,39.888888888888886,0.7520891364902507,0.08863636363636364,1
13694,4,143,195640.69,1368.1167132867133,1316.090909090909,896,732,5.118881118881119,5.860655737704918,0.004760867370524067,0
13695,31,16,2770.73,173.170625,111.9375,47,547,34.1875,0.8775137111517367,0.026242322724734785,0
13696,422,3,2020.4,673.4666666666667,184.0,24,245,81.66666666666667,0.3673469387755102,0.043478260869565216,1
13697,39,1,151.29999999999998,151.29999999999998,177.0,12,1,1.0,30.0,0.06779661016949153,0
13698,597,2,451.73,225.865,113.5,31,86,43.0,0.6976744186046512,0.13656387665198239,1
13699,155,2,764.15,382.075,109.5,33,396,198.0,0.15151515151515152,0.1506849315068493,1
13700,26,13,2596.9700000000003,199.7669230769231,214.30769230769232,163,645,49.61538461538461,0.6046511627906976,0.05850681981335248,0
13701,447,1,161.0,161.0,80.0,9,1,1.0,30.0,0.1125,1
13702,446,1,135.18,135.18,74.0,5,1,1.0,30.0,0.06756756756756757,1
13703,318,2,425.56,212.78,64.0,36,97,48.5,0.6185567010309279,0.28125,1
13704,5,9,2308.06,256.4511111111111,170.11111111111111,111,84,9.333333333333334,3.2142857142857144,0.07250163291966036,0
13705,8,7,1717.19,245.31285714285715,129.42857142857142,55,617,88.14285714285714,0.34035656401944897,0.06070640176600441,0
13706,303,2,631.17,315.585,150.5,38,325,162.5,0.1846153846153846,0.12624584717607973,1
13707,267,5,3365.86,673.172,442.0,142,270,54.0,0.5555555555555556,0.06425339366515836,1
13708,271,1,285.33,285.33,301.0,49,1,1.0,30.0,0.16279069767441862,1
13709,4,18,7571.35,420.6305555555556,229.0,296,694,38.55555555555556,0.7780979827089337,0.07180980106744299,0
13710,32,3,509.52,169.84,112.0,13,581,193.66666666666666,0.1549053356282272,0.03869047619047619,0
13711,219,9,1792.26,199.14,91.0,80,506,56.22222222222222,0.5335968379446641,0.09768009768009768,1
13712,247,2,766.42,383.21,564.0,32,365,182.5,0.16438356164383564,0.028368794326241134,1
13713,408,3,740.76,246.92,94.66666666666667,70,175,58.333333333333336,0.5142857142857143,0.24647887323943662,1
13714,465,1,161.35,161.35,50.0,30,1,1.0,30.0,0.6,1
13715,281,17,8153.04,479.5905882352941,282.3529411764706,277,358,21.058823529411764,1.4245810055865922,0.057708333333333334,1
13716,269,1,138.28,138.28,138.0,21,1,1.0,30.0,0.15217391304347827,1
13717,32,8,1763.3,220.4125,268.0,110,454,56.75,0.5286343612334802,0.051305970149253734,0
13718,246,2,306.55,153.275,86.5,9,50,25.0,1.2,0.05202312138728324,1
13719,15,11,2783.08,253.00727272727272,144.36363636363637,194,557,50.63636363636363,0.59245960502693,0.12216624685138538,0
13720,117,4,799.9,199.975,125.25,42,139,34.75,0.8633093525179856,0.08383233532934131,1
13721,36,2,741.54,370.77,256.0,41,359,179.5,0.1671309192200557,0.080078125,0
13722,132,10,5635.41,563.5409999999999,305.9,137,515,51.5,0.5825242718446602,0.04478587773782282,1
13723,217,6,1194.08,199.01333333333332,98.83333333333333,51,395,65.83333333333333,0.4556962025316456,0.08600337268128162,1
13724,637,1,213.01,213.01,130.0,39,1,1.0,30.0,0.3,1
13725,50,8,1980.56,247.57,100.75,95,259,32.375,0.9266409266409267,0.11786600496277916,0
13726,39,2,1079.6599999999999,539.8299999999999,527.0,39,62,31.0,0.9677419354838709,0.03700189753320683,0
13727,29,8,1074.15,134.26875,46.0,74,702,87.75,0.3418803418803419,0.20108695652173914,0
13728,37,16,2855.17,178.448125,79.3125,75,694,43.375,0.69164265129683,0.0591016548463357,0
13729,436,3,724.73,241.57666666666668,139.66666666666666,36,249,83.0,0.36144578313253006,0.08591885441527446,1
13730,136,2,752.6,376.3,244.0,38,26,13.0,2.3076923076923075,0.0778688524590164,1
13731,219,2,610.59,305.295,139.0,36,28,14.0,2.142857142857143,0.12949640287769784,1
13732,28,1,491.86,491.86,498.0,33,1,1.0,30.0,0.06626506024096386,0
13733,411,2,487.03000000000003,243.51500000000001,167.5,28,325,162.5,0.1846153846153846,0.08358208955223881,1
13734,509,4,6695.6900000000005,1673.9225000000001,75.5,24,95,23.75,1.2631578947368423,0.07947019867549669,1
13735,25,13,9762.77,750.9823076923077,318.0769230769231,362,702,54.0,0.5555555555555556,0.0875453446191052,0
13736,5,7,2752.47,393.21,221.28571428571428,325,729,104.14285714285714,0.28806584362139914,0.20981278244028406,0
13737,200,1,339.59999999999997,339.59999999999997,125.0,29,1,1.0,30.0,0.232,1
13738,396,1,434.78000000000003,434.78000000000003,237.0,88,1,1.0,30.0,0.37130801687763715,1
13739,18,2,292.2,146.1,38.0,6,510,255.0,0.11764705882352941,0.07894736842105263,0
13740,241,5,1582.77,316.554,197.4,83,497,99.4,0.30181086519114686,0.08409321175278622,1
13741,72,3,668.4300000000001,222.81000000000003,72.66666666666667,34,146,48.666666666666664,0.6164383561643836,0.1559633027522936,0
13742,17,12,3107.87,258.9891666666667,92.91666666666667,200,304,25.333333333333332,1.1842105263157896,0.17937219730941703,0
13743,3,7,1341.6,191.65714285714284,253.71428571428572,8,257,36.714285714285715,0.8171206225680934,0.0045045045045045045,0
13744,95,2,1080.52,540.26,576.5,54,198,99.0,0.30303030303030304,0.046834345186470075,1
13745,162,2,777.36,388.68,573.0,46,384,192.0,0.15625,0.04013961605584642,1
13746,414,1,176.69,176.69,83.0,9,1,1.0,30.0,0.10843373493975904,1
13747,374,2,169.79999999999998,84.89999999999999,30.0,4,52,26.0,1.1538461538461537,0.06666666666666667,1
13748,96,9,2064.35,229.3722222222222,114.22222222222223,40,643,71.44444444444444,0.41990668740279935,0.038910505836575876,1
13750,54,11,3602.1800000000003,327.4709090909091,124.54545454545455,51,564,51.27272727272727,0.5851063829787234,0.03722627737226277,0
13751,288,1,296.25,296.25,152.0,9,1,1.0,30.0,0.05921052631578947,1
13752,124,7,1579.8300000000002,225.69000000000003,143.57142857142858,75,404,57.714285714285715,0.5198019801980198,0.07462686567164178,1
13753,288,4,2094.57,523.6425,362.5,64,450,112.5,0.26666666666666666,0.044137931034482755,1
13754,152,3,447.05,149.01666666666668,105.0,16,286,95.33333333333333,0.3146853146853147,0.050793650793650794,1
13755,4,9,2108.06,234.2288888888889,138.0,232,60,6.666666666666667,4.5,0.18679549114331723,0
13756,2,23,8655.95,376.3456521739131,223.3913043478261,142,723,31.434782608695652,0.954356846473029,0.027637212923316466,0
13757,675,1,195.55,195.55,54.0,8,1,1.0,30.0,0.14814814814814814,1
13758,12,15,8698.13,579.8753333333333,311.1333333333333,213,728,48.53333333333333,0.6181318681318682,0.045639597171630596,0
13759,33,2,659.4100000000001,329.70500000000004,143.5,24,38,19.0,1.5789473684210527,0.08362369337979095,0
13760,54,5,1363.6399999999999,272.72799999999995,124.6,95,540,108.0,0.2777777777777778,0.15248796147672553,0
13761,50,6,1952.17,325.3616666666667,179.83333333333334,118,607,101.16666666666667,0.29654036243822074,0.10936051899907322,0
13762,219,5,2472.48,494.496,521.6,23,480,96.0,0.3125,0.008819018404907975,1
13763,63,3,5217.4400000000005,1739.1466666666668,1074.6666666666667,50,372,124.0,0.24193548387096772,0.015508684863523574,0
13764,71,6,2919.62,486.6033333333333,347.3333333333333,295,572,95.33333333333333,0.3146853146853147,0.14155470249520152,0
13765,653,1,352.821,352.821,297.0,17,1,1.0,30.0,0.05723905723905724,1
13766,495,1,190.35,190.35,137.0,16,1,1.0,30.0,0.11678832116788321,1
13767,2,73,33903.57,464.43246575342465,199.93150684931507,117,737,10.095890410958905,2.971506105834464,0.008016443987667009,0
13768,727,2,875.97,437.985,186.5,30,5,2.5,12.0,0.08042895442359249,1
13769,2,20,5478.12,273.906,122.6,121,722,36.1,0.8310249307479225,0.04934747145187602,0
13770,422,4,785.37,196.3425,117.0,48,309,77.25,0.3883495145631068,0.10256410256410256,1
13771,64,9,5728.82,636.5355555555556,348.8888888888889,182,589,65.44444444444444,0.45840407470288624,0.05796178343949045,0
13772,34,8,3100.02,387.5025,180.75,394,621,77.625,0.3864734299516908,0.27247579529737204,0
13773,397,2,301.54,150.77,87.0,19,264,132.0,0.22727272727272727,0.10919540229885058,1
13774,82,1,345.0,345.0,192.0,22,1,1.0,30.0,0.11458333333333333,0
13775,591,1,1049.66,1049.66,455.0,63,1,1.0,30.0,0.13846153846153847,1
13776,428,2,623.98,311.99,1.0,1,1,0.5,60.0,0.5,1
13777,1,61,49638.26,813.7419672131148,380.1639344262295,44,738,12.098360655737705,2.4796747967479673,0.0018973695558430358,0
13778,103,4,1124.49,281.1225,127.75,33,463,115.75,0.25917926565874727,0.06457925636007827,1
13779,516,1,161.13,161.13,53.0,27,1,1.0,30.0,0.5094339622641509,1
13780,7,3,732.07,244.02333333333334,159.66666666666666,90,400,133.33333333333334,0.22499999999999998,0.18789144050104384,0
13781,251,3,778.83,259.61,100.0,56,471,157.0,0.1910828025477707,0.18666666666666668,1
13782,13,13,1786.08,137.39076923076922,49.46153846153846,187,721,55.46153846153846,0.5409153952843273,0.29082426127527217,0
13783,488,4,1542.09,385.5225,859.25,4,186,46.5,0.6451612903225806,0.0011638056444573757,1
13784,10,14,2910.23,207.87357142857144,201.92857142857142,13,441,31.5,0.9523809523809524,0.004598514326140785,0
13785,429,4,542.49,135.6225,37.75,26,32,8.0,3.75,0.17218543046357615,1
13786,367,6,3127.99,521.3316666666666,252.5,80,369,61.5,0.4878048780487805,0.052805280528052806,1
13787,76,6,1222.5,203.75,166.33333333333334,71,620,103.33333333333333,0.29032258064516125,0.07114228456913828,0
13788,505,1,3.75,3.75,1.0,1,1,1.0,30.0,1.0,1
13789,388,1,239.45999999999998,239.45999999999998,258.0,18,1,1.0,30.0,0.06976744186046512,1
13790,4,1,348.8,348.8,748.0,45,1,1.0,30.0,0.06016042780748663,0
13791,128,2,1516.0,758.0,600.0,7,41,20.5,1.4634146341463414,0.005833333333333334,1
13792,66,3,383.95,127.98333333333333,52.0,23,357,119.0,0.25210084033613445,0.14743589743589744,0
13793,647,1,96.0,96.0,52.0,7,1,1.0,30.0,0.1346153846153846,1
13794,547,1,126.03,126.03,63.0,9,1,1.0,30.0,0.14285714285714285,1
13795,388,4,836.3,209.075,312.5,23,250,62.5,0.48,0.0184,1
13796,499,1,289.7,289.7,218.0,22,1,1.0,30.0,0.10091743119266056,1
13797,437,3,1179.45,393.15000000000003,191.0,71,211,70.33333333333333,0.4265402843601896,0.12390924956369982,1
13798,1,110,75428.87,685.717,438.06363636363636,168,730,6.636363636363637,4.52054794520548,0.003486417498495445,0
13799,117,9,2803.57,311.5077777777778,171.0,64,528,58.666666666666664,0.5113636363636364,0.04158544509421702,1
13800,310,3,1679.56,559.8533333333334,297.0,73,428,142.66666666666666,0.2102803738317757,0.0819304152637486,1
13801,67,1,324.8,324.8,168.0,23,1,1.0,30.0,0.13690476190476192,0
13802,139,19,26259.11,1382.0584210526315,743.6315789473684,212,524,27.57894736842105,1.087786259541985,0.015004600467124355,1
13803,255,3,1338.91,446.30333333333334,277.0,73,364,121.33333333333333,0.24725274725274726,0.08784596871239471,1
13804,31,9,3161.12,351.23555555555555,199.66666666666666,149,407,45.22222222222222,0.6633906633906634,0.08291597106288258,0
13805,52,2,924.6,462.3,950.0,10,77,38.5,0.7792207792207791,0.005263157894736842,0
13806,64,1,256.38,256.38,56.0,10,1,1.0,30.0,0.17857142857142858,0
13807,367,3,422.2,140.73333333333332,38.666666666666664,24,369,123.0,0.24390243902439024,0.20689655172413793,1
13808,6,5,1747.66,349.53200000000004,156.4,70,92,18.4,1.6304347826086956,0.08951406649616368,0
13809,305,3,679.7,226.5666666666667,93.66666666666667,23,156,52.0,0.5769230769230769,0.08185053380782918,1
13810,29,3,1499.01,499.67,104.0,32,28,9.333333333333334,3.2142857142857144,0.10256410256410256,0
13811,184,3,814.5,271.5,22.666666666666668,7,56,18.666666666666668,1.6071428571428572,0.10294117647058823,1
13812,42,3,539.0,179.66666666666666,111.0,33,64,21.333333333333332,1.40625,0.0990990990990991,0
13813,40,8,2765.47,345.68375,161.5,84,695,86.875,0.3453237410071942,0.06501547987616099,0
13814,92,3,2257.32,752.44,404.6666666666667,56,435,145.0,0.20689655172413793,0.04612850082372323,1
13815,22,8,7475.74,934.4675,672.625,203,644,80.5,0.3726708074534162,0.037725329864337485,0
13816,24,2,571.6700000000001,285.83500000000004,134.5,25,41,20.5,1.4634146341463414,0.09293680297397769,0
13817,29,2,382.98,191.49,105.5,20,323,161.5,0.18575851393188852,0.0947867298578199,0
13818,430,1,61.28,61.28,60.0,5,1,1.0,30.0,0.08333333333333333,1
13819,302,6,2642.35,440.39166666666665,384.8333333333333,47,437,72.83333333333333,0.41189931350114417,0.020355132091814637,1
13820,418,3,652.75,217.58333333333334,95.0,68,263,87.66666666666667,0.34220532319391633,0.23859649122807017,1
13821,145,6,1379.08,229.84666666666666,79.5,158,560,93.33333333333333,0.3214285714285714,0.3312368972746331,1
13822,6,2,632.0,316.0,305.5,90,35,17.5,1.7142857142857142,0.14729950900163666,0
13823,19,7,3403.4500000000003,486.2071428571429,223.42857142857142,108,706,100.85714285714286,0.29745042492917845,0.06905370843989769,0
13824,33,12,3314.76,276.23,120.16666666666667,59,605,50.416666666666664,0.5950413223140496,0.040915395284327326,0
13825,622,2,255.59,127.795,91.0,38,109,54.5,0.5504587155963303,0.2087912087912088,1
13826,176,1,189.5,189.5,82.0,10,1,1.0,30.0,0.12195121951219512,1
13827,58,3,409.8,136.6,46.0,83,86,28.666666666666668,1.0465116279069768,0.6014492753623188,0
13828,22,1,209.49,209.49,311.0,15,1,1.0,30.0,0.04823151125401929,0
13829,421,1,102.0,102.0,12.0,1,1,1.0,30.0,0.08333333333333333,1
13830,582,1,156.85000000000002,156.85000000000002,47.0,11,1,1.0,30.0,0.23404255319148937,1
13831,16,18,6585.54,365.86333333333334,132.94444444444446,121,714,39.666666666666664,0.7563025210084033,0.05056414542415378,0
13832,19,2,609.89,304.945,210.0,54,404,202.0,0.1485148514851485,0.12857142857142856,0
13833,159,2,700.41,350.205,121.5,43,245,122.5,0.2448979591836735,0.17695473251028807,1
13834,577,2,324.19,162.095,110.5,15,93,46.5,0.6451612903225806,0.06787330316742081,1
13835,25,7,1095.27,156.46714285714285,74.28571428571429,60,621,88.71428571428571,0.33816425120772947,0.11538461538461539,0
13836,399,2,620.37,310.185,136.5,29,16,8.0,3.75,0.10622710622710622,1
13837,212,2,266.59000000000003,133.29500000000002,91.0,17,106,53.0,0.5660377358490566,0.09340659340659341,1
13838,6,10,1690.07,169.007,69.4,328,574,57.4,0.5226480836236934,0.47262247838616717,0
13839,486,1,139.95000000000002,139.95000000000002,25.0,7,1,1.0,30.0,0.28,1
13840,416,1,651.4,651.4,358.0,40,1,1.0,30.0,0.11173184357541899,1
13841,253,1,85.0,85.0,100.0,1,1,1.0,30.0,0.01,1
13842,59,18,5319.34,295.5188888888889,150.88888888888889,214,603,33.5,0.8955223880597014,0.07879234167893961,0
13843,381,1,319.75,319.75,145.0,18,1,1.0,30.0,0.12413793103448276,1
13844,11,1,361.62,361.62,196.0,20,1,1.0,30.0,0.10204081632653061,0
13845,65,1,312.98,312.98,182.0,9,1,1.0,30.0,0.04945054945054945,0
13846,25,4,1307.79,326.9475,176.25,81,376,94.0,0.3191489361702128,0.1148936170212766,0
13847,720,1,310.72,310.72,96.0,19,1,1.0,30.0,0.19791666666666666,1
13848,92,8,3015.0,376.875,1150.0,3,638,79.75,0.3761755485893417,0.00032608695652173916,1
13849,52,5,3469.3,693.86,376.6,189,573,114.6,0.2617801047120419,0.10037174721189591,0
13850,129,1,1595.48,1595.48,944.0,93,1,1.0,30.0,0.09851694915254237,1
13851,96,8,4606.46,575.8075,315.625,111,585,73.125,0.41025641025641024,0.04396039603960396,1
13852,611,1,187.35000000000002,187.35000000000002,85.0,11,1,1.0,30.0,0.12941176470588237,1
13853,57,1,1090.14,1090.14,312.0,23,1,1.0,30.0,0.07371794871794872,0
13854,9,39,11944.56,306.2707692307692,93.38461538461539,61,692,17.743589743589745,1.6907514450867052,0.016749038989566173,0
13855,501,4,1310.3400000000001,327.58500000000004,143.75,64,231,57.75,0.5194805194805194,0.11130434782608696,1
13856,169,11,1142.03,103.82090909090908,100.45454545454545,33,451,41.0,0.7317073170731707,0.02986425339366516,1
13857,393,6,1001.01,166.835,130.33333333333334,99,178,29.666666666666668,1.0112359550561798,0.1265984654731458,1
13858,57,1,216.17,216.17,75.0,11,1,1.0,30.0,0.14666666666666667,0
13859,326,2,515.86,257.93,83.5,34,204,102.0,0.29411764705882354,0.20359281437125748,1
13860,1,5,1245.9,249.18,118.2,58,86,17.2,1.744186046511628,0.09813874788494077,0
13861,429,2,273.26,136.63,112.5,21,102,51.0,0.5882352941176471,0.09333333333333334,1
13862,18,9,2556.09,284.01,214.11111111111111,113,372,41.333333333333336,0.7258064516129032,0.05864037363777893,0
13863,248,4,1239.55,309.8875,138.25,59,346,86.5,0.3468208092485549,0.10669077757685352,1
13864,387,1,662.4000000000001,662.4000000000001,192.0,1,1,1.0,30.0,0.005208333333333333,1
13865,58,4,501.56,125.39,51.0,26,232,58.0,0.5172413793103449,0.12745098039215685,0
13866,74,1,145.67000000000002,145.67000000000002,57.0,7,1,1.0,30.0,0.12280701754385964,0
13867,31,3,1005.09,335.03000000000003,167.0,51,187,62.333333333333336,0.48128342245989303,0.10179640718562874,0
13868,7,2,3192.54,1596.27,982.0,32,32,16.0,1.875,0.016293279022403257,0
13869,123,10,7996.87,799.687,430.2,502,568,56.8,0.528169014084507,0.11668991166899116,1
13870,2,15,5712.08,380.80533333333335,229.93333333333334,159,668,44.53333333333333,0.6736526946107785,0.04610031893302406,0
13871,23,17,7885.85,463.8735294117647,206.0,183,697,41.0,0.7317073170731707,0.052255853797829814,0
13872,527,3,919.57,306.52333333333337,113.0,51,199,66.33333333333333,0.4522613065326633,0.1504424778761062,1
13873,120,8,1038.92,129.865,59.0,55,527,65.875,0.4554079696394687,0.11652542372881355,1
13874,358,7,2049.15,292.7357142857143,123.42857142857143,46,315,45.0,0.6666666666666666,0.05324074074074074,1
13875,54,14,4814.37,343.88357142857143,219.42857142857142,159,669,47.785714285714285,0.6278026905829596,0.0517578125,0
13876,64,1,122.7,122.7,36.0,7,1,1.0,30.0,0.19444444444444445,0
13877,86,3,449.68,149.89333333333335,159.33333333333334,23,604,201.33333333333334,0.1490066225165563,0.04811715481171548,0
13878,55,4,2416.9,604.225,231.75,93,550,137.5,0.2181818181818182,0.10032362459546926,0
13879,646,1,395.5,395.5,204.0,25,1,1.0,30.0,0.12254901960784313,1
13880,21,17,4293.86,252.57999999999998,149.11764705882354,148,541,31.823529411764707,0.9426987060998151,0.05838264299802761,0
13881,4,43,45179.1,1050.6767441860466,692.0930232558139,182,642,14.930232558139535,2.0093457943925235,0.006115591397849463,0
13882,3,5,1191.13,238.22600000000003,190.6,54,62,12.4,2.419354838709677,0.05666316894018888,0
13883,11,15,6560.02,437.3346666666667,238.93333333333334,200,721,48.06666666666667,0.624133148404993,0.05580357142857143,0
13884,7,10,1825.03,182.503,75.2,108,463,46.3,0.6479481641468683,0.14361702127659576,0
13885,189,2,506.8,253.4,91.0,28,12,6.0,5.0,0.15384615384615385,1
13886,71,1,243.56,243.56,126.0,16,1,1.0,30.0,0.12698412698412698,0
13887,204,1,349.55,349.55,147.0,19,1,1.0,30.0,0.1292517006802721,1
13888,120,7,2001.59,285.94142857142856,113.57142857142857,124,456,65.14285714285714,0.46052631578947373,0.1559748427672956,1
13889,93,6,1991.23,331.87166666666667,163.16666666666666,57,594,99.0,0.30303030303030304,0.05822267620020429,1
13890,1,14,2927.38,209.09857142857143,99.42857142857143,100,733,52.357142857142854,0.572987721691678,0.07183908045977011,0
13891,378,3,859.21,286.40333333333336,158.66666666666666,97,204,68.0,0.4411764705882353,0.20378151260504201,1
13892,27,6,1267.6499999999999,211.27499999999998,520.8333333333334,33,550,91.66666666666667,0.32727272727272727,0.01056,0
13893,298,1,821.1,821.1,190.0,21,1,1.0,30.0,0.11052631578947368,1
13894,24,3,564.62,188.20666666666668,118.0,25,287,95.66666666666667,0.31358885017421606,0.07062146892655367,0
13895,28,6,4008.52,668.0866666666667,343.3333333333333,154,709,118.16666666666667,0.2538787023977433,0.07475728155339806,0
13896,626,1,388.55,388.55,149.0,21,1,1.0,30.0,0.14093959731543623,1
13897,50,3,1160.72,386.9066666666667,273.3333333333333,58,628,209.33333333333334,0.14331210191082802,0.07073170731707316,0
13898,326,2,686.4,343.2,272.0,43,86,43.0,0.6976744186046512,0.07904411764705882,1
13899,16,2,388.52,194.26,78.0,19,259,129.5,0.23166023166023167,0.12179487179487179,0
13900,183,6,1610.59,268.4316666666667,156.33333333333334,80,442,73.66666666666667,0.4072398190045249,0.08528784648187633,1
13901,72,15,5676.34,378.42266666666666,222.93333333333334,280,632,42.13333333333333,0.7120253164556962,0.08373205741626795,0
13902,632,5,34095.26,6819.052000000001,44120.0,58,93,18.6,1.6129032258064515,0.0002629193109700816,1
13903,400,1,165.45000000000002,165.45000000000002,103.0,10,1,1.0,30.0,0.0970873786407767,1
13904,37,2,332.64,166.32,166.0,24,258,129.0,0.23255813953488372,0.07228915662650602,0
13905,733,1,312.65,312.65,135.0,12,1,1.0,30.0,0.08888888888888889,1
13906,409,1,42.0,42.0,100.0,1,1,1.0,30.0,0.01,1
13907,692,1,136.8,136.8,68.0,4,1,1.0,30.0,0.058823529411764705,1
13908,80,4,2369.55,592.3875,369.5,104,197,49.25,0.6091370558375635,0.07036535859269283,0
13909,423,2,282.85,141.425,150.5,35,99,49.5,0.6060606060606061,0.11627906976744186,1
13911,57,20,4234.99,211.74949999999998,224.35,178,591,29.55,1.015228426395939,0.039670158234900825,0
13912,424,1,124.95,124.95,29.0,7,1,1.0,30.0,0.2413793103448276,1
13913,507,1,42.22,42.22,10.0,3,1,1.0,30.0,0.3,1
13914,12,2,626.45,313.225,190.0,28,25,12.5,2.4,0.07368421052631578,0
13915,394,1,70.80000000000001,70.80000000000001,24.0,2,1,1.0,30.0,0.08333333333333333,1
13916,464,4,1275.81,318.9525,168.25,72,212,53.0,0.5660377358490566,0.10698365527488855,1
13917,50,2,272.04,136.02,114.0,16,142,71.0,0.4225352112676056,0.07017543859649122,0
13918,50,2,1212.8400000000001,606.4200000000001,570.0,30,204,102.0,0.29411764705882354,0.02631578947368421,0
13919,59,4,1360.68,340.17,283.25,65,482,120.5,0.24896265560165975,0.05736981465136805,0
13920,432,4,1774.68,443.67,443.0,81,131,32.75,0.9160305343511451,0.045711060948081264,1
13921,402,4,730.7,182.675,52.5,36,320,80.0,0.375,0.17142857142857143,1
13922,352,3,865.2,288.40000000000003,155.66666666666666,30,116,38.666666666666664,0.7758620689655172,0.06423982869379015,1
13923,54,1,351.13,351.13,185.0,20,1,1.0,30.0,0.10810810810810811,0
13924,2,6,1838.8500000000001,306.475,262.5,90,71,11.833333333333334,2.535211267605634,0.05714285714285714,0
13925,93,4,678.25,169.5625,82.75,28,43,10.75,2.7906976744186047,0.08459214501510574,1
13926,23,1,223.85000000000002,223.85000000000002,104.0,11,1,1.0,30.0,0.10576923076923077,0
13927,75,2,708.26,354.13,231.5,37,363,181.5,0.1652892561983471,0.07991360691144708,0
13928,11,4,464.57,116.1425,32.25,23,123,30.75,0.9756097560975611,0.17829457364341086,0
13929,169,11,3494.1,317.6454545454545,142.36363636363637,38,526,47.81818181818182,0.6273764258555132,0.024265644955300127,1
13930,58,2,337.34,168.67,137.0,15,79,39.5,0.759493670886076,0.05474452554744526,0
13931,96,11,5257.38,477.94363636363636,317.09090909090907,205,641,58.27272727272727,0.514820592823713,0.058772935779816515,1
13932,295,1,307.4,307.4,72.0,16,1,1.0,30.0,0.2222222222222222,1
13933,109,2,608.7900000000001,304.39500000000004,102.5,23,40,20.0,1.5,0.11219512195121951,1
13934,264,1,922.1,922.1,390.0,31,1,1.0,30.0,0.07948717948717948,1
13935,597,3,6116.92,2038.9733333333334,750.6666666666666,67,56,18.666666666666668,1.6071428571428572,0.02975133214920071,1
13936,180,3,939.66,313.21999999999997,220.33333333333334,56,235,78.33333333333333,0.3829787234042553,0.08472012102874432,1
13937,169,2,880.13,440.065,293.5,54,234,117.0,0.25641025641025644,0.0919931856899489,1
13938,35,1,71.66,71.66,70.0,7,1,1.0,30.0,0.1,0
13939,23,7,1560.96,222.99428571428572,229.71428571428572,91,590,84.28571428571429,0.3559322033898305,0.056592039800995024,0
13940,17,4,839.14,209.785,129.0,39,127,31.75,0.9448818897637795,0.0755813953488372,0
13941,22,15,10027.18,668.4786666666666,318.8,42,702,46.8,0.6410256410256411,0.00878293601003764,0
13942,535,1,320.0,320.0,1000.0,1,1,1.0,30.0,0.001,1
13943,578,1,246.54,246.54,94.0,15,1,1.0,30.0,0.1595744680851064,1
13944,653,1,200.43,200.43,153.0,35,1,1.0,30.0,0.22875816993464052,1
13945,395,2,854.15,427.075,206.5,49,86,43.0,0.6976744186046512,0.11864406779661017,1
13946,79,6,1876.23,312.705,474.5,49,657,109.5,0.27397260273972607,0.017211099402880226,0
13947,65,1,90.6,90.6,44.0,5,1,1.0,30.0,0.11363636363636363,0
13948,361,4,548.76,137.19,62.0,23,375,93.75,0.32,0.09274193548387097,1
13949,3,6,2427.32,404.55333333333334,412.3333333333333,124,92,15.333333333333334,1.9565217391304346,0.050121261115602264,0
13950,11,4,745.06,186.265,80.75,33,236,59.0,0.5084745762711864,0.1021671826625387,0
13951,176,3,674.45,224.8166666666667,153.0,38,119,39.666666666666664,0.7563025210084033,0.08278867102396514,1
13952,218,14,12823.521,915.9657857142857,424.7857142857143,238,506,36.142857142857146,0.8300395256916996,0.04002017824112998,1
13953,7,12,6640.68,553.39,435.3333333333333,8,722,60.166666666666664,0.4986149584487535,0.0015313935681470138,0
13954,2,2,439.92,219.96,75.0,24,70,35.0,0.8571428571428571,0.16,0
13955,154,3,544.0699999999999,181.35666666666665,90.66666666666667,82,221,73.66666666666667,0.4072398190045249,0.3014705882352941,1
13956,5,5,1019.27,203.85399999999998,97.2,123,267,53.4,0.5617977528089887,0.25308641975308643,0
13957,418,3,458.25,152.75,52.333333333333336,21,241,80.33333333333333,0.37344398340248963,0.1337579617834395,1
13958,380,8,4709.2300000000005,588.6537500000001,283.0,172,355,44.375,0.676056338028169,0.07597173144876325,1
13959,79,6,1064.77,177.46166666666667,115.66666666666667,120,432,72.0,0.41666666666666663,0.1729106628242075,0
13960,21,2,230.22,115.11,71.0,11,51,25.5,1.1764705882352942,0.07746478873239436,0
13961,392,1,538.4,538.4,226.0,19,1,1.0,30.0,0.084070796460177,1
13962,22,3,362.8,120.93333333333334,53.333333333333336,23,414,138.0,0.21739130434782608,0.14375,0
13963,308,17,2860.57,168.26882352941178,118.05882352941177,129,289,17.0,1.7647058823529413,0.06427503736920777,1
13964,387,2,438.9,219.45,114.0,22,44,22.0,1.3636363636363638,0.09649122807017543,1
13965,477,3,996.61,332.2033333333333,141.66666666666666,23,227,75.66666666666667,0.39647577092511016,0.05411764705882353,1
13966,435,1,384.26,384.26,760.0,21,1,1.0,30.0,0.02763157894736842,1
13967,146,2,166.3,83.15,33.0,4,251,125.5,0.2390438247011952,0.06060606060606061,1
13968,423,1,123.66,123.66,174.0,8,1,1.0,30.0,0.04597701149425287,1
13969,7,35,12973.460000000001,370.67028571428574,189.71428571428572,472,618,17.65714285714286,1.6990291262135921,0.07108433734939759,0
13970,386,2,846.55,423.275,234.5,10,52,26.0,1.1538461538461537,0.021321961620469083,1
13971,19,14,4667.57,333.3978571428571,220.28571428571428,184,665,47.5,0.631578947368421,0.05966277561608301,0
13972,71,2,190.25,95.125,93.5,15,132,66.0,0.45454545454545453,0.08021390374331551,0
13973,287,1,264.7,264.7,109.0,11,1,1.0,30.0,0.10091743119266056,1
13974,49,2,677.72,338.86,178.0,43,533,266.5,0.11257035647279551,0.12078651685393259,0
13975,31,12,5256.4,438.0333333333333,323.6666666666667,434,645,53.75,0.5581395348837209,0.111740473738414,0
13976,207,4,1192.36,298.09,113.0,49,462,115.5,0.2597402597402597,0.1084070796460177,1
13977,411,1,519.8100000000001,519.8100000000001,303.0,13,1,1.0,30.0,0.0429042904290429,1
13978,15,2,196.79000000000002,98.39500000000001,157.5,14,31,15.5,1.9354838709677418,0.044444444444444446,0
13979,73,7,3379.93,482.84714285714284,324.2857142857143,356,664,94.85714285714286,0.31626506024096385,0.1568281938325991,0
13980,60,5,768.82,153.764,92.6,57,596,119.2,0.25167785234899326,0.12311015118790497,0
13981,416,1,331.14,331.14,234.0,22,1,1.0,30.0,0.09401709401709402,1
13982,39,9,3954.29,439.36555555555555,275.3333333333333,123,650,72.22222222222223,0.41538461538461535,0.04963680387409201,0
13983,30,21,6753.89,321.61380952380955,186.9047619047619,238,701,33.38095238095238,0.8987161198288159,0.06063694267515923,0
13984,27,12,1893.8,157.81666666666666,108.41666666666667,53,707,58.916666666666664,0.5091937765205092,0.04073789392774789,0
13985,4,22,10020.86,455.49363636363637,224.36363636363637,149,665,30.227272727272727,0.9924812030075187,0.03018638573743922,0
13986,17,1,320.46,320.46,430.0,12,1,1.0,30.0,0.027906976744186046,0
13987,380,2,682.54,341.27,246.0,46,22,11.0,2.7272727272727275,0.09349593495934959,1
13988,20,8,4757.8,594.725,423.125,218,606,75.75,0.39603960396039606,0.06440177252584933,0
13989,66,5,2026.06,405.212,441.4,61,498,99.6,0.3012048192771084,0.027639329406434075,0
13990,213,1,311.3,311.3,190.0,16,1,1.0,30.0,0.08421052631578947,1
13991,12,6,852.88,142.14666666666668,165.83333333333334,58,132,22.0,1.3636363636363635,0.05829145728643216,0
13992,30,3,219.5,73.16666666666667,51.333333333333336,10,433,144.33333333333334,0.20785219399538105,0.06493506493506493,0
13993,43,19,6775.71,356.6163157894737,112.36842105263158,110,694,36.526315789473685,0.8213256484149856,0.05152224824355972,0
13994,4,6,2274.14,379.0233333333333,155.33333333333334,122,145,24.166666666666668,1.2413793103448276,0.13090128755364808,0
13995,15,14,3902.01,278.71500000000003,168.5,146,707,50.5,0.594059405940594,0.06189063162356931,0
13996,386,2,895.76,447.88,306.5,29,14,7.0,4.285714285714286,0.04730831973898858,1
13997,519,3,376.46,125.48666666666666,47.666666666666664,36,32,10.666666666666666,2.8125,0.2517482517482518,1
13998,447,3,566.7,188.9,68.0,30,130,43.333333333333336,0.6923076923076924,0.14705882352941177,1
13999,10,29,9502.26,327.6641379310345,173.89655172413794,174,725,25.0,1.2,0.034503271861986914,0
14000,211,5,2046.3400000000001,409.26800000000003,367.6,28,527,105.4,0.2846299810246679,0.015233949945593036,1
14001,46,9,4228.85,469.87222222222226,197.66666666666666,60,448,49.77777777777778,0.6026785714285714,0.03372681281618887,0
14002,134,2,529.73,264.865,438.5,47,23,11.5,2.608695652173913,0.053591790193842644,1
14003,733,1,209.41,209.41,149.0,16,1,1.0,30.0,0.10738255033557047,1
14004,43,11,6258.45,568.9499999999999,311.3636363636364,127,393,35.72727272727273,0.8396946564885497,0.03708029197080292,0
14005,10,5,2874.72,574.944,495.6,53,207,41.4,0.7246376811594203,0.021388216303470542,0
14006,116,7,2196.67,313.81,311.57142857142856,55,537,76.71428571428571,0.3910614525139665,0.02521779000458505,1
14007,513,1,79.48,79.48,16.0,5,1,1.0,30.0,0.3125,1
14008,432,1,509.04,509.04,326.0,32,1,1.0,30.0,0.09815950920245399,1
14009,198,3,1099.91,366.6366666666667,317.0,71,265,88.33333333333333,0.33962264150943394,0.07465825446898001,1
14010,565,2,445.15,222.575,88.5,20,1,0.5,60.0,0.11299435028248588,1
14011,480,2,457.82,228.91,322.0,32,128,64.0,0.46875,0.049689440993788817,1
14012,278,1,328.8,328.8,160.0,11,1,1.0,30.0,0.06875,1
14013,110,5,1084.57,216.914,155.0,56,514,102.8,0.2918287937743191,0.07225806451612904,1
14014,77,3,1948.21,649.4033333333333,668.0,76,500,166.66666666666666,0.18,0.03792415169660679,0
14015,53,1,917.34,917.34,378.0,20,1,1.0,30.0,0.05291005291005291,0
14016,162,11,11403.41,1036.6736363636364,520.1818181818181,354,539,49.0,0.6122448979591837,0.06186648025166026,1
14017,571,1,229.75,229.75,73.0,14,1,1.0,30.0,0.1917808219178082,1
14018,645,1,367.15000000000003,367.15000000000003,224.0,13,1,1.0,30.0,0.05803571428571429,1
14019,47,3,1421.61,473.86999999999995,345.6666666666667,37,92,30.666666666666668,0.9782608695652173,0.03567984570877531,0
14020,17,4,1249.01,312.2525,162.0,63,513,128.25,0.23391812865497075,0.09722222222222222,0
14021,155,7,1716.58,245.22571428571428,125.42857142857143,84,438,62.57142857142857,0.4794520547945206,0.09567198177676538,1
14022,225,2,792.15,396.075,340.5,45,262,131.0,0.22900763358778628,0.06607929515418502,1
14023,7,2,584.07,292.035,172.5,30,243,121.5,0.2469135802469136,0.08695652173913043,0
14024,122,3,645.74,215.24666666666667,79.33333333333333,33,270,90.0,0.3333333333333333,0.13865546218487396,1
14025,465,8,4057.9,507.2375,239.25,60,120,15.0,2.0,0.03134796238244514,1
14026,471,2,713.11,356.555,213.5,43,155,77.5,0.3870967741935484,0.10070257611241218,1
14027,61,1,104.82,104.82,62.0,6,1,1.0,30.0,0.0967741935483871,0
14028,550,3,10396.5,3465.5,2390.0,3,1,0.3333333333333333,90.0,0.00041841004184100416,1
14029,63,2,467.66,233.83,99.0,15,81,40.5,0.7407407407407407,0.07575757575757576,0
14030,18,20,7521.8,376.09000000000003,210.75,591,711,35.55,0.8438818565400844,0.1402135231316726,0
14031,7,44,39019.51,886.8070454545455,313.25,280,730,16.59090909090909,1.808219178082192,0.02031488065007618,0
14032,2,16,4546.41,284.150625,233.75,79,724,45.25,0.6629834254143646,0.021122994652406416,0
14033,555,1,109.44,109.44,576.0,1,1,1.0,30.0,0.001736111111111111,1
14034,22,3,648.89,216.29666666666665,140.0,82,136,45.333333333333336,0.6617647058823529,0.19523809523809524,0
14035,29,9,2794.75,310.52777777777777,156.11111111111111,70,584,64.88888888888889,0.4623287671232877,0.0498220640569395,0
14036,285,1,626.65,626.65,268.0,38,1,1.0,30.0,0.1417910447761194,1
14037,176,6,836.95,139.49166666666667,98.33333333333333,96,557,92.83333333333333,0.3231597845601436,0.16271186440677965,1
14038,78,5,3069.88,613.976,341.6,99,596,119.2,0.25167785234899326,0.057962529274004686,0
14039,33,2,267.28000000000003,133.64000000000001,96.0,10,543,271.5,0.11049723756906077,0.052083333333333336,0
14040,41,35,12523.81,357.82314285714284,142.05714285714285,335,699,19.97142857142857,1.502145922746781,0.06737731295253419,0
14041,266,1,141.41,141.41,94.0,21,1,1.0,30.0,0.22340425531914893,1
14042,725,1,431.98,431.98,180.0,21,1,1.0,30.0,0.11666666666666667,1
14043,491,2,302.6,151.3,76.0,37,239,119.5,0.2510460251046025,0.24342105263157895,1
14044,27,10,3077.7,307.77,210.0,533,658,65.8,0.45592705167173253,0.2538095238095238,0
14045,109,16,10986.63,686.664375,278.6875,16,592,37.0,0.8108108108108107,0.00358824848620767,1
14046,284,1,154.99,154.99,460.0,14,1,1.0,30.0,0.030434782608695653,1
14047,9,14,3968.11,283.43642857142856,110.07142857142857,91,669,47.785714285714285,0.6278026905829596,0.05905256327060351,0
14048,305,3,748.69,249.56333333333336,155.66666666666666,126,78,26.0,1.1538461538461537,0.2698072805139186,1
14049,17,13,13023.4,1001.8,652.3076923076923,573,601,46.23076923076923,0.64891846921797,0.06757075471698114,0
14050,32,2,746.36,373.18,344.5,49,75,37.5,0.8,0.07111756168359942,0
14051,1,37,21770.98,588.4048648648649,154.2972972972973,82,736,19.89189189189189,1.5081521739130435,0.014363286039586618,0
14052,20,2,466.66,233.33,87.0,115,372,186.0,0.16129032258064516,0.6609195402298851,0
14053,124,4,572.3,143.075,122.5,3,363,90.75,0.3305785123966942,0.006122448979591836,1
14054,65,1,92.46,92.46,62.0,6,1,1.0,30.0,0.0967741935483871,0
14055,106,3,1520.96,506.9866666666667,240.0,33,617,205.66666666666666,0.14586709886547813,0.04583333333333333,1
14056,1,23,8152.71,354.46565217391304,184.8695652173913,320,283,12.304347826086957,2.4381625441696113,0.07525870178739416,0
14057,24,22,8346.66,379.39363636363635,292.6363636363636,244,713,32.40909090909091,0.9256661991584854,0.037899968934451696,0
14058,463,2,469.19,234.595,105.5,23,68,34.0,0.8823529411764706,0.10900473933649289,1
14059,267,1,183.6,183.6,128.0,8,1,1.0,30.0,0.0625,1
14060,5,30,8898.24,296.608,247.3,100,635,21.166666666666668,1.4173228346456692,0.013478905512872355,0
14061,507,3,917.4300000000001,305.81,44.333333333333336,17,231,77.0,0.38961038961038963,0.12781954887218044,1
14062,10,24,25585.65,1066.0687500000001,533.0833333333334,141,720,30.0,1.0,0.011020790995779272,0
14063,438,9,22710.2,2523.355555555556,427.77777777777777,30,294,32.666666666666664,0.9183673469387754,0.007792207792207792,1
14064,29,15,3260.24,217.3493333333333,260.73333333333335,131,658,43.86666666666667,0.6838905775075987,0.03349526975198159,0
14065,389,3,891.02,297.00666666666666,194.0,42,43,14.333333333333334,2.0930232558139537,0.07216494845360824,1
14066,267,1,152.55,152.55,45.0,7,1,1.0,30.0,0.15555555555555556,1
14067,64,2,374.7,187.35,180.5,51,33,16.5,1.8181818181818181,0.14127423822714683,0
14068,320,4,1516.72,379.18,127.5,93,358,89.5,0.33519553072625696,0.18235294117647058,1
14069,515,2,225.81,112.905,29.0,37,47,23.5,1.2765957446808511,0.6379310344827587,1
14070,685,1,321.6,321.6,85.0,40,1,1.0,30.0,0.47058823529411764,1
14071,4,8,1437.57,179.69625,124.25,271,262,32.75,0.9160305343511451,0.272635814889336,0
14072,667,1,390.85,390.85,65.0,19,1,1.0,30.0,0.2923076923076923,1
14073,32,1,151.04,151.04,130.0,13,1,1.0,30.0,0.1,0
14074,623,1,219.39999999999998,219.39999999999998,228.0,6,1,1.0,30.0,0.02631578947368421,1
14075,5,6,1734.87,289.145,249.0,59,537,89.5,0.335195530726257,0.039491298527443104,0
14076,129,1,118.67,118.67,79.0,43,1,1.0,30.0,0.5443037974683544,1
14077,41,6,615.0799999999999,102.51333333333332,62.666666666666664,43,355,59.166666666666664,0.5070422535211268,0.11436170212765957,0
14078,102,9,1553.47,172.60777777777778,65.11111111111111,107,520,57.77777777777778,0.5192307692307693,0.1825938566552901,1
14079,125,2,618.73,309.365,151.0,13,558,279.0,0.1075268817204301,0.04304635761589404,1
14080,33,5,1115.68,223.13600000000002,53.6,74,705,141.0,0.2127659574468085,0.27611940298507465,0
14081,302,10,4867.57,486.75699999999995,338.1,465,427,42.7,0.702576112412178,0.13753327417923691,1
14082,365,2,413.36,206.68,123.0,48,28,14.0,2.142857142857143,0.1951219512195122,1
14083,4,11,1082.19,98.3809090909091,69.0909090909091,169,718,65.27272727272727,0.4596100278551532,0.22236842105263158,0
14084,512,1,150.5,150.5,306.0,7,1,1.0,30.0,0.02287581699346405,1
14085,2,33,9720.67,294.5657575757576,194.96969696969697,479,730,22.12121212121212,1.356164383561644,0.07444824370531551,0
14086,463,1,39.95,39.95,1.0,1,1,1.0,30.0,1.0,1
14087,3,3,829.47,276.49,239.33333333333334,175,733,244.33333333333334,0.12278308321964529,0.24373259052924792,0
14088,10,16,64036.8,4002.3,954.75,436,411,25.6875,1.1678832116788322,0.028541503011259493,0
14089,57,1,158.75,158.75,133.0,13,1,1.0,30.0,0.09774436090225563,0
14090,325,1,76.32000000000001,76.32000000000001,72.0,1,1,1.0,30.0,0.013888888888888888,1
14091,654,2,9530.08,4765.04,1658.0,13,45,22.5,1.3333333333333333,0.0039203860072376355,1
14092,8,24,7229.45,301.2270833333333,150.25,169,716,29.833333333333332,1.005586592178771,0.046866333887964504,0
14093,12,1,433.86,433.86,391.0,95,1,1.0,30.0,0.24296675191815856,0
14094,440,1,311.77,311.77,158.0,41,1,1.0,30.0,0.25949367088607594,1
14095,723,1,2.95,2.95,1.0,1,1,1.0,30.0,1.0,1
14096,4,17,65164.79,3833.2229411764706,961.8823529411765,1119,98,5.764705882352941,5.204081632653061,0.06843199608610567,0
14097,481,2,422.85999999999996,211.42999999999998,176.0,39,165,82.5,0.36363636363636365,0.11079545454545454,1
14098,37,1,147.35,147.35,104.0,21,1,1.0,30.0,0.20192307692307693,0
14099,16,20,5750.91,287.5455,183.3,273,714,35.7,0.8403361344537815,0.07446808510638298,0
14100,138,1,191.95000000000002,191.95000000000002,63.0,24,1,1.0,30.0,0.38095238095238093,1
14101,74,13,9961.93,766.3023076923077,810.9230769230769,19,548,42.15384615384615,0.7116788321167884,0.0018023145513185355,0
14102,5,5,1105.8799999999999,221.176,153.8,35,40,8.0,3.75,0.045513654096228866,0
14104,155,5,743.53,148.706,99.2,117,406,81.2,0.3694581280788177,0.23588709677419356,1
14105,239,5,5988.83,1197.766,706.8,200,483,96.6,0.3105590062111801,0.056593095642331635,1
14106,737,1,214.79999999999998,214.79999999999998,24.0,1,1,1.0,30.0,0.041666666666666664,1
14107,52,11,4877.3,443.39090909090913,317.1818181818182,102,679,61.72727272727273,0.48600883652430044,0.029234737747205503,0
14108,31,4,1044.96,261.24,165.0,49,708,177.0,0.1694915254237288,0.07424242424242425,0
14109,73,1,144.2,144.2,88.0,9,1,1.0,30.0,0.10227272727272728,0
14110,4,33,12987.95,393.57424242424247,176.5151515151515,177,736,22.303030303030305,1.3451086956521738,0.030386266094420602,0
14111,14,4,692.85,173.2125,114.5,10,228,57.0,0.5263157894736842,0.021834061135371178,0
14112,23,13,5834.59,448.8146153846154,272.2307692307692,199,632,48.61538461538461,0.6170886075949367,0.05623057360836394,0
14113,4,16,7092.610000000001,443.28812500000004,214.9375,76,729,45.5625,0.6584362139917695,0.022099447513812154,0
14114,274,7,1364.09,194.86999999999998,92.85714285714286,72,333,47.57142857142857,0.6306306306306306,0.11076923076923077,1
14115,502,2,622.6700000000001,311.33500000000004,254.5,22,166,83.0,0.3614457831325301,0.043222003929273084,1
14116,20,5,1382.74,276.548,141.4,61,102,20.4,1.4705882352941178,0.08628005657708628,0
14117,144,1,90.0,90.0,72.0,3,1,1.0,30.0,0.041666666666666664,1
14118,429,1,458.45,458.45,97.0,15,1,1.0,30.0,0.15463917525773196,1
14119,376,2,183.37,91.685,88.5,11,343,171.5,0.1749271137026239,0.062146892655367235,1
14121,4,4,2780.15,695.0375,520.5,148,57,14.25,2.1052631578947367,0.07108549471661864,0
14122,406,3,362.42,120.80666666666667,38.0,12,332,110.66666666666667,0.2710843373493976,0.10526315789473684,1
14123,733,1,436.18,436.18,234.0,24,1,1.0,30.0,0.10256410256410256,1
14124,84,1,419.58000000000004,419.58000000000004,1618.0,4,1,1.0,30.0,0.002472187886279357,0
14125,11,3,2720.63,906.8766666666667,542.6666666666666,159,68,22.666666666666668,1.3235294117647058,0.09766584766584767,0
14126,8,4,1172.46,293.115,221.75,37,437,109.25,0.2745995423340961,0.04171364148816235,0
14127,123,6,1900.0800000000002,316.68,138.0,96,303,50.5,0.594059405940594,0.11594202898550725,1
14128,61,3,924.21,308.07,271.3333333333333,50,491,163.66666666666666,0.18329938900203666,0.06142506142506143,0
14129,2,9,2591.34,287.9266666666667,157.11111111111111,40,578,64.22222222222223,0.4671280276816609,0.028288543140028287,0
14130,319,4,1858.77,464.6925,303.75,189,409,102.25,0.293398533007335,0.15555555555555556,1
14131,649,1,168.22,168.22,105.0,45,1,1.0,30.0,0.42857142857142855,1
14132,2,11,3586.0299999999997,326.00272727272727,306.1818181818182,100,182,16.545454545454547,1.8131868131868132,0.029691211401425176,0
14133,130,4,911.14,227.785,99.5,33,604,151.0,0.19867549668874174,0.0829145728643216,1
14134,383,15,11123.35,741.5566666666667,387.6,130,348,23.2,1.293103448275862,0.022359821121431027,1
14135,2,24,8839.67,368.31958333333336,355.5833333333333,138,737,30.708333333333332,0.9769335142469471,0.016170611670963207,0
14136,401,5,1570.81,314.162,229.6,86,332,66.4,0.45180722891566266,0.07491289198606271,1
14137,696,1,332.7,332.7,462.0,11,1,1.0,30.0,0.023809523809523808,1
14138,2,2,965.8800000000001,482.94000000000005,300.0,40,63,31.5,0.9523809523809523,0.06666666666666667,0
14139,46,4,1086.8,271.7,262.25,48,497,124.25,0.2414486921529175,0.04575786463298379,0
14140,4,2,935.05,467.525,405.5,60,28,14.0,2.142857142857143,0.07398273736128237,0
14141,3,4,915.13,228.7825,88.75,27,103,25.75,1.1650485436893205,0.07605633802816901,0
14142,373,2,671.34,335.67,259.0,42,274,137.0,0.21897810218978103,0.08108108108108109,1
14143,134,1,115.8,115.8,30.0,7,1,1.0,30.0,0.23333333333333334,1
14144,486,1,30.599999999999998,30.599999999999998,12.0,1,1,1.0,30.0,0.08333333333333333,1
14145,47,7,7600.05,1085.7214285714285,236.42857142857142,11,565,80.71428571428571,0.37168141592920356,0.006646525679758308,0
14146,9,12,9450.3,787.525,481.6666666666667,337,687,57.25,0.5240174672489083,0.05830449826989619,0
14147,78,9,2590.2,287.79999999999995,110.55555555555556,24,563,62.55555555555556,0.47957371225577267,0.024120603015075376,0
14148,234,2,466.29,233.145,111.5,15,181,90.5,0.3314917127071823,0.06726457399103139,1
14149,221,1,446.62,446.62,218.0,28,1,1.0,30.0,0.12844036697247707,1
14150,36,2,658.64,329.32,248.0,23,325,162.5,0.1846153846153846,0.046370967741935484,0
14151,673,2,679.45,339.725,202.5,44,44,22.0,1.3636363636363638,0.10864197530864197,1
14152,75,7,1997.3400000000001,285.3342857142857,263.42857142857144,104,584,83.42857142857143,0.35958904109589046,0.05639913232104121,0
14153,483,1,233.4,233.4,312.0,17,1,1.0,30.0,0.05448717948717949,1
14154,239,8,6460.7,807.5875,402.75,236,457,57.125,0.525164113785558,0.07324643078833024,1
14155,266,1,118.75,118.75,25.0,6,1,1.0,30.0,0.24,1
14156,10,156,313437.62,2009.2155128205127,1053.3653846153845,1446,729,4.673076923076923,6.419753086419753,0.008799634869922409,0
14157,20,5,978.69,195.738,104.2,75,627,125.4,0.23923444976076558,0.14395393474088292,0
14158,40,1,507.66,507.66,781.0,41,1,1.0,30.0,0.052496798975672214,0
14159,20,20,7860.8,393.04,326.0,706,718,35.9,0.8356545961002786,0.10828220858895705,0
14160,610,7,8421.47,1203.0671428571427,665.8571428571429,80,89,12.714285714285714,2.359550561797753,0.017163698777086463,1
14161,216,7,2996.93,428.1328571428571,211.42857142857142,202,511,73.0,0.410958904109589,0.13648648648648648,1
14162,174,2,289.36,144.68,71.0,25,119,59.5,0.5042016806722689,0.176056338028169,1
14163,87,5,2594.62,518.924,190.0,42,375,75.0,0.4,0.04421052631578947,0
14164,71,2,1631.77,815.885,516.5,28,11,5.5,5.454545454545455,0.027105517909002903,0
14165,276,1,120.44,120.44,53.0,23,1,1.0,30.0,0.4339622641509434,1
14166,505,2,251.15,125.575,41.0,39,122,61.0,0.49180327868852464,0.47560975609756095,1
14167,39,8,1274.29,159.28625,42.5,48,642,80.25,0.3738317757009346,0.1411764705882353,0
14168,421,2,370.45,185.225,73.5,11,144,72.0,0.4166666666666667,0.07482993197278912,1
14169,431,2,621.51,310.755,102.5,50,14,7.0,4.285714285714286,0.24390243902439024,1
14170,375,3,570.18,190.05999999999997,90.0,123,20,6.666666666666667,4.5,0.45555555555555555,1
14171,98,2,498.79,249.395,105.5,61,633,316.5,0.0947867298578199,0.2890995260663507,1
14172,605,3,369.02,123.00666666666666,26.0,38,38,12.666666666666666,2.368421052631579,0.48717948717948717,1
14173,11,6,586.0,97.66666666666667,32.333333333333336,30,720,120.0,0.25,0.15463917525773196,0
14174,33,1,134.46,134.46,94.0,26,1,1.0,30.0,0.2765957446808511,0
14175,60,8,7678.88,959.86,376.125,237,569,71.125,0.421792618629174,0.07876370887337986,0
14176,297,5,756.46,151.292,53.0,33,84,16.8,1.7857142857142858,0.12452830188679245,1
14177,86,13,2209.69,169.97615384615386,80.23076923076923,141,566,43.53846153846154,0.6890459363957597,0.13518696069031638,0
14178,9,7,1600.26,228.60857142857142,213.42857142857142,191,174,24.857142857142858,1.206896551724138,0.1278447121820616,0
14179,41,2,701.57,350.785,159.5,135,12,6.0,5.0,0.4231974921630094,0
14180,11,33,6117.5,185.37878787878788,25.666666666666668,125,538,16.303030303030305,1.8401486988847584,0.14757969303423848,0
14181,411,2,308.35,154.175,60.0,48,152,76.0,0.39473684210526316,0.4,1
14182,444,4,678.77,169.6925,43.5,42,153,38.25,0.7843137254901962,0.2413793103448276,1
14183,411,2,278.34000000000003,139.17000000000002,30.0,27,70,35.0,0.8571428571428571,0.45,1
14184,67,1,452.89,452.89,127.0,24,1,1.0,30.0,0.1889763779527559,0
14185,331,1,197.65,197.65,6.0,3,1,1.0,30.0,0.5,1
14186,427,5,1550.63,310.12600000000003,310.0,75,218,43.6,0.6880733944954128,0.04838709677419355,1
14187,474,1,123.5,123.5,50.0,8,1,1.0,30.0,0.16,1
14188,31,6,2054.36,342.3933333333334,193.66666666666666,34,280,46.666666666666664,0.6428571428571428,0.029259896729776247,0
14189,2,16,5503.15,343.946875,274.5,199,387,24.1875,1.2403100775193798,0.04530965391621129,0
14190,666,1,79.9,79.9,2.0,1,1,1.0,30.0,0.5,1
14191,2,15,4817.66,321.1773333333333,248.26666666666668,147,727,48.46666666666667,0.6189821182943603,0.039473684210526314,0
14192,388,1,293.74,293.74,218.0,14,1,1.0,30.0,0.06422018348623854,1
14193,68,3,1210.19,403.3966666666667,217.66666666666666,49,329,109.66666666666667,0.2735562310030395,0.07503828483920368,0
14194,5,36,18670.59,518.6275,278.80555555555554,432,698,19.38888888888889,1.5472779369627507,0.04304074922785693,0
14195,202,6,2615.6,435.93333333333334,357.3333333333333,10,433,72.16666666666667,0.4157043879907621,0.0046641791044776115,1
14196,107,1,335.52,335.52,142.0,6,1,1.0,30.0,0.04225352112676056,1
14197,411,1,390.05,390.05,143.0,20,1,1.0,30.0,0.13986013986013987,1
14198,18,9,1569.73,174.41444444444446,69.22222222222223,58,686,76.22222222222223,0.3935860058309038,0.09309791332263243,0
14199,218,4,1091.7,272.925,63.5,15,313,78.25,0.38338658146964855,0.05905511811023622,1
14200,617,1,379.2,379.2,140.0,21,1,1.0,30.0,0.15,1
14201,60,10,1193.54,119.354,80.6,47,529,52.9,0.5671077504725898,0.05831265508684864,0
14202,381,3,847.76,282.58666666666664,55.333333333333336,27,244,81.33333333333333,0.36885245901639346,0.16265060240963855,1
14203,397,1,339.34,339.34,80.0,16,1,1.0,30.0,0.2,1
14204,2,4,1024.83,256.2075,117.25,186,736,184.0,0.16304347826086957,0.39658848614072495,0
14205,17,9,2414.2,268.2444444444444,149.11111111111111,79,626,69.55555555555556,0.43130990415335463,0.05886736214605067,0
14206,239,3,1185.01,395.00333333333333,310.0,62,164,54.666666666666664,0.5487804878048781,0.06666666666666667,1
14207,688,1,157.8,157.8,36.0,2,1,1.0,30.0,0.05555555555555555,1
14208,95,2,567.05,283.525,264.5,34,457,228.5,0.1312910284463895,0.06427221172022685,1
14209,11,15,4993.27,332.8846666666667,115.93333333333334,133,676,45.06666666666667,0.665680473372781,0.07648073605520414,0
14210,106,16,5556.570000000001,347.28562500000004,156.9375,143,598,37.375,0.802675585284281,0.05694942254082039,1
14211,53,18,4402.29,244.57166666666666,143.05555555555554,155,678,37.666666666666664,0.7964601769911503,0.06019417475728155,0
14212,90,2,2190.14,1095.07,1023.0,18,357,178.5,0.1680672268907563,0.008797653958944282,0
14213,405,1,1192.2,1192.2,244.0,5,1,1.0,30.0,0.020491803278688523,1
14214,31,5,1004.38,200.876,150.2,64,247,49.4,0.6072874493927126,0.085219707057257,0
14215,12,9,3250.33,361.1477777777778,242.33333333333334,167,721,80.11111111111111,0.37447988904299584,0.07657038055937643,0
14216,3,5,2150.04,430.008,142.4,65,411,82.2,0.36496350364963503,0.09129213483146068,0
14217,2,23,3298.59,143.41695652173914,53.47826086956522,122,526,22.869565217391305,1.3117870722433458,0.0991869918699187,0
14218,43,1,169.48000000000002,169.48000000000002,160.0,12,1,1.0,30.0,0.075,0
14219,4,3,633.83,211.27666666666667,121.0,39,490,163.33333333333334,0.1836734693877551,0.10743801652892562,0
14220,247,4,1515.0,378.75,117.0,26,322,80.5,0.3726708074534162,0.05555555555555555,1
14221,42,17,6517.49,383.38176470588235,224.0,166,570,33.529411764705884,0.8947368421052632,0.043592436974789914,0
14222,177,1,683.17,683.17,607.0,41,1,1.0,30.0,0.06754530477759473,1
14223,92,3,991.13,330.37666666666667,195.0,50,172,57.333333333333336,0.5232558139534884,0.08547008547008547,1
14224,110,9,1841.71,204.63444444444445,91.77777777777777,189,434,48.22222222222222,0.6221198156682027,0.2288135593220339,1
14225,435,4,2031.07,507.7675,291.75,70,262,65.5,0.45801526717557256,0.05998286203941731,1
14226,29,6,2985.13,497.5216666666667,285.6666666666667,89,413,68.83333333333333,0.4358353510895884,0.051925320886814466,0
14227,26,15,6368.71,424.5806666666667,269.8666666666667,246,644,42.93333333333333,0.6987577639751553,0.060770750988142296,0
14228,438,3,745.5,248.5,86.66666666666667,38,109,36.333333333333336,0.8256880733944955,0.14615384615384616,1
14229,52,7,2594.04,370.57714285714286,133.42857142857142,41,420,60.0,0.5,0.043897216274089934,0
14230,436,3,979.8000000000001,326.6,82.0,27,113,37.666666666666664,0.7964601769911505,0.10975609756097561,1
14231,184,4,1235.6200000000001,308.90500000000003,152.5,66,268,67.0,0.44776119402985076,0.10819672131147541,1
14232,43,5,2048.07,409.61400000000003,388.2,81,222,44.4,0.6756756756756757,0.04173106646058733,0
14233,49,7,2904.27,414.8957142857143,180.14285714285714,42,595,85.0,0.35294117647058826,0.03330689928628073,0
14234,22,4,754.12,188.53,237.75,122,36,9.0,3.3333333333333335,0.12828601472134596,0
14235,75,9,4717.99,524.2211111111111,334.8888888888889,107,545,60.55555555555556,0.4954128440366972,0.03550099535500995,0
14236,81,5,1555.34,311.068,154.8,39,425,85.0,0.35294117647058826,0.050387596899224806,0
14237,373,2,471.14,235.57,119.0,26,218,109.0,0.27522935779816515,0.1092436974789916,1
14238,326,3,434.23,144.74333333333334,63.0,13,409,136.33333333333334,0.22004889975550124,0.06878306878306878,1
14239,43,21,4263.17,203.00809523809525,82.33333333333333,97,692,32.95238095238095,0.9104046242774566,0.05610179294389821,0
14240,30,3,1247.49,415.83,218.33333333333334,46,394,131.33333333333334,0.2284263959390863,0.07022900763358779,0
14241,184,2,333.70000000000005,166.85000000000002,121.0,12,513,256.5,0.11695906432748537,0.049586776859504134,1
14242,235,2,280.55,140.275,61.5,13,92,46.0,0.6521739130434783,0.10569105691056911,1
14243,9,17,7217.75,424.5735294117647,213.58823529411765,235,468,27.529411764705884,1.0897435897435899,0.06472046268245663,0
14244,661,1,366.41999999999996,366.41999999999996,814.0,16,1,1.0,30.0,0.019656019656019656,1
14245,220,2,1693.45,846.725,488.0,107,44,22.0,1.3636363636363638,0.1096311475409836,1
14246,111,3,1474.06,491.3533333333333,268.0,57,136,45.333333333333336,0.6617647058823529,0.0708955223880597,1
14247,278,5,753.56,150.712,75.6,82,274,54.8,0.5474452554744526,0.21693121693121692,1
14248,318,3,1032.95,344.31666666666666,230.66666666666666,41,198,66.0,0.4545454545454546,0.059248554913294796,1
14249,411,12,5400.461,450.0384166666667,198.58333333333334,178,269,22.416666666666668,1.338289962825279,0.07469576164498531,1
14250,7,3,1904.05,634.6833333333333,400.0,94,83,27.666666666666668,1.0843373493975903,0.07833333333333334,0
14251,2,5,2879.7000000000003,575.94,334.8,37,56,11.2,2.6785714285714284,0.022102747909199524,0
14252,381,1,350.99,350.99,111.0,10,1,1.0,30.0,0.09009009009009009,1
14253,493,2,363.40000000000003,181.70000000000002,44.0,11,130,65.0,0.46153846153846156,0.125,1
14254,433,1,601.03,601.03,263.0,23,1,1.0,30.0,0.08745247148288973,1
14255,546,1,1000.63,1000.63,1.0,1,1,1.0,30.0,1.0,1
14256,260,5,2460.79,492.158,229.4,100,435,87.0,0.3448275862068966,0.08718395815170009,1
14257,64,9,5954.45,661.6055555555555,370.22222222222223,167,585,65.0,0.46153846153846156,0.050120048019207684,0
14258,9,25,32051.34,1282.0536,699.52,97,727,29.08,1.031636863823934,0.005546660567246111,0
14259,142,1,120.0,120.0,68.0,5,1,1.0,30.0,0.07352941176470588,1
14260,471,3,824.28,274.76,181.33333333333334,50,78,26.0,1.1538461538461537,0.09191176470588236,1
14261,51,2,1163.45,581.725,203.0,52,28,14.0,2.142857142857143,0.12807881773399016,0
14262,8,8,2618.23,327.27875,205.625,87,233,29.125,1.0300429184549356,0.05288753799392097,0
14263,423,1,322.93,322.93,171.0,16,1,1.0,30.0,0.0935672514619883,1
14264,155,6,1517.3600000000001,252.89333333333335,92.16666666666667,59,457,76.16666666666667,0.39387308533916854,0.10669077757685352,1
14265,109,4,1373.35,343.3375,178.75,74,503,125.75,0.2385685884691849,0.1034965034965035,1
14266,428,1,40.56,40.56,24.0,1,1,1.0,30.0,0.041666666666666664,1
14267,163,3,1516.24,505.41333333333336,176.66666666666666,25,98,32.666666666666664,0.9183673469387755,0.04716981132075472,1
14268,471,1,354.85,354.85,147.0,19,1,1.0,30.0,0.1292517006802721,1
14269,439,1,295.73,295.73,123.0,16,1,1.0,30.0,0.13008130081300814,1
14270,332,1,492.65000000000003,492.65000000000003,197.0,29,1,1.0,30.0,0.14720812182741116,1
14271,226,2,214.18,107.09,74.0,38,184,92.0,0.32608695652173914,0.25675675675675674,1
14272,74,4,920.81,230.2025,274.25,62,509,127.25,0.23575638506876231,0.056517775752051046,0
14273,51,4,559.97,139.9925,66.0,22,191,47.75,0.6282722513089005,0.08333333333333333,0
14274,686,1,256.6,256.6,178.0,15,1,1.0,30.0,0.08426966292134831,1
14275,396,6,1189.3799999999999,198.23,89.66666666666667,14,212,35.333333333333336,0.8490566037735849,0.026022304832713755,1
14276,99,7,2102.68,300.3828571428571,200.85714285714286,75,562,80.28571428571429,0.3736654804270462,0.05334281650071124,1
14277,15,9,17197.61,1910.8455555555556,9978.444444444445,334,711,79.0,0.379746835443038,0.0037191278979132798,0
14278,410,1,205.83,205.83,131.0,13,1,1.0,30.0,0.09923664122137404,1
14279,521,2,191.86,95.93,23.0,3,161,80.5,0.3726708074534162,0.06521739130434782,1
14280,197,1,134.04,134.04,52.0,8,1,1.0,30.0,0.15384615384615385,1
14281,408,1,245.15,245.15,45.0,7,1,1.0,30.0,0.15555555555555556,1
14282,3,25,7250.76,290.0304,206.64,100,660,26.4,1.1363636363636365,0.019357336430507164,0
14283,463,4,628.4399999999999,157.10999999999999,137.5,36,107,26.75,1.1214953271028036,0.06545454545454546,1
14284,31,3,1299.65,433.2166666666667,170.0,59,623,207.66666666666666,0.14446227929373998,0.11568627450980393,0
14285,21,8,3284.42,410.5525,119.25,48,711,88.875,0.33755274261603374,0.050314465408805034,0
14286,24,7,8479.76,1211.3942857142858,1256.4285714285713,270,713,101.85714285714286,0.29453015427769985,0.030699260943718023,0
14287,8,3,176.63,58.876666666666665,87.0,9,191,63.666666666666664,0.47120418848167545,0.034482758620689655,0
14288,213,1,426.6,426.6,188.0,16,1,1.0,30.0,0.0851063829787234,1
14289,9,6,911.26,151.87666666666667,48.666666666666664,33,281,46.833333333333336,0.6405693950177935,0.11301369863013698,0
14290,11,8,4516.56,564.57,200.0,120,721,90.125,0.33287101248266293,0.075,0
14291,2,23,7904.1,343.6565217391304,267.2173913043478,241,729,31.695652173913043,0.9465020576131687,0.0392124959323137,0
14292,8,16,9226.25,576.640625,214.3125,120,624,39.0,0.7692307692307692,0.03499562554680665,0
14293,3,9,2903.01,322.5566666666667,173.11111111111111,88,727,80.77777777777777,0.3713892709766162,0.05648267008985879,0
14294,407,1,375.34,375.34,190.0,23,1,1.0,30.0,0.12105263157894737,1
14295,40,5,2362.91,472.582,205.8,66,692,138.4,0.21676300578034682,0.0641399416909621,0
14296,421,2,456.40000000000003,228.20000000000002,157.0,27,153,76.5,0.3921568627450981,0.08598726114649681,1
14297,18,4,1305.33,326.3325,216.25,48,258,64.5,0.46511627906976744,0.055491329479768786,0
14298,8,82,91194.49,1112.1279268292683,1222.8292682926829,1370,720,8.78048780487805,3.4166666666666665,0.013662837083133875,0
14299,8,27,14070.25,521.1203703703703,301.3333333333333,164,730,27.037037037037038,1.1095890410958904,0.02015732546705998,0
14300,19,1,43.2,43.2,32.0,3,1,1.0,30.0,0.09375,0
14301,117,4,1992.18,498.045,421.5,37,550,137.5,0.2181818181818182,0.021945432977461446,1
14302,431,3,742.9000000000001,247.63333333333335,99.33333333333333,25,307,102.33333333333333,0.2931596091205212,0.08389261744966443,1
14303,407,2,277.94,138.97,109.0,21,28,14.0,2.142857142857143,0.0963302752293578,1
14304,223,3,1725.01,575.0033333333333,258.3333333333333,69,349,116.33333333333333,0.25787965616045844,0.08903225806451613,1
14305,71,3,1858.96,619.6533333333333,363.0,96,65,21.666666666666668,1.3846153846153848,0.0881542699724518,0
14306,51,6,3151.4,525.2333333333333,344.1666666666667,43,626,104.33333333333333,0.28753993610223644,0.020823244552058112,0
14307,89,10,4287.92,428.79200000000003,281.6,205,644,64.4,0.46583850931677023,0.07279829545454546,0
14308,549,2,1147.02,573.51,1.0,1,1,0.5,60.0,0.5,1
14309,8,11,3780.81,343.71,234.8181818181818,125,543,49.36363636363637,0.6077348066298343,0.04839334107626791,0
14310,433,1,492.1,492.1,230.0,22,1,1.0,30.0,0.09565217391304348,1
14311,243,2,516.45,258.225,117.5,31,325,162.5,0.1846153846153846,0.13191489361702127,1
14312,47,11,3090.29,280.93545454545455,173.0909090909091,148,458,41.63636363636363,0.7205240174672489,0.07773109243697479,0
14314,107,2,229.8,114.9,166.0,10,325,162.5,0.1846153846153846,0.030120481927710843,1
14315,45,8,3197.82,399.7275,168.0,83,590,73.75,0.4067796610169491,0.061755952380952384,0
14316,422,5,1370.34,274.068,898.8,21,209,41.8,0.7177033492822966,0.004672897196261682,1
14317,65,1,508.58000000000004,508.58000000000004,255.0,24,1,1.0,30.0,0.09411764705882353,0
14318,460,1,158.02,158.02,152.0,9,1,1.0,30.0,0.05921052631578947,1
14319,424,1,494.85,494.85,329.0,26,1,1.0,30.0,0.0790273556231003,1
14320,207,5,1346.75,269.35,142.6,68,481,96.2,0.3118503118503118,0.09537166900420757,1
14321,11,7,2218.06,316.86571428571426,467.85714285714283,162,463,66.14285714285714,0.4535637149028078,0.04946564885496183,0
14322,429,4,474.1,118.525,39.5,10,231,57.75,0.5194805194805194,0.06329113924050633,1
14323,115,2,605.0600000000001,302.53000000000003,175.0,32,124,62.0,0.48387096774193544,0.09142857142857143,1
14324,410,2,701.61,350.805,201.0,41,284,142.0,0.2112676056338028,0.10199004975124377,1
14325,570,1,245.48000000000002,245.48000000000002,320.0,18,1,1.0,30.0,0.05625,1
14326,242,3,940.98,313.66,190.66666666666666,54,291,97.0,0.30927835051546393,0.0944055944055944,1
14327,163,6,1894.93,315.82166666666666,216.0,99,537,89.5,0.335195530726257,0.0763888888888889,1
14328,438,1,445.05,445.05,1.0,1,1,1.0,30.0,1.0,1
14329,17,15,9887.62,659.1746666666667,394.2,349,707,47.13333333333333,0.6364922206506365,0.05902249281244715,0
14330,624,1,200.63,200.63,103.0,13,1,1.0,30.0,0.1262135922330097,1
14331,124,2,462.65999999999997,231.32999999999998,126.0,27,11,5.5,5.454545454545455,0.10714285714285714,1
14332,23,5,1917.41,383.482,175.0,47,394,78.8,0.3807106598984772,0.053714285714285714,0
14333,68,1,415.2,415.2,58.0,15,1,1.0,30.0,0.25862068965517243,0
14334,17,12,4318.48,359.8733333333333,248.83333333333334,148,552,46.0,0.6521739130434783,0.04956463496316142,0
14335,16,2,454.86,227.43,187.5,55,81,40.5,0.7407407407407407,0.14666666666666667,0
14336,17,4,1614.91,403.7275,439.75,77,260,65.0,0.46153846153846156,0.04377487208641274,0
14338,161,3,928.1,309.3666666666667,207.33333333333334,43,376,125.33333333333333,0.2393617021276596,0.06913183279742766,1
14339,243,2,620.27,310.135,228.0,21,187,93.5,0.32085561497326204,0.046052631578947366,1
14340,219,1,134.7,134.7,58.0,6,1,1.0,30.0,0.10344827586206896,1
14341,45,18,4452.02,247.33444444444447,156.27777777777777,185,694,38.55555555555556,0.7780979827089337,0.06576608602915038,0
14342,21,6,918.44,153.07333333333335,86.83333333333333,27,452,75.33333333333333,0.39823008849557523,0.05182341650671785,0
14343,421,4,1079.66,269.915,156.5,193,269,67.25,0.44609665427509293,0.3083067092651757,1
14344,127,20,2993.05,149.6525,77.3,140,499,24.95,1.2024048096192386,0.09055627425614489,1
14345,39,1,108.97999999999999,108.97999999999999,50.0,6,1,1.0,30.0,0.12,0
14346,121,5,2315.75,463.15,375.6,123,377,75.4,0.3978779840848806,0.06549520766773163,1
14347,737,1,82.6,82.6,48.0,6,1,1.0,30.0,0.125,1
14348,260,1,409.57,409.57,183.0,18,1,1.0,30.0,0.09836065573770492,1
14349,10,1,133.5,133.5,86.0,31,1,1.0,30.0,0.36046511627906974,0
14350,274,3,972.03,324.01,181.0,55,156,52.0,0.5769230769230769,0.10128913443830571,1
14351,165,1,51.0,51.0,12.0,1,1,1.0,30.0,0.08333333333333333,1
14352,157,4,1078.96,269.74,134.5,44,117,29.25,1.0256410256410258,0.08178438661710037,1
14353,215,3,376.5,125.5,114.66666666666667,18,217,72.33333333333333,0.4147465437788018,0.05232558139534884,1
14354,6,2,163.62,81.81,105.0,9,25,12.5,2.4,0.04285714285714286,0
14355,366,3,840.0500000000001,280.0166666666667,205.66666666666666,57,262,87.33333333333333,0.3435114503816794,0.09238249594813615,1
14356,80,2,701.23,350.615,138.5,33,2,1.0,30.0,0.11913357400722022,0
14357,43,1,225.12,225.12,147.0,39,1,1.0,30.0,0.2653061224489796,0
14358,389,2,400.06,200.03,169.0,21,39,19.5,1.5384615384615383,0.0621301775147929,1
14359,19,3,912.18,304.06,123.66666666666667,44,69,23.0,1.3043478260869565,0.11859838274932614,0
14360,32,4,2118.03,529.5075,284.75,104,63,15.75,1.9047619047619047,0.0913081650570676,0
14361,579,1,214.70999999999998,214.70999999999998,251.0,14,1,1.0,30.0,0.055776892430278883,1
14362,22,1,151.5,151.5,96.0,37,1,1.0,30.0,0.3854166666666667,0
14363,402,2,227.47000000000003,113.73500000000001,52.5,8,50,25.0,1.2,0.0761904761904762,1
14364,109,8,3717.35,464.66875,245.875,61,103,12.875,2.330097087378641,0.031011692933401117,1
14365,395,2,634.68,317.34,278.5,50,288,144.0,0.20833333333333334,0.08976660682226212,1
14366,525,1,136.0,136.0,16.0,1,1,1.0,30.0,0.0625,1
14367,8,16,9227.82,576.73875,276.625,270,268,16.75,1.791044776119403,0.061003163126976956,0
14368,320,1,155.0,155.0,36.0,8,1,1.0,30.0,0.2222222222222222,1
14369,642,2,469.13,234.565,127.5,24,20,10.0,3.0,0.09411764705882353,1
14370,451,6,1175.78,195.96333333333334,44.333333333333336,37,227,37.833333333333336,0.7929515418502203,0.13909774436090225,1
14371,295,1,100.5,100.5,34.0,4,1,1.0,30.0,0.11764705882352941,1
14372,443,2,860.08,430.04,189.0,36,157,78.5,0.38216560509554137,0.09523809523809523,1
14373,358,1,76.55,76.55,17.0,4,1,1.0,30.0,0.23529411764705882,1
14374,541,1,108.0,108.0,20.0,7,1,1.0,30.0,0.35,1
14375,185,3,1106.82,368.94,215.66666666666666,176,356,118.66666666666667,0.25280898876404495,0.27202472952086554,1
14376,683,1,215.46,215.46,50.0,17,1,1.0,30.0,0.34,1
14377,191,2,617.05,308.525,109.5,11,71,35.5,0.8450704225352113,0.0502283105022831,1
14378,622,1,131.25,131.25,57.0,9,1,1.0,30.0,0.15789473684210525,1
14379,44,4,1265.16,316.29,178.0,93,437,109.25,0.2745995423340961,0.1306179775280899,0
14380,682,1,48.96,48.96,1.0,1,1,1.0,30.0,1.0,1
14381,52,2,625.9399999999999,312.96999999999997,224.5,104,400,200.0,0.15,0.23162583518930957,0
14382,26,2,1193.6299999999999,596.8149999999999,833.5,227,364,182.0,0.16483516483516483,0.13617276544691062,0
14383,38,3,1247.69,415.8966666666667,272.3333333333333,49,126,42.0,0.7142857142857143,0.05997552019583843,0
14384,501,1,58.5,58.5,30.0,3,1,1.0,30.0,0.1,1
14385,9,3,202.11,67.37,53.0,13,15,5.0,6.0,0.08176100628930817,0
14386,297,1,142.4,142.4,54.0,7,1,1.0,30.0,0.12962962962962962,1
14387,33,3,1727.6,575.8666666666667,265.0,125,77,25.666666666666668,1.1688311688311688,0.15723270440251572,0
14388,10,16,6388.2,399.2625,261.875,184,679,42.4375,0.7069219440353461,0.043914081145584725,0
14389,65,5,1898.01,379.602,277.6,48,526,105.2,0.28517110266159695,0.0345821325648415,0
14390,10,13,6150.03,473.0792307692308,217.69230769230768,197,415,31.923076923076923,0.9397590361445782,0.0696113074204947,0
14391,577,1,135.6,135.6,168.0,14,1,1.0,30.0,0.08333333333333333,1
14392,432,1,266.4,266.4,114.0,14,1,1.0,30.0,0.12280701754385964,1
14393,218,1,67.95,67.95,13.0,5,1,1.0,30.0,0.38461538461538464,1
14394,565,1,93.8,93.8,58.0,6,1,1.0,30.0,0.10344827586206896,1
14395,2,20,7801.93,390.0965,193.6,320,599,29.95,1.001669449081803,0.08264462809917356,0
14396,65,7,1969.38,281.34000000000003,137.0,202,673,96.14285714285714,0.31203566121842496,0.21063607924921793,0
14397,3,19,2612.96,137.52421052631578,99.47368421052632,18,211,11.105263157894736,2.7014218009478674,0.009523809523809525,0
14398,401,2,707.79,353.895,133.5,50,127,63.5,0.47244094488188976,0.18726591760299627,1
14399,394,8,2108.21,263.52625,120.625,119,281,35.125,0.8540925266903914,0.12331606217616581,1
14400,149,3,1732.47,577.49,568.6666666666666,71,483,161.0,0.18633540372670807,0.041617819460726846,1
14401,4,22,6795.9,308.9045454545454,290.95454545454544,171,722,32.81818181818182,0.9141274238227147,0.026714575847523823,0
14402,652,1,285.6,285.6,240.0,8,1,1.0,30.0,0.03333333333333333,1
14403,130,6,1880.51,313.41833333333335,122.83333333333333,20,509,84.83333333333333,0.35363457760314343,0.027137042062415198,1
14404,34,13,2724.13,209.54846153846154,121.3076923076923,123,686,52.76923076923077,0.5685131195335277,0.07799619530754598,0
14405,387,1,195.0,195.0,100.0,2,1,1.0,30.0,0.02,1
14406,119,1,156.75,156.75,77.0,8,1,1.0,30.0,0.1038961038961039,1
14407,107,6,2157.73,359.62166666666667,235.83333333333334,67,170,28.333333333333332,1.0588235294117647,0.04734982332155477,1
14408,11,11,4102.27,372.9336363636364,221.63636363636363,63,722,65.63636363636364,0.45706371191135736,0.025840853158326498,0
14409,71,9,3427.29,380.81,248.11111111111111,76,497,55.22222222222222,0.5432595573440644,0.03403493058665472,0
14410,92,11,2631.9,239.26363636363638,124.45454545454545,307,345,31.363636363636363,0.9565217391304348,0.22425127830533237,1
14411,311,1,1063.0,1063.0,196.0,14,1,1.0,30.0,0.07142857142857142,1
14412,43,3,1426.19,475.3966666666667,476.0,75,382,127.33333333333333,0.23560209424083772,0.052521008403361345,0
14413,362,4,764.52,191.13,69.25,93,327,81.75,0.36697247706422015,0.33574007220216606,1
14414,92,8,2399.33,299.91625,359.625,99,284,35.5,0.8450704225352113,0.03441084462982273,1
14415,1,23,11980.09,520.8734782608695,272.30434782608694,445,723,31.434782608695652,0.954356846473029,0.0710522114002874,0
14416,22,2,490.22,245.11,163.0,13,21,10.5,2.857142857142857,0.03987730061349693,0
14417,388,1,524.65,524.65,543.0,106,1,1.0,30.0,0.19521178637200737,1
14418,4,3,1937.25,645.75,570.3333333333334,114,105,35.0,0.8571428571428571,0.06662770309760374,0
14419,11,7,1254.64,179.23428571428573,78.85714285714286,118,373,53.285714285714285,0.5630026809651475,0.213768115942029,0
14420,99,4,1639.17,409.7925,280.0,85,593,148.25,0.20236087689713322,0.07589285714285714,1
14421,57,6,2469.37,411.56166666666667,223.66666666666666,72,635,105.83333333333333,0.28346456692913385,0.05365126676602087,0
14422,1,19,10271.52,540.6063157894737,319.3157894736842,317,722,38.0,0.7894736842105263,0.052249876380418656,0
14423,218,3,916.6099999999999,305.53666666666663,139.66666666666666,12,477,159.0,0.18867924528301885,0.028639618138424822,1
14424,18,1,322.08,322.08,48.0,1,1,1.0,30.0,0.020833333333333332,0
14425,435,3,661.39,220.46333333333334,108.33333333333333,35,303,101.0,0.297029702970297,0.1076923076923077,1
14426,24,17,11727.94,689.8788235294118,413.11764705882354,452,622,36.588235294117645,0.8199356913183279,0.06435996013099815,0
14427,50,4,1263.52,315.88,134.5,43,582,145.5,0.2061855670103093,0.07992565055762081,0
14428,7,5,1224.06,244.81199999999998,85.6,108,318,63.6,0.4716981132075472,0.2523364485981308,0
14429,404,1,516.28,516.28,286.0,22,1,1.0,30.0,0.07692307692307693,1
14430,512,3,1220.9,406.9666666666667,148.66666666666666,29,96,32.0,0.9375,0.06502242152466367,1
14431,303,4,2614.2,653.55,300.5,72,385,96.25,0.3116883116883117,0.059900166389351084,1
14432,10,6,2248.5,374.75,335.5,256,80,13.333333333333334,2.25,0.12717337307501242,0
14433,466,1,280.7,280.7,131.0,72,1,1.0,30.0,0.549618320610687,1
14434,22,6,1372.8,228.79999999999998,61.333333333333336,3,51,8.5,3.5294117647058822,0.008152173913043478,0
14435,502,1,90.42,90.42,282.0,3,1,1.0,30.0,0.010638297872340425,1
14436,99,2,271.70000000000005,135.85000000000002,148.5,11,455,227.5,0.13186813186813187,0.037037037037037035,1
14437,366,5,873.34,174.668,84.0,34,218,43.6,0.6880733944954128,0.08095238095238096,1
14438,306,1,131.9,131.9,82.0,9,1,1.0,30.0,0.10975609756097561,1
14439,320,5,9443.04,1888.6080000000002,448.8,105,368,73.6,0.4076086956521739,0.04679144385026738,1
14440,8,13,5982.03,460.1561538461538,123.46153846153847,63,730,56.15384615384615,0.5342465753424658,0.03925233644859813,0
14441,1,11,4611.6900000000005,419.2445454545455,114.54545454545455,103,690,62.72727272727273,0.4782608695652174,0.08174603174603175,0
14442,205,7,5367.0199999999995,766.7171428571428,204.42857142857142,128,486,69.42857142857143,0.4320987654320988,0.08944793850454227,1
14443,54,5,2082.97,416.59399999999994,271.4,119,326,65.2,0.460122699386503,0.08769344141488578,0
14444,456,1,120.44,120.44,172.0,11,1,1.0,30.0,0.06395348837209303,1
14445,456,1,221.65,221.65,83.0,32,1,1.0,30.0,0.3855421686746988,1
14446,1,5,1200.28,240.05599999999998,218.2,259,386,77.2,0.38860103626943004,0.2373968835930339,0
14447,19,6,1711.73,285.28833333333336,152.16666666666666,81,382,63.666666666666664,0.47120418848167545,0.0887185104052574,0
14448,9,2,375.35,187.675,52.0,20,355,177.5,0.16901408450704225,0.19230769230769232,0
14449,19,8,2230.96,278.87,200.5,301,418,52.25,0.5741626794258373,0.18765586034912718,0
14450,181,7,1128.44,161.2057142857143,74.57142857142857,47,430,61.42857142857143,0.4883720930232558,0.09003831417624521,1
14451,60,12,3258.68,271.5566666666667,144.75,245,632,52.666666666666664,0.569620253164557,0.14104778353483016,0
14452,11,4,658.95,164.7375,71.25,108,511,127.75,0.23483365949119372,0.37894736842105264,0
14453,190,1,119.93,119.93,49.0,22,1,1.0,30.0,0.4489795918367347,1
14454,376,5,977.3,195.45999999999998,80.0,93,358,71.6,0.41899441340782123,0.2325,1
14455,432,4,617.72,154.43,176.5,65,64,16.0,1.875,0.09206798866855524,1
14456,5,9,3017.28,335.25333333333333,320.55555555555554,580,138,15.333333333333334,1.956521739130435,0.20103986135181975,0
14457,311,1,113.64,113.64,88.0,4,1,1.0,30.0,0.045454545454545456,1
14458,381,1,228.07,228.07,317.0,46,1,1.0,30.0,0.14511041009463724,1
14459,155,2,5375.741,2687.8705,1151.5,113,497,248.5,0.12072434607645875,0.049066435084672164,1
14460,110,9,1093.5,121.5,208.77777777777777,33,614,68.22222222222223,0.4397394136807818,0.017562533262373604,1
14461,148,13,6676.91,513.6084615384615,231.15384615384616,515,543,41.76923076923077,0.718232044198895,0.1713810316139767,1
14462,66,12,2242.81,186.90083333333334,88.58333333333333,182,367,30.583333333333332,0.9809264305177112,0.17121354656632173,0
14463,98,4,786.5699999999999,196.64249999999998,52.5,7,402,100.5,0.29850746268656714,0.03333333333333333,1
14464,568,2,111.0,55.5,31.0,4,60,30.0,1.0,0.06451612903225806,1
14465,247,11,3925.85,356.8954545454545,230.8181818181818,128,455,41.36363636363637,0.7252747252747253,0.05041354864119732,1
14466,29,13,4267.15,328.2423076923077,192.84615384615384,77,697,53.61538461538461,0.5595408895265424,0.030714000797766254,0
14467,18,12,2203.2400000000002,183.60333333333335,98.91666666666667,144,721,60.083333333333336,0.4993065187239944,0.12131423757371525,0
14468,734,1,204.24,204.24,164.0,12,1,1.0,30.0,0.07317073170731707,1
14469,416,4,2093.46,523.365,243.25,120,264,66.0,0.45454545454545453,0.12332990750256938,1
14470,12,3,712.04,237.34666666666666,94.0,56,419,139.66666666666666,0.21479713603818615,0.19858156028368795,0
14471,591,2,400.95,200.475,93.5,38,142,71.0,0.4225352112676056,0.20320855614973263,1
14472,104,9,2118.72,235.4133333333333,141.22222222222223,173,586,65.11111111111111,0.4607508532423208,0.13611329661683713,1
14473,74,2,234.34000000000003,117.17000000000002,44.0,7,209,104.5,0.28708133971291866,0.07954545454545454,0
14474,46,2,1258.8899999999999,629.4449999999999,224.0,122,534,267.0,0.11235955056179775,0.27232142857142855,0
14475,72,4,1151.15,287.7875,135.25,40,338,84.5,0.35502958579881655,0.07393715341959335,0
14476,257,1,193.0,193.0,110.0,17,1,1.0,30.0,0.15454545454545454,1
14477,20,7,1969.6,281.37142857142857,160.0,7,685,97.85714285714286,0.30656934306569344,0.00625,0
14478,382,4,1276.66,319.165,306.5,59,357,89.25,0.3361344537815126,0.04812398042414356,1
14479,254,4,1124.71,281.1775,140.5,127,480,120.0,0.25,0.22597864768683273,1
14480,11,4,1299.52,324.88,167.5,52,708,177.0,0.1694915254237288,0.07761194029850746,0
14481,165,5,2284.69,456.938,313.6,114,513,102.6,0.29239766081871343,0.07270408163265306,1
14482,18,12,4306.72,358.8933333333334,239.08333333333334,185,452,37.666666666666664,0.7964601769911505,0.06448239804810038,0
14483,282,2,257.1,128.55,96.5,13,456,228.0,0.13157894736842105,0.06735751295336788,1
14484,50,4,1070.98,267.745,186.0,47,673,168.25,0.17830609212481427,0.06317204301075269,0
14485,39,1,162.8,162.8,70.0,44,1,1.0,30.0,0.6285714285714286,0
14486,512,2,175.5,87.75,45.0,4,42,21.0,1.4285714285714286,0.044444444444444446,1
14487,27,7,1266.27,180.8957142857143,108.71428571428571,129,353,50.42857142857143,0.5949008498583569,0.16951379763469118,0
14488,68,1,1064.28,1064.28,799.0,46,1,1.0,30.0,0.057571964956195244,0
14489,207,4,1574.93,393.7325,252.75,65,406,101.5,0.2955665024630542,0.06429277942631058,1
14490,406,2,1273.47,636.735,466.5,72,23,11.5,2.608695652173913,0.07717041800643087,1
14491,175,2,340.93,170.465,69.5,17,198,99.0,0.30303030303030304,0.1223021582733813,1
14492,430,7,1921.91,274.55857142857144,107.28571428571429,70,189,27.0,1.1111111111111112,0.09320905459387484,1
14493,7,10,5087.86,508.78599999999994,314.8,292,635,63.5,0.47244094488188976,0.09275730622617535,0
14494,26,3,401.46,133.82,70.0,17,706,235.33333333333334,0.1274787535410765,0.08095238095238096,0
14495,51,3,174.8,58.26666666666667,22.666666666666668,7,610,203.33333333333334,0.14754098360655737,0.10294117647058823,0
14496,312,7,2363.89,337.6985714285714,129.28571428571428,64,322,46.0,0.6521739130434783,0.0707182320441989,1
14497,309,2,697.0600000000001,348.53000000000003,166.0,40,365,182.5,0.16438356164383564,0.12048192771084337,1
14498,43,10,3900.83,390.08299999999997,212.0,276,508,50.8,0.5905511811023622,0.13018867924528302,0
14499,26,7,2101.79,300.2557142857143,175.85714285714286,199,444,63.42857142857143,0.47297297297297297,0.16165718927701056,0
14500,88,3,356.85,118.95,39.0,6,102,34.0,0.8823529411764706,0.05128205128205128,0
14501,184,2,251.21,125.605,80.5,9,137,68.5,0.43795620437956206,0.055900621118012424,1
14502,20,11,2429.83,220.89363636363635,134.54545454545453,368,294,26.727272727272727,1.1224489795918366,0.24864864864864866,0
14503,3,6,3543.26,590.5433333333334,334.0,113,176,29.333333333333332,1.0227272727272727,0.056387225548902194,0
14504,47,4,673.26,168.315,77.0,85,232,58.0,0.5172413793103449,0.275974025974026,0
14505,17,19,11879.08,625.2147368421053,280.2631578947368,898,714,37.578947368421055,0.7983193277310924,0.16863849765258215,0
14506,17,7,2960.25,422.89285714285717,133.71428571428572,251,583,83.28571428571429,0.3602058319039451,0.26816239316239315,0
14507,24,11,3216.7400000000002,292.4309090909091,135.54545454545453,182,706,64.18181818181819,0.46742209631728043,0.12206572769953052,0
14508,22,5,822.92,164.584,69.4,142,519,103.8,0.2890173410404624,0.4092219020172911,0
14509,534,1,110.95,110.95,38.0,25,1,1.0,30.0,0.6578947368421053,1
14510,376,3,979.85,326.6166666666667,264.3333333333333,67,61,20.333333333333332,1.4754098360655739,0.08448928121059268,1
14511,11,5,1314.81,262.962,156.8,53,123,24.6,1.2195121951219514,0.06760204081632654,0
14512,188,7,1215.97,173.71,105.14285714285714,55,545,77.85714285714286,0.38532110091743116,0.07472826086956522,1
14513,101,6,788.01,131.335,98.83333333333333,15,468,78.0,0.38461538461538464,0.025295109612141653,1
14514,61,9,4380.04,486.6711111111111,262.44444444444446,212,666,74.0,0.40540540540540543,0.08975444538526672,0
14515,18,12,3724.06,310.3383333333333,157.75,109,533,44.416666666666664,0.675422138836773,0.05758055995773904,0
14516,516,1,151.17,151.17,63.0,35,1,1.0,30.0,0.5555555555555556,1
14517,33,2,330.45,165.225,45.5,17,109,54.5,0.5504587155963303,0.18681318681318682,0
14518,64,1,174.37,174.37,278.0,16,1,1.0,30.0,0.05755395683453238,0
14519,684,2,203.14,101.57,40.5,38,46,23.0,1.3043478260869565,0.4691358024691358,1
14520,2,2,270.6,135.3,73.0,3,290,145.0,0.20689655172413796,0.02054794520547945,0
14521,491,1,199.45000000000002,199.45000000000002,211.0,17,1,1.0,30.0,0.08056872037914692,1
14522,24,8,1748.42,218.5525,119.5,34,660,82.5,0.36363636363636365,0.03556485355648536,0
14523,108,1,241.09,241.09,251.0,12,1,1.0,30.0,0.04780876494023904,1
14524,32,13,2909.86,223.8353846153846,89.92307692307692,250,386,29.692307692307693,1.0103626943005182,0.21385799828913601,0
14525,20,17,8026.54,472.14941176470586,300.3529411764706,340,707,41.588235294117645,0.7213578500707214,0.06658832745789267,0
14526,389,1,258.65,258.65,178.0,41,1,1.0,30.0,0.2303370786516854,1
14527,3,122,27246.88,223.3350819672131,54.48360655737705,607,736,6.032786885245901,4.9728260869565215,0.09131939220701069,0
14528,37,1,364.21999999999997,364.21999999999997,278.0,18,1,1.0,30.0,0.06474820143884892,0
14529,60,3,578.61,192.87,108.33333333333333,177,51,17.0,1.7647058823529411,0.5446153846153846,0
14530,26,16,6088.87,380.554375,186.8125,269,662,41.375,0.7250755287009063,0.0899966543994647,0
14531,480,1,376.34,376.34,260.0,29,1,1.0,30.0,0.11153846153846154,1
14532,236,11,3845.78,349.61636363636364,101.0,209,463,42.09090909090909,0.712742980561555,0.18811881188118812,1
14533,25,11,3466.37,315.12454545454545,548.9090909090909,74,586,53.27272727272727,0.5631399317406143,0.012255713812520701,0
14534,3,26,6187.66,237.98692307692306,108.53846153846153,437,632,24.307692307692307,1.2341772151898733,0.15485471296952516,0
14535,60,9,5973.2300000000005,663.6922222222223,357.1111111111111,589,594,66.0,0.45454545454545453,0.18326073428749223,0
14536,260,1,170.95,170.95,39.0,18,1,1.0,30.0,0.46153846153846156,1
14537,58,2,641.4,320.7,114.0,23,566,283.0,0.10600706713780919,0.10087719298245613,0
14538,65,5,1370.8400000000001,274.168,56.8,45,619,123.8,0.24232633279483037,0.15845070422535212,0
14539,16,2,537.48,268.74,214.0,31,29,14.5,2.0689655172413794,0.07242990654205607,0
14540,10,11,3709.64,337.24,145.0,197,723,65.72727272727273,0.45643153526970953,0.12351097178683386,0
14541,59,14,2491.38,177.9557142857143,80.21428571428571,99,643,45.92857142857143,0.6531881804043546,0.0881567230632235,0
14542,186,1,103.25,103.25,19.0,5,1,1.0,30.0,0.2631578947368421,1
14543,29,39,14587.87,374.0479487179487,67.66666666666667,106,710,18.205128205128204,1.647887323943662,0.04016672982190224,0
14544,24,3,2938.53,979.5100000000001,804.0,148,446,148.66666666666666,0.20179372197309417,0.06135986733001658,0
14545,674,1,349.25,349.25,236.0,23,1,1.0,30.0,0.09745762711864407,1
14546,5,11,5184.84,471.34909090909093,244.36363636363637,410,728,66.18181818181819,0.4532967032967033,0.15252976190476192,0
14547,4,8,3974.75,496.84375,329.875,198,51,6.375,4.705882352941177,0.07502841985600606,0
14548,151,9,2541.29,282.36555555555555,109.55555555555556,66,583,64.77777777777777,0.4631217838765008,0.06693711967545639,1
14549,311,4,913.6,228.4,98.5,117,426,106.5,0.28169014084507044,0.2969543147208122,1
14550,11,4,1345.06,336.265,192.75,77,474,118.5,0.2531645569620253,0.09987029831387809,0
14551,18,7,878.09,125.44142857142857,69.42857142857143,69,664,94.85714285714286,0.31626506024096385,0.1419753086419753,0
14552,152,3,507.93,169.31,86.0,124,441,147.0,0.20408163265306123,0.4806201550387597,1
14553,19,9,1818.6,202.06666666666666,124.22222222222223,233,491,54.55555555555556,0.5498981670061099,0.20840787119856888,0
14554,10,4,2279.4900000000002,569.8725000000001,360.75,147,43,10.75,2.7906976744186047,0.10187110187110188,0
14555,57,6,2304.03,384.00500000000005,140.33333333333334,94,665,110.83333333333333,0.2706766917293233,0.11163895486935867,0
14556,596,3,815.69,271.8966666666667,107.66666666666667,158,93,31.0,0.9677419354838709,0.4891640866873065,1
14557,85,1,788.38,788.38,510.0,16,1,1.0,30.0,0.03137254901960784,0
14558,654,3,655.5,218.5,54.0,13,78,26.0,1.1538461538461537,0.08024691358024691,1
14559,390,1,75.6,75.6,72.0,2,1,1.0,30.0,0.027777777777777776,1
14560,7,44,6114.03,138.95522727272726,104.0909090909091,60,731,16.613636363636363,1.8057455540355676,0.013100436681222707,0
14561,76,3,1080.76,360.25333333333333,338.0,67,109,36.333333333333336,0.8256880733944955,0.06607495069033531,0
14562,4,26,6638.150000000001,255.31346153846155,99.0,245,667,25.653846153846153,1.169415292353823,0.09518259518259518,0
14563,510,2,640.54,320.27,139.5,95,83,41.5,0.7228915662650602,0.34050179211469533,1
14564,435,2,2605.62,1302.81,647.5,107,301,150.5,0.19933554817275748,0.08262548262548262,1
14565,96,5,3859.2200000000003,771.844,388.0,139,378,75.6,0.39682539682539686,0.07164948453608247,1
14566,111,4,4092.0,1023.0,600.0,9,424,106.0,0.2830188679245283,0.00375,1
14567,57,2,1530.3600000000001,765.1800000000001,206.0,33,74,37.0,0.8108108108108107,0.08009708737864078,0
14568,435,1,919.7,919.7,645.0,47,1,1.0,30.0,0.07286821705426356,1
14569,1,4,597.3299999999999,149.33249999999998,64.25,31,603,150.75,0.1990049751243781,0.12062256809338522,0
14570,281,3,613.75,204.58333333333334,143.66666666666666,64,163,54.333333333333336,0.5521472392638036,0.14849187935034802,1
14571,425,1,160.0,160.0,56.0,30,1,1.0,30.0,0.5357142857142857,1
14572,3,11,5526.88,502.44363636363636,261.6363636363636,336,619,56.27272727272727,0.5331179321486268,0.11674774148714386,0
14573,180,13,2163.12,166.39384615384614,52.53846153846154,183,521,40.07692307692308,0.7485604606525912,0.2679355783308931,1
14574,733,1,143.70000000000002,143.70000000000002,63.0,11,1,1.0,30.0,0.1746031746031746,1
14575,488,1,420.22,420.22,163.0,71,1,1.0,30.0,0.43558282208588955,1
14576,372,1,35.400000000000006,35.400000000000006,12.0,1,1,1.0,30.0,0.08333333333333333,1
14577,13,7,1364.15,194.87857142857143,81.28571428571429,104,717,102.42857142857143,0.29288702928870297,0.1827768014059754,0
14578,3,1,168.63,168.63,240.0,24,1,1.0,30.0,0.1,0
14579,432,1,105.56,105.56,56.0,24,1,1.0,30.0,0.42857142857142855,1
14580,518,1,14.850000000000001,14.850000000000001,3.0,1,1,1.0,30.0,0.3333333333333333,1
14581,17,2,409.65,204.825,152.0,59,528,264.0,0.11363636363636363,0.19407894736842105,0
14582,41,1,114.11,114.11,73.0,6,1,1.0,30.0,0.0821917808219178,0
14583,6,8,1660.29,207.53625,133.875,353,616,77.0,0.3896103896103896,0.3295985060690943,0
14584,169,8,1738.16,217.27,120.0,127,492,61.5,0.48780487804878053,0.13229166666666667,1
14585,50,5,1143.27,228.654,126.0,88,367,73.4,0.40871934604904636,0.13968253968253969,0
14586,277,1,237.36,237.36,444.0,19,1,1.0,30.0,0.04279279279279279,1
14587,19,9,1580.29,175.58777777777777,83.22222222222223,170,313,34.77777777777778,0.8626198083067093,0.22696929238985314,0
14588,578,1,135.39,135.39,62.0,16,1,1.0,30.0,0.25806451612903225,1
14589,372,1,39.75,39.75,5.0,3,1,1.0,30.0,0.6,1
14590,425,20,2993.37,149.6685,45.05,124,308,15.4,1.9480519480519478,0.13762486126526083,1
14591,15,4,1320.21,330.0525,307.0,138,198,49.5,0.6060606060606061,0.11237785016286644,0
14592,35,3,557.94,185.98000000000002,135.66666666666666,132,29,9.666666666666666,3.103448275862069,0.32432432432432434,0
14593,22,12,3665.5299999999997,305.4608333333333,154.0,436,709,59.083333333333336,0.5077574047954866,0.23593073593073594,0
14594,7,2,363.33,181.665,91.5,48,366,183.0,0.1639344262295082,0.26229508196721313,0
14595,20,8,2164.45,270.55625,153.5,119,669,83.625,0.35874439461883406,0.09690553745928339,0
14596,627,1,222.22000000000003,222.22000000000003,75.0,50,1,1.0,30.0,0.6666666666666666,1
14597,11,6,2184.63,364.105,239.33333333333334,79,426,71.0,0.4225352112676057,0.05501392757660167,0
14598,44,2,384.04,192.02,177.0,83,526,263.0,0.11406844106463877,0.2344632768361582,0
14599,390,2,457.89,228.945,146.0,77,119,59.5,0.5042016806722689,0.2636986301369863,1
14600,306,2,865.1700000000001,432.58500000000004,243.5,53,88,44.0,0.6818181818181819,0.10882956878850103,1
14601,11,1,213.96,213.96,168.0,7,1,1.0,30.0,0.041666666666666664,0
14602,656,1,205.35999999999999,205.35999999999999,80.0,31,1,1.0,30.0,0.3875,1
14603,275,1,660.0,660.0,400.0,2,1,1.0,30.0,0.005,1
14604,633,1,143.85999999999999,143.85999999999999,88.0,20,1,1.0,30.0,0.22727272727272727,1
14605,374,4,921.5600000000001,230.39000000000001,104.0,88,358,89.5,0.33519553072625696,0.21153846153846154,1
14606,1,192,29951.37,155.99671874999999,79.25520833333333,1262,736,3.8333333333333335,7.826086956521738,0.08293356114871525,0
14607,16,22,23763.13,1080.1422727272727,697.0454545454545,106,709,32.22727272727273,0.9308885754583921,0.006912292142158461,0
14608,4,11,3352.94,304.8127272727273,84.27272727272727,15,730,66.36363636363636,0.452054794520548,0.016181229773462782,0
14609,72,10,1486.2,148.62,1272.0,6,597,59.7,0.5025125628140704,0.0004716981132075472,0
14610,396,2,24.35,12.175,7.5,10,119,59.5,0.5042016806722689,0.6666666666666666,1
14611,444,2,604.3299999999999,302.16499999999996,291.0,37,155,77.5,0.3870967741935484,0.06357388316151202,1
14612,415,1,877.7,877.7,134.0,14,1,1.0,30.0,0.1044776119402985,1
14613,680,1,76.32000000000001,76.32000000000001,72.0,1,1,1.0,30.0,0.013888888888888888,1
14614,386,1,295.13,295.13,189.0,19,1,1.0,30.0,0.10052910052910052,1
14615,394,5,951.76,190.352,99.0,40,154,30.8,0.9740259740259739,0.08080808080808081,1
14616,243,5,527.78,105.556,34.0,3,307,61.4,0.488599348534202,0.01764705882352941,1
14617,403,2,190.47000000000003,95.23500000000001,40.5,7,14,7.0,4.285714285714286,0.08641975308641975,1
14618,9,7,1342.32,191.76,100.57142857142857,40,538,76.85714285714286,0.3903345724907063,0.056818181818181816,0
14619,246,2,1291.24,645.62,297.0,58,296,148.0,0.2027027027027027,0.09764309764309764,1
14620,206,2,412.78000000000003,206.39000000000001,107.0,26,79,39.5,0.759493670886076,0.12149532710280374,1
14621,1,9,3000.57,333.3966666666667,189.55555555555554,134,683,75.88888888888889,0.3953147877013177,0.07854630715123095,0
14622,185,1,320.58000000000004,320.58000000000004,146.0,21,1,1.0,30.0,0.14383561643835616,1
14623,32,10,2016.98,201.698,102.5,193,570,57.0,0.5263157894736842,0.18829268292682927,0
14624,57,6,814.07,135.67833333333334,107.5,39,548,91.33333333333333,0.3284671532846716,0.06046511627906977,0
14625,196,11,4497.88,408.89818181818185,195.9090909090909,167,528,48.0,0.625,0.07749419953596287,1
14626,24,11,5410.92,491.9018181818182,285.0,181,706,64.18181818181819,0.46742209631728043,0.05773524720893142,0
14627,379,1,462.75,462.75,284.0,29,1,1.0,30.0,0.10211267605633803,1
14628,91,5,1998.0,399.6,229.4,65,593,118.6,0.25295109612141653,0.05666957279860506,1
14629,4,2,955.26,477.63,189.0,133,44,22.0,1.3636363636363638,0.35185185185185186,0
14630,484,1,338.65,338.65,111.0,21,1,1.0,30.0,0.1891891891891892,1
14631,51,6,2025.69,337.615,234.5,65,437,72.83333333333333,0.41189931350114417,0.04619758351101635,0
14632,263,1,114.56,114.56,96.0,8,1,1.0,30.0,0.08333333333333333,1
14633,266,1,344.90000000000003,344.90000000000003,96.0,20,1,1.0,30.0,0.20833333333333334,1
14634,438,4,2124.46,531.115,476.5,105,105,26.25,1.1428571428571428,0.05508919202518363,1
14635,454,1,215.22,215.22,118.0,15,1,1.0,30.0,0.1271186440677966,1
14636,36,2,609.85,304.925,120.5,27,233,116.5,0.2575107296137339,0.11203319502074689,0
14637,677,1,106.67999999999999,106.67999999999999,100.0,7,1,1.0,30.0,0.07,1
14638,51,1,443.6,443.6,166.0,16,1,1.0,30.0,0.0963855421686747,0
14639,52,9,4978.96,553.2177777777778,267.77777777777777,203,610,67.77777777777777,0.4426229508196722,0.08423236514522822,0
14640,24,10,3649.36,364.93600000000004,164.5,165,662,66.2,0.45317220543806647,0.10030395136778116,0
14641,22,1,110.46,110.46,90.0,7,1,1.0,30.0,0.07777777777777778,0
14642,59,1,96.12,96.12,76.0,2,1,1.0,30.0,0.02631578947368421,0
14643,170,5,1679.89,335.978,275.4,57,559,111.8,0.26833631484794274,0.04139433551198257,1
14644,68,7,2247.72,321.1028571428571,110.0,50,669,95.57142857142857,0.3139013452914798,0.06493506493506493,0
14645,157,3,876.89,292.2966666666667,195.66666666666666,45,478,159.33333333333334,0.18828451882845187,0.07666098807495741,1
14646,2,151,528602.52,3500.678940397351,2431.7417218543046,961,736,4.874172185430464,6.154891304347825,0.0026171522877614767,0
14647,201,2,506.04,253.02,87.5,42,323,161.5,0.18575851393188852,0.24,1
14648,416,15,4466.65,297.77666666666664,217.66666666666666,286,313,20.866666666666667,1.4376996805111821,0.08759571209800919,1
14649,5,9,3651.19,405.6877777777778,268.3333333333333,374,684,76.0,0.39473684210526316,0.15486542443064183,0
14650,589,1,62.5,62.5,22.0,4,1,1.0,30.0,0.18181818181818182,1
14651,67,9,2025.52,225.05777777777777,97.77777777777777,216,565,62.77777777777778,0.4778761061946903,0.24545454545454545,0
14652,77,1,114.18,114.18,53.0,29,1,1.0,30.0,0.5471698113207547,0
14653,1,12,3593.06,299.4216666666667,164.08333333333334,271,737,61.416666666666664,0.48846675712347354,0.13763331640426613,0
14654,738,1,246.86,246.86,273.0,27,1,1.0,30.0,0.0989010989010989,1
14655,8,7,3878.51,554.0728571428572,334.42857142857144,72,589,84.14285714285714,0.35653650254668934,0.030756087142246903,0
14656,169,5,790.0,158.0,61.8,148,435,87.0,0.3448275862068966,0.47896440129449835,1
14657,18,6,1450.19,241.69833333333335,146.5,143,418,69.66666666666667,0.43062200956937796,0.1626848691695108,0
14658,5,2,247.15,123.575,23.5,27,112,56.0,0.5357142857142857,0.574468085106383,0
14659,9,9,2529.93,281.1033333333333,132.77777777777777,147,307,34.111111111111114,0.8794788273615636,0.12301255230125523,0
14660,87,2,285.74,142.87,114.0,24,15,7.5,4.0,0.10526315789473684,0
14661,27,1,107.95,107.95,35.0,4,1,1.0,30.0,0.11428571428571428,0
14662,29,7,1376.43,196.63285714285715,129.57142857142858,199,708,101.14285714285714,0.2966101694915254,0.21940463065049615,0
14663,430,2,490.6,245.3,198.5,60,1,0.5,60.0,0.15113350125944586,1
14664,20,2,636.24,318.12,232.5,78,14,7.0,4.285714285714286,0.16774193548387098,0
14665,61,7,2749.65,392.8071428571429,163.42857142857142,94,532,76.0,0.39473684210526316,0.08216783216783216,0
14666,24,1,195.25,195.25,161.0,14,1,1.0,30.0,0.08695652173913043,0
14667,11,54,20395.34,377.6914814814815,221.09259259259258,578,727,13.462962962962964,2.2283356258596974,0.04841276488818159,0
14668,445,1,111.63,111.63,49.0,10,1,1.0,30.0,0.20408163265306123,1
14669,242,7,3216.78,459.54,291.85714285714283,334,496,70.85714285714286,0.4233870967741935,0.16348507097405776,1
14670,280,3,583.33,194.44333333333336,141.0,159,453,151.0,0.19867549668874174,0.375886524822695,1
14671,549,2,1127.45,563.725,285.5,48,19,9.5,3.1578947368421053,0.0840630472854641,1
14672,235,4,1113.14,278.285,161.5,93,446,111.5,0.26905829596412556,0.14396284829721362,1
14673,3,7,3037.32,433.90285714285716,260.2857142857143,86,407,58.142857142857146,0.515970515970516,0.04720087815587267,0
14674,509,1,173.66,173.66,103.0,14,1,1.0,30.0,0.13592233009708737,1
14675,16,2,1015.58,507.79,330.0,196,373,186.5,0.16085790884718498,0.296969696969697,0
14676,31,12,8356.79,696.3991666666667,732.6666666666666,77,609,50.75,0.5911330049261083,0.00875796178343949,0
14677,593,1,184.91,184.91,139.0,14,1,1.0,30.0,0.10071942446043165,1
14678,579,1,403.39,403.39,179.0,24,1,1.0,30.0,0.1340782122905028,1
14679,382,3,1289.44,429.81333333333333,264.6666666666667,49,350,116.66666666666667,0.2571428571428572,0.061712846347607056,1
14680,25,58,55688.5,960.1465517241379,463.6896551724138,222,711,12.258620689655173,2.4472573839662446,0.008254629285342456,0
14681,71,6,875.1500000000001,145.85833333333335,28.666666666666668,19,583,97.16666666666667,0.30874785591766724,0.11046511627906977,0
14682,188,6,1514.81,252.46833333333333,158.16666666666666,79,485,80.83333333333333,0.37113402061855666,0.08324552160168598,1
14683,588,1,146.56,146.56,386.0,21,1,1.0,30.0,0.054404145077720206,1
14684,26,6,1430.03,238.33833333333334,167.5,272,365,60.833333333333336,0.4931506849315069,0.27064676616915423,0
14685,576,8,4536.64,567.08,246.125,109,151,18.875,1.589403973509934,0.05535804977145759,1
14686,414,5,852.53,170.506,91.4,185,246,49.2,0.6097560975609757,0.4048140043763676,1
14687,107,3,1402.06,467.3533333333333,283.3333333333333,34,446,148.66666666666666,0.20179372197309417,0.04,1
14688,8,28,7190.42,256.80071428571426,180.03571428571428,197,449,16.035714285714285,1.8708240534521159,0.03907954770878794,0
14689,209,1,112.8,112.8,76.0,13,1,1.0,30.0,0.17105263157894737,1
14690,44,4,777.68,194.42,85.25,69,367,91.75,0.32697547683923706,0.20234604105571846,0
14691,31,5,2114.33,422.866,141.4,50,183,36.6,0.819672131147541,0.07072135785007072,0
14692,137,12,1715.1399999999999,142.9283333333333,74.16666666666667,101,481,40.083333333333336,0.7484407484407484,0.11348314606741573,1
14693,265,7,1165.36,166.48,55.42857142857143,43,262,37.42857142857143,0.801526717557252,0.11082474226804123,1
14694,617,1,244.31,244.31,193.0,15,1,1.0,30.0,0.07772020725388601,1
14695,519,3,1534.22,511.4066666666667,220.33333333333334,76,214,71.33333333333333,0.4205607476635514,0.11497730711043873,1
14696,4,8,2473.28,309.16,233.375,137,418,52.25,0.5741626794258373,0.07337975361542581,0
14697,218,2,188.60999999999999,94.30499999999999,90.5,22,1,0.5,60.0,0.12154696132596685,1
14698,2,5,1217.27,243.454,120.4,148,50,10.0,3.0,0.24584717607973422,0
14699,214,4,702.6,175.65,121.0,45,312,78.0,0.3846153846153846,0.09297520661157024,1
14700,32,5,3076.06,615.212,321.2,111,454,90.8,0.3303964757709251,0.06911581569115816,0
14701,11,15,4487.11,299.1406666666666,116.26666666666667,455,675,45.0,0.6666666666666666,0.26089449541284404,0
14702,1,29,6368.78,219.61310344827587,99.24137931034483,338,728,25.103448275862068,1.195054945054945,0.11744266851980542,0
14703,15,1,318.17,318.17,183.0,22,1,1.0,30.0,0.12021857923497267,0
14704,11,11,1752.92,159.35636363636365,105.81818181818181,319,613,55.72727272727273,0.5383360522022839,0.27405498281786944,0
14705,199,1,179.0,179.0,100.0,1,1,1.0,30.0,0.01,1
14706,619,1,367.54,367.54,246.0,25,1,1.0,30.0,0.1016260162601626,1
14707,436,2,139.2,69.6,48.0,1,142,71.0,0.4225352112676056,0.010416666666666666,1
14708,3,5,1793.22,358.644,231.8,27,453,90.6,0.33112582781456956,0.023295944779982744,0
14709,15,25,8886.33,355.4532,165.64,105,720,28.8,1.0416666666666667,0.025356194156000968,0
14710,14,13,1899.79,146.1376923076923,87.3076923076923,310,722,55.53846153846154,0.5401662049861496,0.27312775330396477,0
14711,10,11,2839.62,258.1472727272727,87.81818181818181,221,253,23.0,1.3043478260869565,0.2287784679089027,0
14712,29,4,1328.0700000000002,332.01750000000004,102.75,24,389,97.25,0.30848329048843187,0.058394160583941604,0
14713,9,21,5115.76,243.60761904761907,158.52380952380952,222,727,34.61904761904762,0.8665749656121045,0.06668669270051067,0
14714,24,4,906.24,226.56,160.5,64,664,166.0,0.18072289156626506,0.09968847352024922,0
14715,25,8,1825.45,228.18125,128.75,102,665,83.125,0.3609022556390977,0.09902912621359224,0
14716,43,3,543.28,181.09333333333333,214.33333333333334,85,402,134.0,0.22388059701492538,0.1321928460342146,0
14717,733,1,81.3,81.3,32.0,11,1,1.0,30.0,0.34375,1
14718,410,1,226.42,226.42,202.0,11,1,1.0,30.0,0.054455445544554455,1
14719,2,5,1581.84,316.368,205.0,177,248,49.6,0.6048387096774193,0.17268292682926828,0
14720,6,3,663.81,221.26999999999998,73.0,34,121,40.333333333333336,0.7438016528925621,0.1552511415525114,0
14721,379,1,109.07,109.07,57.0,24,1,1.0,30.0,0.42105263157894735,1
14722,147,3,489.52,163.17333333333332,71.33333333333333,72,340,113.33333333333333,0.2647058823529412,0.3364485981308411,1
14723,10,11,1803.06,163.91454545454545,106.18181818181819,287,726,66.0,0.4545454545454546,0.2457191780821918,0
14724,590,1,341.9,341.9,184.0,40,1,1.0,30.0,0.21739130434782608,1
14725,25,4,1252.74,313.185,333.75,85,511,127.75,0.23483365949119372,0.06367041198501873,0
14726,655,1,116.5,116.5,82.0,15,1,1.0,30.0,0.18292682926829268,1
14727,274,3,463.72999999999996,154.57666666666665,152.66666666666666,43,273,91.0,0.32967032967032966,0.09388646288209607,1
14728,413,1,190.58,190.58,68.0,14,1,1.0,30.0,0.20588235294117646,1
14729,374,3,586.24,195.41333333333333,124.0,126,252,84.0,0.35714285714285715,0.3387096774193548,1
14730,1,8,1897.57,237.19625,134.75,317,276,34.5,0.8695652173913044,0.2940630797773655,0
14731,47,3,380.02,126.67333333333333,85.33333333333333,38,166,55.333333333333336,0.5421686746987951,0.1484375,0
14732,8,19,5517.07,290.3721052631579,119.63157894736842,162,723,38.05263157894737,0.7883817427385892,0.07127144742630884,0
14733,16,15,14335.15,955.6766666666666,386.6,140,386,25.733333333333334,1.16580310880829,0.02414209346439041,0
14734,426,4,1056.42,264.105,94.5,48,126,31.5,0.9523809523809523,0.12698412698412698,1
14735,4,56,12240.16,218.5742857142857,80.58928571428571,198,733,13.089285714285714,2.291950886766712,0.04387325504099269,0
14736,485,2,374.05,187.025,74.0,70,1,0.5,60.0,0.47297297297297297,1
14737,4,4,3554.17,888.5425,267.75,28,397,99.25,0.3022670025188917,0.026143790849673203,0
14738,43,9,1821.9,202.43333333333334,84.11111111111111,58,690,76.66666666666667,0.391304347826087,0.07661822985468957,0
14739,4,25,11573.62,462.94480000000004,387.84,129,734,29.36,1.021798365122616,0.013304455445544554,0
14740,197,11,4161.06,378.27818181818185,189.1818181818182,173,456,41.45454545454545,0.7236842105263158,0.08313310908217203,1
14741,12,7,1713.09,244.72714285714284,143.71428571428572,48,406,58.0,0.5172413793103449,0.04771371769383698,0
14742,435,1,579.85,579.85,374.0,34,1,1.0,30.0,0.09090909090909091,1
14743,593,1,50.48,50.48,40.0,3,1,1.0,30.0,0.075,1
14744,16,14,3660.08,261.4342857142857,171.35714285714286,57,554,39.57142857142857,0.7581227436823106,0.023759899958315966,0
14745,113,12,2551.41,212.61749999999998,164.08333333333334,74,525,43.75,0.6857142857142857,0.037582529202640935,1
14746,406,4,593.5,148.375,99.5,7,18,4.5,6.666666666666667,0.017587939698492462,1
14747,249,1,328.2,328.2,84.0,18,1,1.0,30.0,0.21428571428571427,1
14748,29,10,2681.9,268.19,242.2,129,617,61.7,0.4862236628849271,0.05326176713459951,0
14749,480,1,310.15,310.15,403.0,18,1,1.0,30.0,0.04466501240694789,1
14750,736,1,112.03,112.03,65.0,32,1,1.0,30.0,0.49230769230769234,1
14751,684,2,126.45,63.225,32.5,7,42,21.0,1.4285714285714286,0.1076923076923077,1
14752,44,1,389.64,389.64,260.0,5,1,1.0,30.0,0.019230769230769232,0
14753,87,2,869.51,434.755,206.0,45,374,187.0,0.16042780748663102,0.10922330097087378,0
14754,45,6,1547.93,257.98833333333334,168.33333333333334,110,647,107.83333333333333,0.2782071097372488,0.10891089108910891,0
14755,10,25,9972.550000000001,398.90200000000004,176.04,219,727,29.08,1.031636863823934,0.04976141785957737,0
14756,15,3,2653.76,884.5866666666667,474.3333333333333,102,410,136.66666666666666,0.21951219512195122,0.07167955024595925,0
14757,75,1,420.5,420.5,160.0,19,1,1.0,30.0,0.11875,0
14758,145,7,2864.97,409.28142857142853,120.0,91,466,66.57142857142857,0.45064377682403434,0.10833333333333334,1
14759,5,3,1625.97,541.99,189.66666666666666,92,229,76.33333333333333,0.3930131004366812,0.1616871704745167,0
14760,297,1,89.2,89.2,40.0,5,1,1.0,30.0,0.125,1
14761,59,3,447.92,149.30666666666667,68.66666666666667,21,386,128.66666666666666,0.23316062176165803,0.10194174757281553,0
14762,264,2,417.57,208.785,214.0,28,363,181.5,0.1652892561983471,0.06542056074766354,1
14764,47,1,278.3,278.3,190.0,6,1,1.0,30.0,0.031578947368421054,0
14765,29,3,254.11,84.70333333333333,45.0,38,148,49.333333333333336,0.6081081081081081,0.2814814814814815,0
14766,8,11,6375.7300000000005,579.6118181818182,363.54545454545456,251,544,49.45454545454545,0.6066176470588236,0.06276569142285571,0
14767,474,1,382.81,382.81,117.0,18,1,1.0,30.0,0.15384615384615385,1
14768,17,2,192.60000000000002,96.30000000000001,26.0,4,110,55.0,0.5454545454545455,0.07692307692307693,0
14769,3,17,15514.11,912.594705882353,650.4705882352941,834,722,42.470588235294116,0.7063711911357341,0.07542051003798156,0
14770,232,8,3637.64,454.705,199.75,152,420,52.5,0.5714285714285714,0.0951188986232791,1
14771,621,2,594.62,297.31,311.0,46,116,58.0,0.5172413793103449,0.07395498392282958,1
14772,112,1,139.26,139.26,82.0,9,1,1.0,30.0,0.10975609756097561,1
14773,593,1,140.55,140.55,53.0,10,1,1.0,30.0,0.18867924528301888,1
14774,529,1,241.45,241.45,99.0,13,1,1.0,30.0,0.13131313131313133,1
14775,58,3,1011.9,337.3,391.3333333333333,57,314,104.66666666666667,0.28662420382165604,0.048551959114139696,0
14776,51,15,3708.3,247.22,310.53333333333336,68,396,26.4,1.1363636363636365,0.014598540145985401,0
14777,404,1,307.56,307.56,212.0,16,1,1.0,30.0,0.07547169811320754,1
14778,127,2,730.86,365.43,153.0,34,182,91.0,0.32967032967032966,0.1111111111111111,1
14779,281,3,386.15,128.71666666666667,28.0,40,44,14.666666666666666,2.0454545454545454,0.47619047619047616,1
14780,55,2,447.68,223.84,155.0,26,25,12.5,2.4,0.08387096774193549,0
14782,320,1,200.10000000000002,200.10000000000002,114.0,6,1,1.0,30.0,0.05263157894736842,1
14783,659,1,307.3,307.3,262.0,17,1,1.0,30.0,0.0648854961832061,1
14784,26,3,449.93,149.97666666666666,121.0,25,364,121.33333333333333,0.24725274725274726,0.06887052341597796,0
14785,10,2,77.4,38.7,42.0,2,5,2.5,12.0,0.023809523809523808,0
14786,550,1,90.96,90.96,112.0,7,1,1.0,30.0,0.0625,1
14787,471,1,110.65,110.65,59.0,14,1,1.0,30.0,0.23728813559322035,1
14788,7,3,1156.32,385.44,239.66666666666666,53,589,196.33333333333334,0.15280135823429541,0.0737134909596662,0
14789,29,1,197.64,197.64,116.0,6,1,1.0,30.0,0.05172413793103448,0
14790,17,10,2526.62,252.66199999999998,264.2,65,712,71.2,0.42134831460674155,0.024602573807721424,0
14791,607,1,303.63,303.63,127.0,19,1,1.0,30.0,0.14960629921259844,1
14792,64,1,6.2,6.2,2.0,2,1,1.0,30.0,1.0,0
14793,21,2,625.9,312.95,180.5,39,514,257.0,0.11673151750972763,0.10803324099722991,0
14794,3,10,1953.9,195.39000000000001,78.3,85,485,48.5,0.6185567010309277,0.10855683269476372,0
14795,166,1,131.45000000000002,131.45000000000002,17.0,6,1,1.0,30.0,0.35294117647058826,1
14796,1,27,10169.33,376.64185185185187,266.22222222222223,487,725,26.85185185185185,1.1172413793103448,0.06775180856983862,0
14797,507,1,300.31,300.31,99.0,16,1,1.0,30.0,0.16161616161616163,1
14798,53,8,724.31,90.53875,75.125,30,597,74.625,0.4020100502512563,0.04991680532445923,0
14799,51,2,338.15,169.075,247.5,20,687,343.5,0.08733624454148473,0.04040404040404041,0
14800,48,17,7191.33,423.01941176470586,382.4117647058824,337,388,22.823529411764707,1.3144329896907216,0.05183817874173204,0
14801,61,1,189.34,189.34,173.0,56,1,1.0,30.0,0.3236994219653179,0
14802,438,2,1502.98,751.49,1.0,1,1,0.5,60.0,0.5,1
14803,162,3,845.55,281.84999999999997,123.33333333333333,35,131,43.666666666666664,0.6870229007633588,0.0945945945945946,1
14804,9,1,353.27,353.27,121.0,12,1,1.0,30.0,0.09917355371900827,0
14805,15,7,1082.55,154.65,59.42857142857143,88,607,86.71428571428571,0.3459637561779242,0.21153846153846154,0
14806,75,2,303.43,151.715,211.5,17,364,182.0,0.16483516483516483,0.04018912529550828,0
14807,391,2,504.14,252.07,117.0,37,260,130.0,0.23076923076923078,0.1581196581196581,1
14808,40,8,2718.6,339.825,265.0,176,133,16.625,1.8045112781954886,0.0830188679245283,0
14809,621,2,686.76,343.38,116.0,18,1,0.5,60.0,0.07758620689655173,1
14810,41,13,2354.03,181.07923076923078,89.38461538461539,125,389,29.923076923076923,1.0025706940874035,0.10757314974182444,0
14811,387,1,170.5,170.5,74.0,28,1,1.0,30.0,0.3783783783783784,1
14812,599,1,178.85,178.85,135.0,36,1,1.0,30.0,0.26666666666666666,1
14813,370,4,888.91,222.2275,98.0,110,242,60.5,0.49586776859504134,0.28061224489795916,1
14814,581,1,154.21,154.21,93.0,28,1,1.0,30.0,0.3010752688172043,1
14815,37,2,778.5,389.25,372.0,53,32,16.0,1.875,0.07123655913978495,0
14816,197,1,271.85,271.85,5.0,4,1,1.0,30.0,0.8,1
14817,200,7,3959.86,565.6942857142857,351.7142857142857,142,428,61.142857142857146,0.49065420560747663,0.057676685621445976,1
14818,74,6,1153.56,192.26,90.5,87,574,95.66666666666667,0.31358885017421606,0.16022099447513813,0
14819,64,4,456.41,114.1025,42.5,52,654,163.5,0.18348623853211007,0.3058823529411765,0
14820,21,9,1274.76,141.64,80.44444444444444,51,657,73.0,0.4109589041095891,0.07044198895027624,0
14821,367,7,1230.15,175.7357142857143,65.57142857142857,65,310,44.285714285714285,0.6774193548387096,0.14161220043572983,1
14822,485,1,157.70000000000002,157.70000000000002,94.0,9,1,1.0,30.0,0.09574468085106383,1
14823,180,3,321.43,107.14333333333333,29.333333333333332,56,15,5.0,6.0,0.6363636363636364,1
14824,10,10,4022.9100000000003,402.29100000000005,195.4,84,628,62.8,0.47770700636942676,0.042988741044012284,0
14825,4,24,4735.08,197.295,115.58333333333333,187,609,25.375,1.1822660098522166,0.06741167988464311,0
14826,582,2,385.2,192.6,76.0,10,114,57.0,0.5263157894736842,0.06578947368421052,1
14828,197,13,9839.460000000001,756.8815384615385,747.5384615384615,72,536,41.23076923076923,0.7276119402985074,0.007408931878987446,1
14829,29,7,1455.8700000000001,207.98142857142858,136.71428571428572,77,408,58.285714285714285,0.5147058823529412,0.08045977011494253,0
14830,53,1,188.88,188.88,164.0,39,1,1.0,30.0,0.23780487804878048,0
14831,680,3,1676.57,558.8566666666667,295.0,67,58,19.333333333333332,1.5517241379310345,0.07570621468926554,1
14832,630,1,322.69,322.69,1.0,1,1,1.0,30.0,1.0,1
14833,499,1,94.8,94.8,58.0,7,1,1.0,30.0,0.1206896551724138,1
14834,18,7,2206.16,315.1657142857143,124.57142857142857,55,390,55.714285714285715,0.5384615384615384,0.06307339449541284,0
14835,529,2,297.0,148.5,90.0,1,89,44.5,0.6741573033707865,0.005555555555555556,1
14836,10,3,102.44999999999999,34.15,15.0,5,21,7.0,4.285714285714286,0.1111111111111111,0
14837,90,9,3460.32,384.48,336.6666666666667,171,596,66.22222222222223,0.45302013422818793,0.05643564356435644,0
14838,423,2,769.9200000000001,384.96000000000004,180.5,69,314,157.0,0.19108280254777069,0.19113573407202217,1
14839,418,3,915.28,305.0933333333333,309.0,61,286,95.33333333333333,0.3146853146853147,0.06580366774541532,1
14840,268,2,362.71,181.355,89.5,20,272,136.0,0.22058823529411764,0.11173184357541899,1
14841,53,14,7163.0,511.64285714285717,297.42857142857144,196,684,48.857142857142854,0.6140350877192983,0.04707012487992315,0
14842,44,4,2824.69,706.1725,291.5,128,265,66.25,0.45283018867924524,0.1097770154373928,0
14843,437,1,211.79999999999998,211.79999999999998,132.0,9,1,1.0,30.0,0.06818181818181818,1
14844,64,10,6702.43,670.243,436.9,158,543,54.3,0.5524861878453038,0.03616388189517052,0
14845,600,1,150.0,150.0,600.0,1,1,1.0,30.0,0.0016666666666666668,1
14846,427,1,437.4,437.4,193.0,12,1,1.0,30.0,0.06217616580310881,1
14847,149,3,1348.95,449.65000000000003,177.66666666666666,56,416,138.66666666666666,0.21634615384615383,0.1050656660412758,1
14848,405,1,310.56,310.56,260.0,11,1,1.0,30.0,0.04230769230769231,1
14849,22,43,15407.61,358.316511627907,275.30232558139534,279,677,15.744186046511627,1.9054652880354506,0.023568170299037,0
14850,312,7,1770.96,252.99428571428572,199.0,129,257,36.714285714285715,0.8171206225680934,0.09260588657573582,1
14851,23,3,829.4100000000001,276.47,210.33333333333334,38,608,202.66666666666666,0.1480263157894737,0.060221870047543584,0
14852,58,18,6132.43,340.6905555555556,242.55555555555554,152,586,32.55555555555556,0.9215017064846416,0.03481447549244159,0
14853,24,5,1376.87,275.37399999999997,69.0,26,582,116.4,0.2577319587628866,0.07536231884057971,0
14854,78,11,4303.06,391.1872727272728,271.54545454545456,170,609,55.36363636363637,0.541871921182266,0.05691329092735186,0
14855,119,7,6520.3,931.4714285714286,501.42857142857144,168,492,70.28571428571429,0.426829268292683,0.04786324786324787,1
14856,36,3,1290.53,430.1766666666667,237.0,65,21,7.0,4.285714285714286,0.09142053445850915,0
14857,60,7,3651.851,521.693,297.2857142857143,170,575,82.14285714285714,0.3652173913043478,0.08169149447381067,0
14858,506,1,180.75,180.75,105.0,11,1,1.0,30.0,0.10476190476190476,1
14859,13,5,1705.64,341.12800000000004,177.6,51,543,108.6,0.2762430939226519,0.057432432432432436,0
14860,19,1,170.32,170.32,232.0,11,1,1.0,30.0,0.04741379310344827,0
14861,52,10,1380.73,138.073,107.6,62,680,68.0,0.4411764705882353,0.05762081784386617,0
14862,26,2,841.1999999999999,420.59999999999997,386.0,47,123,61.5,0.48780487804878053,0.06088082901554404,0
14863,29,1,266.76,266.76,132.0,11,1,1.0,30.0,0.08333333333333333,0
14865,7,4,92.52000000000001,23.130000000000003,51.0,4,732,183.0,0.1639344262295082,0.0196078431372549,0
14866,11,19,20746.54,1091.923157894737,478.36842105263156,40,460,24.210526315789473,1.2391304347826086,0.004400924194080757,0
14867,186,16,2952.06,184.50375,62.25,67,549,34.3125,0.8743169398907104,0.06726907630522089,1
14868,3,12,4184.01,348.6675,185.83333333333334,132,417,34.75,0.8633093525179856,0.059192825112107626,0
14869,9,6,2778.14,463.0233333333333,355.0,187,716,119.33333333333333,0.25139664804469275,0.08779342723004695,0
14870,262,6,1838.95,306.4916666666667,80.5,43,423,70.5,0.425531914893617,0.08902691511387163,1
14871,3,9,1228.17,136.46333333333334,49.55555555555556,123,736,81.77777777777777,0.3668478260869565,0.2757847533632287,0
14872,484,3,816.6,272.2,220.66666666666666,34,150,50.0,0.6,0.0513595166163142,1
14873,210,2,854.13,427.065,155.5,48,424,212.0,0.14150943396226415,0.15434083601286175,1
14874,535,1,116.18,116.18,148.0,6,1,1.0,30.0,0.04054054054054054,1
14875,108,3,2862.4,954.1333333333333,444.0,88,335,111.66666666666667,0.26865671641791045,0.06606606606606606,1
14876,521,2,256.7,128.35,81.0,12,41,20.5,1.4634146341463414,0.07407407407407407,1
14877,418,2,425.85,212.925,84.0,57,225,112.5,0.26666666666666666,0.3392857142857143,1
14878,13,25,4076.5,163.06,96.64,159,645,25.8,1.1627906976744187,0.0658112582781457,0
14879,685,1,185.06,185.06,104.0,27,1,1.0,30.0,0.25961538461538464,1
14880,77,3,690.59,230.1966666666667,121.66666666666667,45,212,70.66666666666667,0.42452830188679247,0.1232876712328767,0
14881,20,1,255.4,255.4,316.0,17,1,1.0,30.0,0.05379746835443038,0
14882,27,14,3546.65,253.33214285714286,115.28571428571429,32,593,42.357142857142854,0.7082630691399663,0.01982651796778191,0
14883,19,6,761.59,126.93166666666667,131.66666666666666,39,194,32.333333333333336,0.9278350515463918,0.049367088607594936,0
14884,669,1,120.6,120.6,72.0,8,1,1.0,30.0,0.1111111111111111,1
14885,132,3,1598.12,532.7066666666666,436.0,24,335,111.66666666666667,0.26865671641791045,0.01834862385321101,1
14886,253,1,364.8,364.8,160.0,18,1,1.0,30.0,0.1125,1
14887,79,1,1862.0,1862.0,1100.0,6,1,1.0,30.0,0.005454545454545455,0
14888,207,1,369.2,369.2,184.0,20,1,1.0,30.0,0.10869565217391304,1
14889,336,1,135.9,135.9,90.0,10,1,1.0,30.0,0.1111111111111111,1
14890,254,3,817.25,272.4166666666667,212.0,55,407,135.66666666666666,0.22113022113022113,0.08647798742138364,1
14891,148,4,1106.73,276.6825,197.0,55,289,72.25,0.4152249134948097,0.06979695431472081,1
14892,691,1,202.35000000000002,202.35000000000002,79.0,13,1,1.0,30.0,0.16455696202531644,1
14893,10,3,1809.6100000000001,603.2033333333334,349.0,98,609,203.0,0.14778325123152708,0.0936007640878701,0
14894,85,3,1492.81,497.6033333333333,201.0,39,653,217.66666666666666,0.13782542113323124,0.06467661691542288,0
14895,8,38,25119.54,661.0405263157895,281.94736842105266,441,722,19.0,1.5789473684210527,0.041161097629270116,0
14896,205,8,1826.0,228.25,116.375,150,529,66.125,0.45368620037807184,0.1611170784103115,1
14897,8,8,3140.54,392.5675,145.25,94,717,89.625,0.3347280334728034,0.08089500860585198,0
14898,23,14,3365.95,240.42499999999998,157.64285714285714,185,713,50.92857142857143,0.5890603085553997,0.08382419574082466,0
14899,395,1,1331.38,1331.38,570.0,126,1,1.0,30.0,0.22105263157894736,1
14900,522,1,13.919999999999998,13.919999999999998,48.0,1,1,1.0,30.0,0.020833333333333332,1
14901,11,12,1919.0,159.91666666666666,73.33333333333333,103,488,40.666666666666664,0.7377049180327869,0.11704545454545455,0
14902,26,3,1035.6200000000001,345.2066666666667,238.66666666666666,51,528,176.0,0.17045454545454544,0.0712290502793296,0
14903,21,5,2795.33,559.066,306.2,227,258,51.6,0.5813953488372093,0.14826910516002612,0
14904,2,4,1630.49,407.6225,630.5,127,426,106.5,0.28169014084507044,0.05035685963521015,0
14905,158,8,1971.39,246.42375,126.125,45,579,72.375,0.41450777202072536,0.044598612487611496,1
14906,445,1,68.44,68.44,1.0,1,1,1.0,30.0,1.0,1
14907,3,16,5547.72,346.7325,161.4375,153,600,37.5,0.8,0.059233449477351915,0
14908,74,2,381.9,190.95,91.0,14,389,194.5,0.15424164524421594,0.07692307692307693,0
14909,437,3,1404.68,468.2266666666667,296.0,61,227,75.66666666666667,0.39647577092511016,0.0686936936936937,1
14910,3,4,434.35,108.5875,59.5,25,52,13.0,2.3076923076923075,0.10504201680672269,0
14911,1,398,291420.81,732.2130904522613,371.7889447236181,2550,738,1.8542713567839195,16.178861788617887,0.01723299002513989,0
14912,17,6,1889.25,314.875,303.1666666666667,44,666,111.0,0.2702702702702703,0.024189114898295765,0
14913,36,8,4073.13,509.14125,494.375,176,450,56.25,0.5333333333333333,0.04450063211125158,0
14915,91,11,1811.25,164.6590909090909,64.27272727272727,65,646,58.72727272727273,0.5108359133126935,0.09193776520509193,1
14916,71,8,3042.95,380.36875,301.875,113,547,68.375,0.43875685557586835,0.04679089026915114,0
14917,597,2,1123.75,561.875,445.5,29,1,0.5,60.0,0.03254769921436588,1
14918,116,9,5955.81,661.7566666666667,283.44444444444446,79,496,55.111111111111114,0.5443548387096774,0.030968247745981968,1
14919,539,1,359.35,359.35,129.0,13,1,1.0,30.0,0.10077519379844961,1
14920,213,3,1607.17,535.7233333333334,295.3333333333333,90,353,117.66666666666667,0.254957507082153,0.10158013544018059,1
14921,30,2,1316.07,658.035,476.5,78,172,86.0,0.3488372093023256,0.08184679958027283,0
14922,394,2,843.74,421.87,188.0,49,115,57.5,0.5217391304347826,0.13031914893617022,1
14923,51,1,749.1,749.1,418.0,44,1,1.0,30.0,0.10526315789473684,0
14924,246,3,931.01,310.33666666666664,104.0,30,394,131.33333333333334,0.2284263959390863,0.09615384615384616,1
14926,382,2,359.4,179.7,102.0,2,217,108.5,0.2764976958525346,0.00980392156862745,1
14927,397,1,308.2,308.2,196.0,20,1,1.0,30.0,0.10204081632653061,1
14928,628,1,223.91000000000003,223.91000000000003,268.0,21,1,1.0,30.0,0.07835820895522388,1
14929,32,2,836.69,418.345,243.5,34,390,195.0,0.15384615384615385,0.06981519507186858,0
14930,109,6,5236.7300000000005,872.7883333333334,365.5,213,498,83.0,0.36144578313253006,0.09712722298221614,1
14931,5,5,1257.68,251.536,83.4,30,237,47.4,0.6329113924050632,0.07194244604316546,0
14932,366,2,666.13,333.065,128.5,29,21,10.5,2.857142857142857,0.11284046692607004,1
14933,444,4,1770.0,442.5,150.0,1,1,0.25,120.0,0.0016666666666666668,1
14934,82,5,3503.5,700.7,420.0,115,360,72.0,0.4166666666666667,0.05476190476190476,0
14935,297,2,2849.83,1424.915,965.5,25,323,161.5,0.18575851393188852,0.01294665976178146,1
14936,34,12,12410.81,1034.2341666666666,522.8333333333334,267,550,45.833333333333336,0.6545454545454545,0.04255658272234619,0
14937,57,3,1621.88,540.6266666666667,161.33333333333334,33,74,24.666666666666668,1.2162162162162162,0.06818181818181818,0
14938,562,2,2322.43,1161.215,684.5,71,1,0.5,60.0,0.05186267348429511,1
14940,418,2,531.49,265.745,192.0,32,316,158.0,0.189873417721519,0.08333333333333333,1
14941,579,1,182.1,182.1,80.0,7,1,1.0,30.0,0.0875,1
14942,402,4,746.56,186.64,88.5,12,329,82.25,0.364741641337386,0.03389830508474576,1
14943,663,1,107.62,107.62,46.0,5,1,1.0,30.0,0.10869565217391304,1
14944,30,19,9784.67,514.9826315789473,256.0,184,632,33.26315789473684,0.9018987341772152,0.03782894736842105,0
14945,414,1,179.4,179.4,156.0,11,1,1.0,30.0,0.07051282051282051,1
14946,14,1,100.9,100.9,22.0,3,1,1.0,30.0,0.13636363636363635,0
14947,72,6,1049.79,174.965,69.33333333333333,47,553,92.16666666666667,0.325497287522604,0.11298076923076923,0
14948,23,6,1101.97,183.66166666666666,112.16666666666667,56,197,32.833333333333336,0.9137055837563453,0.08320950965824665,0
14949,469,4,515.0,128.75,62.5,16,253,63.25,0.4743083003952569,0.064,1
14950,19,1,371.2,371.2,136.0,19,1,1.0,30.0,0.13970588235294118,0
14951,79,1,311.69,311.69,311.0,20,1,1.0,30.0,0.06430868167202572,0
14952,60,32,17629.35,550.9171875,218.03125,240,677,21.15625,1.4180206794682422,0.03439873871291386,0
14953,25,4,971.32,242.83,253.5,202,411,102.75,0.29197080291970806,0.1992110453648915,0
14954,12,2,462.12,231.06,104.5,111,691,345.5,0.08683068017366136,0.5311004784688995,0
14955,733,1,163.77,163.77,74.0,30,1,1.0,30.0,0.40540540540540543,1
14956,421,1,1325.0,1325.0,2500.0,4,1,1.0,30.0,0.0016,1
14957,253,2,261.69,130.845,48.5,27,392,196.0,0.15306122448979592,0.27835051546391754,1
14958,147,6,941.99,156.99833333333333,41.333333333333336,52,589,98.16666666666667,0.30560271646859083,0.20967741935483872,1
14959,64,4,695.42,173.855,123.5,37,233,58.25,0.5150214592274678,0.07489878542510121,0
14960,8,2,221.27,110.635,110.5,23,163,81.5,0.36809815950920244,0.10407239819004525,0
14961,11,22,16410.15,745.9159090909092,380.54545454545456,328,725,32.95454545454545,0.9103448275862068,0.03917821309125657,0
14962,271,4,366.91,91.7275,30.75,14,314,78.5,0.38216560509554137,0.11382113821138211,1
14963,10,12,3123.57,260.2975,190.58333333333334,304,516,43.0,0.6976744186046512,0.1329252295583734,0
14964,247,1,206.21,206.21,143.0,13,1,1.0,30.0,0.09090909090909091,1
14965,96,2,596.09,298.045,181.5,80,1,0.5,60.0,0.22038567493112948,1
14966,15,6,1064.26,177.37666666666667,176.66666666666666,125,710,118.33333333333333,0.2535211267605634,0.1179245283018868,0
14967,50,6,1982.6100000000001,330.435,108.66666666666667,22,687,114.5,0.26200873362445415,0.03374233128834356,0
14968,30,2,501.24,250.62,128.5,83,429,214.5,0.13986013986013984,0.3229571984435798,0
14969,704,1,906.23,906.23,665.0,13,1,1.0,30.0,0.019548872180451128,1
14970,68,12,4919.35,409.9458333333334,81.83333333333333,71,596,49.666666666666664,0.6040268456375839,0.07230142566191446,0
14971,35,3,1097.98,365.99333333333334,213.0,144,9,3.0,10.0,0.22535211267605634,0
14972,128,2,145.07,72.535,20.0,20,253,126.5,0.23715415019762845,0.5,1
14973,107,3,1314.45,438.15000000000003,123.0,29,119,39.666666666666664,0.7563025210084033,0.07859078590785908,1
14974,37,1,89.94,89.94,37.0,17,1,1.0,30.0,0.4594594594594595,0
14975,57,2,472.39,236.195,253.5,25,364,182.0,0.16483516483516483,0.04930966469428008,0
14976,57,7,790.86,112.98,33.42857142857143,47,270,38.57142857142857,0.7777777777777778,0.20085470085470086,0
14977,726,1,31.929999999999996,31.929999999999996,17.0,4,1,1.0,30.0,0.23529411764705882,1
14978,72,10,3112.19,311.219,73.6,175,519,51.9,0.5780346820809248,0.23777173913043478,0
14979,735,1,429.66,429.66,209.0,42,1,1.0,30.0,0.20095693779904306,1
14980,737,1,150.68,150.68,79.0,24,1,1.0,30.0,0.3037974683544304,1
14981,246,2,372.92,186.46,120.5,20,178,89.0,0.33707865168539325,0.08298755186721991,1
14982,572,1,237.78,237.78,125.0,39,1,1.0,30.0,0.312,1
14983,689,1,183.20000000000002,183.20000000000002,90.0,30,1,1.0,30.0,0.3333333333333333,1
14984,19,6,1260.51,210.085,58.0,48,679,113.16666666666667,0.2650957290132548,0.13793103448275862,0
14985,198,2,292.01,146.005,128.0,78,160,80.0,0.375,0.3046875,1
14986,376,2,563.1,281.55,169.0,87,308,154.0,0.1948051948051948,0.257396449704142,1
14987,16,8,1550.6499999999999,193.83124999999998,75.875,4,722,90.25,0.33240997229916897,0.006589785831960461,0
14988,212,7,2038.65,291.2357142857143,180.0,171,391,55.857142857142854,0.5370843989769821,0.1357142857142857,1
14989,662,1,342.4,342.4,200.0,18,1,1.0,30.0,0.09,1
14990,612,2,304.17,152.085,64.5,41,119,59.5,0.5042016806722689,0.3178294573643411,1
14991,430,1,314.67,314.67,191.0,21,1,1.0,30.0,0.1099476439790576,1
14992,442,1,210.5,210.5,145.0,27,1,1.0,30.0,0.18620689655172415,1
14993,564,1,36.13,36.13,21.0,9,1,1.0,30.0,0.42857142857142855,1
14994,382,5,946.72,189.344,113.6,233,241,48.2,0.6224066390041494,0.4102112676056338,1
14995,39,2,231.98000000000002,115.99000000000001,51.0,53,242,121.0,0.24793388429752067,0.5196078431372549,0
14996,481,2,442.28999999999996,221.14499999999998,202.0,37,1,0.5,60.0,0.09158415841584158,1
14997,46,4,776.5999999999999,194.14999999999998,352.0,36,610,152.5,0.19672131147540986,0.02556818181818182,0
14998,170,4,753.18,188.295,88.0,111,436,109.0,0.27522935779816515,0.3153409090909091,1
14999,593,1,129.48000000000002,129.48000000000002,88.0,9,1,1.0,30.0,0.10227272727272728,1
15000,48,1,490.52,490.52,218.0,76,1,1.0,30.0,0.3486238532110092,0
15001,394,2,199.10999999999999,99.55499999999999,35.0,44,1,0.5,60.0,0.6285714285714286,1
15002,116,9,4138.08,459.78666666666663,246.0,220,581,64.55555555555556,0.46471600688468157,0.0993676603432701,1
15003,473,6,1027.03,171.17166666666665,87.5,253,210,35.0,0.8571428571428571,0.4819047619047619,1
15004,147,1,1220.77,1220.77,623.0,154,1,1.0,30.0,0.24719101123595505,1
15005,16,56,13754.58,245.6175,154.75,591,723,12.910714285714286,2.3236514522821574,0.06819755365797368,0
15006,51,2,757.78,378.89,193.5,165,403,201.5,0.1488833746898263,0.4263565891472868,0
15007,159,1,156.91,156.91,69.0,12,1,1.0,30.0,0.17391304347826086,1
15008,480,2,360.0,180.0,750.0,6,158,79.0,0.379746835443038,0.004,1
15009,12,3,1259.43,419.81,213.0,148,13,4.333333333333333,6.9230769230769225,0.23161189358372458,0
15010,36,1,308.94,308.94,184.0,20,1,1.0,30.0,0.10869565217391304,0
15011,396,2,416.6,208.3,144.5,17,21,10.5,2.857142857142857,0.058823529411764705,1
15012,54,3,646.26,215.42,127.66666666666667,165,524,174.66666666666666,0.1717557251908397,0.4308093994778068,0
15013,488,10,1610.82,161.082,171.5,177,190,19.0,1.5789473684210527,0.1032069970845481,1
15014,43,2,257.67,128.835,74.5,29,134,67.0,0.44776119402985076,0.19463087248322147,0
15015,501,13,2354.97,181.15153846153845,121.84615384615384,158,224,17.23076923076923,1.7410714285714286,0.09974747474747475,1
15016,173,5,620.89,124.178,48.6,93,371,74.2,0.40431266846361186,0.38271604938271603,1
15017,34,1,125.58,125.58,63.0,20,1,1.0,30.0,0.31746031746031744,0
15018,39,3,496.21000000000004,165.40333333333334,63.0,30,330,110.0,0.2727272727272727,0.15873015873015872,0
15019,267,1,252.81,252.81,150.0,64,1,1.0,30.0,0.4266666666666667,1
15020,379,1,198.47,198.47,111.0,27,1,1.0,30.0,0.24324324324324326,1
15021,9,12,2500.59,208.38250000000002,89.91666666666667,355,490,40.833333333333336,0.7346938775510204,0.3290083410565338,0
15022,12,5,1133.44,226.68800000000002,128.0,115,666,133.2,0.22522522522522523,0.1796875,0
15023,3,20,11578.65,578.9325,237.9,486,672,33.6,0.8928571428571429,0.1021437578814628,0
15024,10,16,3559.39,222.461875,120.25,168,415,25.9375,1.1566265060240963,0.08731808731808732,0
15025,33,2,979.79,489.895,251.5,132,536,268.0,0.11194029850746269,0.2624254473161034,0
15026,80,5,1048.8899999999999,209.77799999999996,131.0,109,369,73.8,0.4065040650406504,0.166412213740458,0
15027,31,10,3195.6,319.56,278.2,69,594,59.4,0.5050505050505051,0.02480230050323508,0
15028,8,6,962.94,160.49,112.16666666666667,65,386,64.33333333333333,0.46632124352331605,0.09658246656760773,0
15029,620,1,365.1,365.1,234.0,10,1,1.0,30.0,0.042735042735042736,1
15030,72,8,1979.91,247.48875,153.125,25,574,71.75,0.4181184668989547,0.02040816326530612,0
15031,4,14,3102.94,221.63857142857142,112.57142857142857,237,728,52.0,0.576923076923077,0.15038071065989847,0
15032,256,8,11010.05,1376.25625,825.125,39,473,59.125,0.507399577167019,0.005908195727920012,1
15033,5,10,2557.18,255.718,167.2,315,325,32.5,0.923076923076923,0.18839712918660287,0
15034,16,14,8231.2,587.9428571428572,339.14285714285717,416,562,40.142857142857146,0.7473309608540925,0.08761583824768324,0
15035,90,1,252.73000000000002,252.73000000000002,245.0,26,1,1.0,30.0,0.10612244897959183,0
15036,72,3,429.56,143.18666666666667,105.33333333333333,107,108,36.0,0.8333333333333333,0.33860759493670883,0
15037,376,2,397.76,198.88,149.0,40,1,0.5,60.0,0.1342281879194631,1
15038,59,9,1146.53,127.39222222222222,42.333333333333336,190,367,40.77777777777778,0.7356948228882835,0.49868766404199477,0
15039,10,93,39141.48,420.8761290322581,191.18279569892474,562,720,7.741935483870968,3.875,0.031608548931383575,0
15040,542,1,7.49,7.49,1.0,1,1,1.0,30.0,1.0,1
15041,170,2,289.4,144.7,97.0,98,275,137.5,0.2181818181818182,0.5051546391752577,1
15042,199,2,315.45,157.725,119.0,9,397,198.5,0.15113350125944586,0.037815126050420166,1
15043,31,6,2870.3199999999997,478.3866666666666,169.83333333333334,39,502,83.66666666666667,0.3585657370517928,0.038272816486751716,0
15044,19,35,16024.15,457.8328571428571,149.74285714285713,344,704,20.114285714285714,1.491477272727273,0.06563632894485785,0
15045,152,2,735.66,367.83,57.0,11,106,53.0,0.5660377358490566,0.09649122807017543,1
15046,9,25,7623.79,304.9516,183.4,248,686,27.44,1.0932944606413995,0.054089422028353325,0
15047,270,1,343.62,343.62,222.0,22,1,1.0,30.0,0.0990990990990991,1
15048,65,4,381.0,95.25,48.0,86,304,76.0,0.39473684210526316,0.4479166666666667,0
15049,274,1,121.17000000000002,121.17000000000002,63.0,3,1,1.0,30.0,0.047619047619047616,1
15050,25,5,4087.19,817.438,520.0,116,456,91.2,0.32894736842105265,0.04461538461538461,0
15051,23,9,3926.91,436.3233333333333,339.1111111111111,226,716,79.55555555555556,0.3770949720670391,0.07404980340760157,0
15052,319,1,207.73000000000002,207.73000000000002,79.0,27,1,1.0,30.0,0.34177215189873417,1
15053,5,3,693.95,231.3166666666667,328.0,49,278,92.66666666666667,0.3237410071942446,0.049796747967479675,0
15054,12,2,302.1,151.05,99.0,105,29,14.5,2.0689655172413794,0.5303030303030303,0
15055,475,3,549.12,183.04,75.0,77,249,83.0,0.36144578313253006,0.3422222222222222,1
15056,520,1,113.64999999999999,113.64999999999999,69.0,6,1,1.0,30.0,0.08695652173913043,1
15057,275,5,3255.96,651.192,278.8,62,459,91.8,0.32679738562091504,0.04447632711621234,1
15058,25,16,3387.58,211.72375,102.8125,232,629,39.3125,0.7631160572337043,0.14103343465045592,0
15059,41,19,3491.2,183.7473684210526,84.15789473684211,308,693,36.473684210526315,0.8225108225108224,0.19262038774233897,0
15060,8,4,294.25,73.5625,64.25,81,1,0.25,120.0,0.3151750972762646,0
15061,4,127,126389.02,995.1891338582677,584.8818897637796,131,735,5.78740157480315,5.183673469387755,0.0017635971997845988,0
15062,71,8,2585.62,323.2025,234.0,98,540,67.5,0.4444444444444444,0.05235042735042735,0
15063,213,1,370.79999999999995,370.79999999999995,56.0,5,1,1.0,30.0,0.08928571428571429,1
15064,410,4,1254.41,313.6025,202.5,75,307,76.75,0.39087947882736157,0.09259259259259259,1
15065,38,5,3326.86,665.3720000000001,289.2,156,374,74.8,0.40106951871657753,0.1078838174273859,0
15066,53,1,893.59,893.59,317.0,42,1,1.0,30.0,0.13249211356466878,0
15067,78,5,3862.88,772.576,430.2,170,529,105.8,0.2835538752362949,0.07903300790330078,0
15068,46,4,1174.9,293.725,208.0,178,576,144.0,0.20833333333333334,0.21394230769230768,0
15069,179,1,1109.53,1109.53,520.0,70,1,1.0,30.0,0.1346153846153846,1
15070,373,3,737.0500000000001,245.68333333333337,113.0,26,352,117.33333333333333,0.2556818181818182,0.07669616519174041,1
15071,94,4,1455.56,363.89,104.0,41,477,119.25,0.25157232704402516,0.0985576923076923,1
15072,479,1,187.51999999999998,187.51999999999998,164.0,13,1,1.0,30.0,0.07926829268292683,1
15073,10,8,2788.02,348.5025,176.25,115,673,84.125,0.35661218424962854,0.08156028368794327,0
15074,105,3,1553.1299999999999,517.7099999999999,346.3333333333333,63,363,121.0,0.24793388429752067,0.06063522617901829,1
15075,78,1,773.03,773.03,447.0,27,1,1.0,30.0,0.06040268456375839,0
15076,173,3,1447.74,482.58,288.6666666666667,68,350,116.66666666666667,0.2571428571428572,0.07852193995381063,1
15077,495,2,2428.08,1214.04,264.0,28,236,118.0,0.2542372881355932,0.05303030303030303,1
15078,7,53,17286.73,326.1647169811321,165.60377358490567,118,729,13.754716981132075,2.1810699588477367,0.01344422923550188,0
15079,213,11,3625.4,329.58181818181816,132.63636363636363,119,520,47.27272727272727,0.6346153846153847,0.08156271418779987,1
15080,428,2,546.25,273.125,143.5,31,75,37.5,0.8,0.10801393728222997,1
15081,22,12,1854.57,154.54749999999999,62.416666666666664,75,514,42.833333333333336,0.7003891050583658,0.10013351134846461,0
15082,669,1,93.35000000000001,93.35000000000001,43.0,6,1,1.0,30.0,0.13953488372093023,1
15083,257,1,88.2,88.2,38.0,5,1,1.0,30.0,0.13157894736842105,1
15084,380,2,965.2,482.6,300.0,31,267,133.5,0.2247191011235955,0.051666666666666666,1
15085,730,1,347.54,347.54,169.0,9,1,1.0,30.0,0.05325443786982249,1
15086,565,2,218.53,109.265,47.5,10,61,30.5,0.9836065573770493,0.10526315789473684,1
15087,282,1,306.94,306.94,470.0,15,1,1.0,30.0,0.031914893617021274,1
15088,21,2,1160.07,580.035,230.0,53,46,23.0,1.3043478260869565,0.11521739130434783,0
15089,10,6,2420.84,403.47333333333336,226.5,139,119,19.833333333333332,1.5126050420168067,0.10228108903605593,0
15090,308,1,381.32,381.32,208.0,23,1,1.0,30.0,0.11057692307692307,1
15091,68,3,1046.6100000000001,348.87000000000006,194.0,55,608,202.66666666666666,0.1480263157894737,0.09450171821305842,0
15092,215,3,776.46,258.82,76.66666666666667,39,248,82.66666666666667,0.36290322580645157,0.16956521739130434,1
15093,18,23,13702.38,595.7556521739131,468.60869565217394,104,714,31.043478260869566,0.9663865546218487,0.009649285581740583,0
15094,463,2,83.0,41.5,14.0,4,182,91.0,0.32967032967032966,0.14285714285714285,1
15095,104,10,3141.64,314.164,223.3,90,585,58.5,0.5128205128205128,0.040304523063143756,1
15096,43,1,219.39000000000001,219.39000000000001,120.0,11,1,1.0,30.0,0.09166666666666666,0
15097,4,3,908.35,302.78333333333336,141.33333333333334,59,579,193.0,0.15544041450777202,0.1391509433962264,0
15098,182,3,39916.5,13305.5,40.333333333333336,1,1,0.3333333333333333,90.0,0.008264462809917356,1
15099,84,1,410.48,410.48,343.0,23,1,1.0,30.0,0.06705539358600583,0
15100,334,7,2193.8999999999996,313.41428571428565,38.57142857142857,11,368,52.57142857142857,0.5706521739130435,0.040740740740740744,1
15101,9,6,1477.94,246.32333333333335,112.66666666666667,52,582,97.0,0.30927835051546393,0.07692307692307693,0
15102,531,2,554.67,277.335,169.5,26,17,8.5,3.5294117647058822,0.07669616519174041,1
15103,31,2,703.36,351.68,164.5,35,56,28.0,1.0714285714285714,0.10638297872340426,0
15104,197,2,993.54,496.77,317.5,66,86,43.0,0.6976744186046512,0.10393700787401575,1
15105,18,9,3094.91,343.87888888888887,194.11111111111111,129,609,67.66666666666667,0.44334975369458124,0.07384087006296508,0
15106,18,5,1422.52,284.504,236.2,90,252,50.4,0.5952380952380952,0.07620660457239628,0
15107,311,9,824.35,91.59444444444445,36.666666666666664,32,141,15.666666666666666,1.9148936170212765,0.09696969696969697,1
15108,142,4,1300.25,325.0625,124.75,50,86,21.5,1.3953488372093024,0.10020040080160321,1
15109,246,3,983.1,327.7,86.0,46,490,163.33333333333334,0.1836734693877551,0.17829457364341086,1
15110,24,6,1505.8500000000001,250.97500000000002,56.166666666666664,23,462,77.0,0.38961038961038963,0.06824925816023739,0
15111,29,5,2442.37,488.474,211.6,109,564,112.8,0.26595744680851063,0.10302457466918714,0
15112,611,1,209.4,209.4,72.0,7,1,1.0,30.0,0.09722222222222222,1
15113,10,3,3509.43,1169.81,781.3333333333334,77,45,15.0,2.0,0.03284982935153584,0
15114,30,12,3400.12,283.3433333333333,294.3333333333333,151,391,32.583333333333336,0.9207161125319693,0.0427519818799547,0
15115,18,2,531.85,265.925,122.5,35,715,357.5,0.08391608391608392,0.14285714285714285,0
15116,18,4,1352.75,338.1875,162.0,37,188,47.0,0.6382978723404256,0.05709876543209876,0
15117,15,8,2485.9700000000003,310.74625000000003,386.625,89,620,77.5,0.3870967741935484,0.028774652440995797,0
15118,134,1,244.8,244.8,1440.0,1,1,1.0,30.0,0.0006944444444444445,1
15119,246,1,266.4,266.4,88.0,14,1,1.0,30.0,0.1590909090909091,1
15120,134,1,358.82,358.82,296.0,21,1,1.0,30.0,0.07094594594594594,1
15121,50,2,457.72,228.86,99.5,28,239,119.5,0.2510460251046025,0.1407035175879397,0
15122,114,11,4487.27,407.9336363636364,184.8181818181818,155,506,46.0,0.6521739130434783,0.07624200688637482,1
15123,7,5,4656.17,931.234,504.8,149,627,125.4,0.23923444976076558,0.05903328050713154,0
15124,23,4,450.82,112.705,115.5,30,629,157.25,0.1907790143084261,0.06493506493506493,0
15125,25,24,17024.87,709.3695833333333,351.375,151,594,24.75,1.2121212121212122,0.017905846080872763,0
15126,537,2,449.49,224.745,136.5,25,151,75.5,0.3973509933774835,0.09157509157509157,1
15127,66,2,711.5,355.75,232.0,27,455,227.5,0.13186813186813187,0.05818965517241379,0
15128,60,5,1783.68,356.736,316.6,87,370,74.0,0.4054054054054054,0.054958938723941884,0
15129,50,23,6860.18,298.2686956521739,174.0,86,560,24.347826086956523,1.232142857142857,0.02148925537231384,0
15130,170,1,330.11,330.11,197.0,22,1,1.0,30.0,0.1116751269035533,1
15131,395,1,80.28,80.28,88.0,7,1,1.0,30.0,0.07954545454545454,1
15132,18,5,977.9300000000001,195.586,135.8,49,245,49.0,0.6122448979591837,0.07216494845360824,0
15133,128,5,1806.9,361.38,192.0,45,393,78.6,0.3816793893129771,0.046875,1
15134,15,10,1596.29,159.629,105.7,47,408,40.8,0.7352941176470589,0.04446546830652791,0
15135,239,2,305.68,152.84,42.0,17,318,159.0,0.18867924528301888,0.20238095238095238,1
15136,3,4,1286.7,321.675,194.0,61,94,23.5,1.2765957446808511,0.07860824742268041,0
15137,521,2,823.4,411.7,298.0,34,160,80.0,0.375,0.05704697986577181,1
15138,394,1,502.52,502.52,300.0,31,1,1.0,30.0,0.10333333333333333,1
15139,240,2,178.96,89.48,104.0,13,97,48.5,0.6185567010309279,0.0625,1
15140,52,8,3243.69,405.46125,251.25,103,391,48.875,0.6138107416879796,0.05124378109452736,0
15141,458,7,1388.47,198.35285714285715,171.0,44,164,23.428571428571427,1.2804878048780488,0.036758563074352546,1
15142,46,6,2619.92,436.65333333333336,359.1666666666667,115,455,75.83333333333333,0.39560439560439564,0.05336426914153132,0
15143,226,2,563.63,281.815,160.0,27,207,103.5,0.2898550724637681,0.084375,1
15144,8,29,12160.31,419.3210344827586,181.06896551724137,199,719,24.79310344827586,1.2100139082058414,0.03789754332508094,0
15145,4,4,1194.73,298.6825,189.0,54,245,61.25,0.489795918367347,0.07142857142857142,0
15146,165,2,1327.16,663.58,736.5,90,127,63.5,0.47244094488188976,0.06109979633401222,1
15147,240,1,623.5,623.5,366.0,28,1,1.0,30.0,0.07650273224043716,1
15148,11,1,301.29,301.29,187.0,20,1,1.0,30.0,0.10695187165775401,0
15149,134,5,1554.6100000000001,310.922,76.0,62,516,103.2,0.29069767441860467,0.1631578947368421,1
15150,17,13,8977.94,690.6107692307693,474.38461538461536,495,527,40.53846153846154,0.7400379506641366,0.08026593157126642,0
15151,423,2,2085.61,1042.805,397.5,56,87,43.5,0.6896551724137931,0.07044025157232704,1
15152,10,14,5263.83,375.98785714285714,213.85714285714286,214,692,49.42857142857143,0.6069364161849711,0.07147628590514363,0
15153,31,1,329.25,329.25,198.0,22,1,1.0,30.0,0.1111111111111111,0
15154,75,3,1343.72,447.9066666666667,111.0,166,403,134.33333333333334,0.22332506203473945,0.4984984984984985,0
15155,383,1,383.96999999999997,383.96999999999997,192.0,24,1,1.0,30.0,0.125,1
15156,1,3,961.49,320.49666666666667,199.0,51,33,11.0,2.727272727272727,0.08542713567839195,0
15157,4,5,2654.11,530.822,693.2,152,726,145.2,0.2066115702479339,0.04385458742065782,0
15158,45,2,606.02,303.01,109.5,11,357,178.5,0.1680672268907563,0.0502283105022831,0
15159,2,34,22116.73,650.4920588235294,397.4117647058824,413,431,12.676470588235293,2.3665893271461718,0.03056542332741267,0
15160,357,4,589.27,147.3175,76.75,17,64,16.0,1.875,0.05537459283387622,1
15161,388,1,119.92,119.92,144.0,33,1,1.0,30.0,0.22916666666666666,1
15162,731,1,312.9,312.9,74.0,12,1,1.0,30.0,0.16216216216216217,1
15163,18,2,304.47,152.235,93.0,29,174,87.0,0.3448275862068966,0.15591397849462366,0
15164,69,9,2028.1100000000001,225.34555555555556,101.33333333333333,243,622,69.11111111111111,0.4340836012861736,0.26644736842105265,0
15165,373,1,487.75,487.75,160.0,27,1,1.0,30.0,0.16875,1
15166,468,1,167.16,167.16,140.0,12,1,1.0,30.0,0.08571428571428572,1
15167,321,5,1627.62,325.524,172.6,262,353,70.6,0.4249291784702549,0.30359212050984935,1
15168,26,1,106.56,106.56,52.0,5,1,1.0,30.0,0.09615384615384616,0
15169,382,2,569.22,284.61,178.0,58,345,172.5,0.17391304347826086,0.16292134831460675,1
15170,407,1,81.15,81.15,33.0,4,1,1.0,30.0,0.12121212121212122,1
15171,331,1,1289.5,1289.5,290.0,5,1,1.0,30.0,0.017241379310344827,1
15172,9,5,1624.05,324.81,322.2,106,228,45.6,0.6578947368421053,0.06579764121663563,0
15173,381,7,1494.6,213.5142857142857,120.0,68,237,33.857142857142854,0.8860759493670886,0.08095238095238096,1
15174,323,2,481.46,240.73,191.0,34,88,44.0,0.6818181818181819,0.08900523560209424,1
15175,72,1,224.14,224.14,454.0,23,1,1.0,30.0,0.05066079295154185,0
15176,668,1,988.04,988.04,448.0,52,1,1.0,30.0,0.11607142857142858,1
15177,426,1,948.93,948.93,485.0,26,1,1.0,30.0,0.05360824742268041,1
15178,260,1,40.5,40.5,30.0,3,1,1.0,30.0,0.1,1
15179,18,13,7491.92,576.3015384615385,416.61538461538464,225,719,55.30769230769231,0.5424200278164117,0.04154357459379616,0
15180,367,3,816.9300000000001,272.31,218.0,46,222,74.0,0.4054054054054054,0.07033639143730887,1
15181,66,5,1200.2,240.04000000000002,137.6,15,665,133.0,0.22556390977443608,0.02180232558139535,0
15182,154,11,2998.952,272.632,107.81818181818181,78,503,45.72727272727273,0.6560636182902585,0.0657672849915683,1
15183,548,3,639.93,213.30999999999997,99.0,33,37,12.333333333333334,2.4324324324324325,0.1111111111111111,1
15184,29,4,685.39,171.3475,115.5,72,695,173.75,0.1726618705035971,0.15584415584415584,0
15185,70,1,310.62,310.62,666.0,21,1,1.0,30.0,0.03153153153153153,0
15186,14,5,1403.2,280.64,143.2,29,683,136.6,0.21961932650073207,0.040502793296089384,0
15187,2,16,4777.18,298.57375,117.9375,61,211,13.1875,2.2748815165876777,0.03232644409114997,0
15188,725,1,310.43,310.43,233.0,23,1,1.0,30.0,0.09871244635193133,1
15189,1,46,17524.38,380.96478260869566,150.04347826086956,90,508,11.043478260869565,2.716535433070866,0.01303969863807592,0
15190,434,1,834.4399999999999,834.4399999999999,790.0,40,1,1.0,30.0,0.05063291139240506,1
15191,463,3,588.05,196.01666666666665,95.66666666666667,33,226,75.33333333333333,0.39823008849557523,0.11498257839721254,1
15192,120,5,1666.39,333.278,289.6,56,561,112.2,0.26737967914438504,0.03867403314917127,1
15193,61,1,499.32,499.32,144.0,19,1,1.0,30.0,0.13194444444444445,0
15194,3,28,12021.53,429.34035714285716,318.64285714285717,274,734,26.214285714285715,1.1444141689373297,0.030710603003810805,0
15195,3,1,3861.0,3861.0,1404.0,1,1,1.0,30.0,0.0007122507122507123,0
15196,433,2,313.7,156.85,65.0,34,294,147.0,0.2040816326530612,0.26153846153846155,1
15197,11,6,1877.51,312.91833333333335,176.33333333333334,44,718,119.66666666666667,0.25069637883008355,0.04158790170132325,0
15198,92,5,571.35,114.27000000000001,65.4,28,598,119.6,0.2508361204013378,0.0856269113149847,1
15199,59,10,3122.4,312.24,89.4,17,517,51.7,0.5802707930367504,0.01901565995525727,0
15200,495,1,549.05,549.05,195.0,30,1,1.0,30.0,0.15384615384615385,1
15201,87,7,1842.95,263.2785714285714,237.14285714285714,44,525,75.0,0.4,0.02650602409638554,0
15202,420,3,6001.49,2000.4966666666667,1.0,1,1,0.3333333333333333,90.0,0.3333333333333333,1
15203,26,15,4400.18,293.3453333333334,278.8,150,706,47.06666666666667,0.6373937677053824,0.035868005738880916,0
15204,357,1,316.58,316.58,258.0,9,1,1.0,30.0,0.03488372093023256,1
15205,85,2,653.24,326.62,189.0,37,43,21.5,1.3953488372093024,0.09788359788359788,0
15206,10,4,420.29999999999995,105.07499999999999,40.5,3,266,66.5,0.45112781954887216,0.018518518518518517,0
15207,416,3,683.9200000000001,227.97333333333336,142.66666666666666,19,131,43.666666666666664,0.6870229007633588,0.04439252336448598,1
15208,1,6,970.52,161.75333333333333,59.333333333333336,27,423,70.5,0.425531914893617,0.07584269662921349,0
15209,730,1,178.98000000000002,178.98000000000002,94.0,13,1,1.0,30.0,0.13829787234042554,1
15210,225,3,1176.19,392.06333333333333,280.3333333333333,66,351,117.0,0.25641025641025644,0.07847800237812129,1
15211,60,2,894.4100000000001,447.20500000000004,120.0,52,305,152.5,0.19672131147540986,0.21666666666666667,0
15212,241,2,208.28,104.14,42.0,7,136,68.0,0.4411764705882353,0.08333333333333333,1
15213,319,2,328.35,164.175,136.0,22,12,6.0,5.0,0.08088235294117647,1
15214,2,8,1661.44,207.68,156.75,109,242,30.25,0.9917355371900827,0.08692185007974482,0
15215,47,7,2422.43,346.06142857142856,110.85714285714286,85,567,81.0,0.3703703703703704,0.1095360824742268,0
15216,88,2,486.09,243.045,108.5,24,532,266.0,0.11278195488721804,0.11059907834101383,0
15217,563,1,426.24,426.24,190.0,28,1,1.0,30.0,0.14736842105263157,1
15218,11,22,11468.83,521.3104545454545,296.8181818181818,139,673,30.59090909090909,0.9806835066864784,0.021286370597243493,0
15219,176,2,685.45,342.725,135.5,26,473,236.5,0.12684989429175475,0.0959409594095941,1
15220,52,6,1778.96,296.49333333333334,232.16666666666666,110,230,38.333333333333336,0.7826086956521738,0.07896625987078248,0
15221,366,4,2062.2000000000003,515.5500000000001,61.0,21,272,68.0,0.4411764705882353,0.0860655737704918,1
15222,319,11,3550.91,322.81,405.27272727272725,98,405,36.81818181818182,0.8148148148148148,0.021982951996410947,1
15223,226,5,1417.95,283.59000000000003,77.0,26,510,102.0,0.29411764705882354,0.06753246753246753,1
15224,358,5,871.36,174.272,88.6,24,335,67.0,0.44776119402985076,0.05417607223476298,1
15225,234,1,409.40000000000003,409.40000000000003,226.0,23,1,1.0,30.0,0.10176991150442478,1
15226,311,1,154.41,154.41,71.0,8,1,1.0,30.0,0.11267605633802817,1
15227,37,9,2488.4900000000002,276.4988888888889,135.22222222222223,86,598,66.44444444444444,0.451505016722408,0.07066557107641742,0
15228,66,6,5580.2699999999995,930.045,562.5,184,434,72.33333333333333,0.4147465437788018,0.05451851851851852,0
15229,586,1,160.5,160.5,114.0,9,1,1.0,30.0,0.07894736842105263,1
15230,239,2,429.6,214.8,175.5,23,2,1.0,30.0,0.06552706552706553,1
15231,621,1,250.26,250.26,190.0,14,1,1.0,30.0,0.07368421052631578,1
15232,113,2,612.06,306.03,343.0,26,28,14.0,2.142857142857143,0.037900874635568516,1
15233,401,1,59.400000000000006,59.400000000000006,12.0,1,1,1.0,30.0,0.08333333333333333,1
15234,277,1,197.0,197.0,196.0,14,1,1.0,30.0,0.07142857142857142,1
15235,218,16,2772.76,173.2975,104.75,161,171,10.6875,2.807017543859649,0.09606205250596658,1
15236,299,1,321.05,321.05,269.0,15,1,1.0,30.0,0.055762081784386616,1
15237,2,4,1412.32,353.08,267.75,94,226,56.5,0.5309734513274337,0.08776844070961717,0
15238,29,3,1071.99,357.33,230.66666666666666,49,155,51.666666666666664,0.5806451612903225,0.0708092485549133,0
15239,10,2,780.59,390.295,297.0,48,69,34.5,0.8695652173913044,0.08080808080808081,0
15240,45,12,4459.98,371.66499999999996,267.8333333333333,134,690,57.5,0.5217391304347826,0.04169259489732421,0
15241,67,11,3050.16,277.2872727272727,302.54545454545456,120,588,53.45454545454545,0.5612244897959183,0.036057692307692304,0
15242,422,1,302.04,302.04,196.0,4,1,1.0,30.0,0.02040816326530612,1
15243,74,2,927.2800000000001,463.64000000000004,271.5,56,361,180.5,0.16620498614958448,0.10313075506445672,0
15244,65,3,912.08,304.0266666666667,157.33333333333334,44,601,200.33333333333334,0.14975041597337768,0.09322033898305085,0
15245,134,8,4610.84,576.355,377.625,72,462,57.75,0.5194805194805194,0.023833167825223437,1
15246,238,3,780.4,260.1333333333333,119.66666666666667,45,318,106.0,0.2830188679245283,0.12534818941504178,1
15247,122,3,976.06,325.3533333333333,171.33333333333334,13,415,138.33333333333334,0.21686746987951808,0.02529182879377432,1
15248,411,3,1893.93,631.3100000000001,355.0,103,123,41.0,0.7317073170731708,0.09671361502347418,1
15249,32,18,9266.0,514.7777777777778,276.6666666666667,304,592,32.888888888888886,0.9121621621621622,0.06104417670682731,0
15250,641,1,60.0,60.0,48.0,3,1,1.0,30.0,0.0625,1
15251,9,21,20324.54,967.8352380952381,576.5714285714286,183,671,31.952380952380953,0.9388971684053651,0.015113974231912785,0
15252,36,5,2103.41,420.68199999999996,286.0,106,576,115.2,0.2604166666666667,0.07412587412587412,0
15253,16,8,2055.09,256.88625,198.5,102,571,71.375,0.42031523642732044,0.06423173803526448,0
15254,127,3,1088.35,362.7833333333333,237.0,64,434,144.66666666666666,0.2073732718894009,0.090014064697609,1
15255,67,9,3706.02,411.78,246.0,137,671,74.55555555555556,0.40238450074515647,0.06187895212285456,0
15256,149,2,170.4,85.2,46.0,6,414,207.0,0.14492753623188406,0.06521739130434782,1
15257,283,2,685.9,342.95,35.5,11,131,65.5,0.45801526717557256,0.15492957746478872,1
15258,169,2,623.16,311.58,71.0,32,49,24.5,1.2244897959183674,0.22535211267605634,1
15259,513,4,1182.3799999999999,295.59499999999997,157.75,50,170,42.5,0.7058823529411764,0.07923930269413629,1
15260,100,25,8767.73,350.7092,178.72,186,634,25.36,1.1829652996845426,0.04162936436884512,1
15261,135,4,1508.0,377.0,201.5,87,300,75.0,0.4,0.10794044665012408,1
15262,324,3,418.82,139.60666666666665,72.66666666666667,22,165,55.0,0.5454545454545454,0.10091743119266056,1
15263,107,1,156.51,156.51,89.0,12,1,1.0,30.0,0.1348314606741573,1
15264,64,2,848.4,424.2,221.5,52,467,233.5,0.1284796573875803,0.11738148984198646,0
15265,151,4,3345.64,836.41,392.5,179,587,146.75,0.20442930153321975,0.11401273885350319,1
15266,338,5,852.21,170.442,47.2,38,364,72.8,0.4120879120879121,0.16101694915254236,1
15267,22,5,1717.36,343.472,188.8,8,161,32.2,0.9316770186335405,0.00847457627118644,0
15268,479,3,961.9000000000001,320.6333333333334,142.66666666666666,21,127,42.333333333333336,0.7086614173228346,0.04906542056074766,1
15269,24,3,1225.3600000000001,408.4533333333334,124.0,33,367,122.33333333333333,0.2452316076294278,0.08870967741935484,0
15270,16,21,8524.86,405.9457142857143,190.95238095238096,66,707,33.666666666666664,0.8910891089108911,0.016458852867830425,0
15271,7,24,4528.54,188.68916666666667,100.5,369,484,20.166666666666668,1.4876033057851241,0.15298507462686567,0
15272,57,6,2030.95,338.4916666666667,110.83333333333333,257,606,101.0,0.297029702970297,0.38646616541353385,0
15273,600,1,228.96,228.96,216.0,1,1,1.0,30.0,0.004629629629629629,1
15274,4,2,716.57,358.285,309.5,44,15,7.5,4.0,0.07108239095315025,0
15275,38,1,615.14,615.14,498.0,41,1,1.0,30.0,0.0823293172690763,0
15276,66,4,619.8,154.95,79.25,160,369,92.25,0.3252032520325203,0.5047318611987381,0
15277,47,2,476.34,238.17,186.5,23,379,189.5,0.158311345646438,0.06166219839142091,0
15278,562,4,496.15999999999997,124.03999999999999,114.5,29,104,26.0,1.1538461538461537,0.06331877729257641,1
15279,355,5,1580.54,316.108,160.4,74,322,64.4,0.46583850931677023,0.09226932668329177,1
15280,172,3,397.52,132.50666666666666,169.0,48,400,133.33333333333334,0.22499999999999998,0.09467455621301775,1
15281,59,16,8543.57,533.973125,327.0625,427,369,23.0625,1.3008130081300813,0.08159755398433022,0
15282,570,1,348.59,348.59,395.0,27,1,1.0,30.0,0.06835443037974684,1
15283,390,3,148.33,49.443333333333335,9.0,9,128,42.666666666666664,0.703125,0.3333333333333333,1
15284,500,1,24.75,24.75,5.0,1,1,1.0,30.0,0.2,1
15285,408,1,94.92,94.92,120.0,6,1,1.0,30.0,0.05,1
15286,50,1,240.55,240.55,55.0,3,1,1.0,30.0,0.05454545454545454,0
15287,22,5,856.03,171.206,202.0,23,716,143.2,0.20949720670391062,0.02277227722772277,0
15288,43,10,3715.38,371.538,133.6,128,623,62.3,0.48154093097913325,0.09580838323353294,0
15289,29,5,1593.09,318.618,325.4,67,593,118.6,0.25295109612141653,0.041180086047940996,0
15290,5,26,10496.28,403.70307692307694,252.57692307692307,106,650,25.0,1.2,0.016141312623724684,0
15291,26,40,13517.76,337.944,122.625,116,711,17.775,1.6877637130801688,0.023649337410805302,0
15292,201,1,178.39,178.39,55.0,24,1,1.0,30.0,0.43636363636363634,1
15293,666,1,247.5,247.5,178.0,19,1,1.0,30.0,0.10674157303370786,1
15294,411,1,233.35,233.35,97.0,15,1,1.0,30.0,0.15463917525773196,1
15295,654,1,207.04,207.04,139.0,50,1,1.0,30.0,0.3597122302158273,1
15296,51,12,10323.03,860.2525,454.3333333333333,342,637,53.083333333333336,0.5651491365777079,0.06272927366104182,0
15297,10,3,641.94,213.98000000000002,97.33333333333333,30,54,18.0,1.6666666666666665,0.10273972602739725,0
15298,2,23,9061.77,393.99,260.8695652173913,199,730,31.73913043478261,0.9452054794520548,0.033166666666666664,0
15299,67,10,6156.53,615.653,335.6,9,630,63.0,0.47619047619047616,0.0026817640047675805,0
15300,64,1,496.44,496.44,292.0,28,1,1.0,30.0,0.0958904109589041,0
15301,51,17,6909.67,406.4511764705882,221.35294117647058,231,400,23.529411764705884,1.275,0.06138719107095403,0
15302,730,1,308.0,308.0,102.0,15,1,1.0,30.0,0.14705882352941177,1
15303,290,3,1224.18,408.06,171.33333333333334,63,394,131.33333333333334,0.2284263959390863,0.122568093385214,1
15304,61,9,796.4000000000001,88.4888888888889,12.444444444444445,8,361,40.111111111111114,0.7479224376731302,0.07142857142857142,0
15305,555,1,93.6,93.6,40.0,5,1,1.0,30.0,0.125,1
15306,64,9,3484.73,387.1922222222222,341.55555555555554,123,595,66.11111111111111,0.45378151260504207,0.040013012361743656,0
15307,96,1,205.3,205.3,37.0,12,1,1.0,30.0,0.32432432432432434,1
15308,274,1,310.47,310.47,175.0,19,1,1.0,30.0,0.10857142857142857,1
15309,611,4,797.96,199.49,110.0,49,125,31.25,0.96,0.11136363636363636,1
15310,479,1,1634.64,1634.64,1476.0,45,1,1.0,30.0,0.03048780487804878,1
15311,1,208,114966.42,552.7231730769231,337.2548076923077,864,739,3.5528846153846154,8.443843031123139,0.012316640294230852,0
15312,75,12,2930.19,244.1825,141.08333333333334,118,649,54.083333333333336,0.5546995377503853,0.06969875959834614,0
15313,110,1,52.0,52.0,25.0,1,1,1.0,30.0,0.04,1
15314,199,3,820.4499999999999,273.4833333333333,250.0,49,229,76.33333333333333,0.3930131004366812,0.06533333333333333,1
15315,64,2,570.5,285.25,431.0,35,52,26.0,1.1538461538461537,0.04060324825986079,0
15316,327,1,165.0,165.0,100.0,1,1,1.0,30.0,0.01,1
15317,677,1,129.75,129.75,45.0,5,1,1.0,30.0,0.1111111111111111,1
15318,4,1,312.62,312.62,642.0,33,1,1.0,30.0,0.0514018691588785,0
15319,284,1,204.5,204.5,175.0,16,1,1.0,30.0,0.09142857142857143,1
15320,44,1,267.13,267.13,326.0,36,1,1.0,30.0,0.11042944785276074,0
15321,71,12,6709.7300000000005,559.1441666666667,304.4166666666667,242,604,50.333333333333336,0.5960264900662252,0.06624692033944703,0
15322,86,2,1390.86,695.43,485.5,76,391,195.5,0.1534526854219949,0.07826982492276004,0
15323,563,3,434.6,144.86666666666667,62.666666666666664,29,100,33.333333333333336,0.8999999999999999,0.15425531914893617,1
15324,701,1,140.22000000000003,140.22000000000003,74.0,8,1,1.0,30.0,0.10810810810810811,1
15325,104,8,1601.46,200.1825,172.75,164,558,69.75,0.4301075268817204,0.11866859623733719,1
15326,334,5,1700.52,340.104,270.2,94,405,81.0,0.37037037037037035,0.0695780903034789,1
15327,53,1,208.75,208.75,116.0,10,1,1.0,30.0,0.08620689655172414,0
15328,408,1,107.24,107.24,88.0,8,1,1.0,30.0,0.09090909090909091,1
15329,39,11,2958.83,268.98454545454547,110.63636363636364,98,687,62.45454545454545,0.48034934497816595,0.08052588331963846,0
15330,32,2,714.96,357.48,656.0,10,29,14.5,2.0689655172413794,0.007621951219512195,0
15331,500,3,767.91,255.97,233.66666666666666,41,110,36.666666666666664,0.8181818181818182,0.05848787446504993,1
15332,366,6,4892.68,815.4466666666667,384.3333333333333,113,148,24.666666666666668,1.2162162162162162,0.049002601908065914,1
15333,208,1,1028.56,1028.56,344.0,16,1,1.0,30.0,0.046511627906976744,1
15334,157,3,350.82,116.94,91.0,67,17,5.666666666666667,5.294117647058823,0.2454212454212454,1
15335,54,1,170.22,170.22,79.0,34,1,1.0,30.0,0.43037974683544306,0
15336,402,1,240.5,240.5,84.0,15,1,1.0,30.0,0.17857142857142858,1
15337,411,1,373.02,373.02,200.0,21,1,1.0,30.0,0.105,1
15338,677,1,277.93,277.93,148.0,56,1,1.0,30.0,0.3783783783783784,1
15339,66,7,1821.02,260.1457142857143,162.57142857142858,162,603,86.14285714285714,0.34825870646766166,0.14235500878734622,0
15340,562,1,105.5,105.5,76.0,7,1,1.0,30.0,0.09210526315789473,1
15341,81,2,2402.7200000000003,1201.3600000000001,504.0,22,369,184.5,0.16260162601626016,0.021825396825396824,0
15342,130,1,406.09,406.09,283.0,24,1,1.0,30.0,0.08480565371024736,1
15343,87,1,364.5,364.5,84.0,21,1,1.0,30.0,0.25,0
15344,1,3,563.94,187.98000000000002,38.666666666666664,21,74,24.666666666666668,1.2162162162162162,0.1810344827586207,0
15345,46,1,393.54,393.54,81.0,20,1,1.0,30.0,0.24691358024691357,0
15346,333,3,596.12,198.70666666666668,86.66666666666667,36,99,33.0,0.9090909090909092,0.13846153846153847,1
15347,366,4,1162.0,290.5,135.5,29,72,18.0,1.6666666666666667,0.05350553505535055,1
15348,72,1,158.04,158.04,84.0,9,1,1.0,30.0,0.10714285714285714,0
15349,158,2,463.90999999999997,231.95499999999998,160.5,65,30,15.0,2.0,0.20249221183800623,1
15350,373,2,547.6,273.8,136.0,26,10,5.0,6.0,0.09558823529411764,1
15351,12,10,3430.22,343.022,135.0,201,421,42.1,0.7125890736342043,0.14888888888888888,0
15352,549,1,111.15,111.15,40.0,34,1,1.0,30.0,0.85,1
15353,255,7,2794.4700000000003,399.21000000000004,198.71428571428572,274,484,69.14285714285714,0.43388429752066116,0.196980589503954,1
15354,603,3,284.4,94.8,1.0,1,1,0.3333333333333333,90.0,0.3333333333333333,1
15355,29,2,277.05,138.525,22.5,9,24,12.0,2.5,0.2,0
15356,31,13,3239.57,249.1976923076923,145.53846153846155,290,391,30.076923076923077,0.9974424552429667,0.15327695560253699,0
15358,5,42,16425.86,391.0919047619048,354.8095238095238,359,728,17.333333333333332,1.7307692307692308,0.02409072607703664,0
15359,663,8,181.35,22.66875,18.125,10,31,3.875,7.741935483870967,0.06896551724137931,1
15360,40,1,427.93,427.93,223.0,13,1,1.0,30.0,0.05829596412556054,0
15361,362,4,689.07,172.2675,93.25,10,182,45.5,0.6593406593406593,0.02680965147453083,1
15362,449,2,613.08,306.54,184.0,38,291,145.5,0.2061855670103093,0.10326086956521739,1
15363,373,2,678.11,339.055,191.5,32,121,60.5,0.49586776859504134,0.0835509138381201,1
15364,96,2,913.19,456.595,246.5,29,159,79.5,0.37735849056603776,0.058823529411764705,1
15365,26,13,4557.13,350.54846153846154,163.92307692307693,126,648,49.84615384615385,0.6018518518518519,0.05912717034256218,0
15366,75,7,2389.08,341.29714285714283,349.57142857142856,86,577,82.42857142857143,0.36395147313691506,0.035145075602778915,0
15367,57,11,5081.33,461.9390909090909,267.6363636363636,214,672,61.09090909090909,0.4910714285714286,0.07269021739130435,0
15368,21,2,722.74,361.37,203.0,8,373,186.5,0.16085790884718498,0.019704433497536946,0
15369,492,11,6251.26,568.2963636363637,298.90909090909093,44,240,21.818181818181817,1.375,0.01338199513381995,1
15370,41,8,3739.01,467.37625,174.625,90,370,46.25,0.6486486486486486,0.06442376521116679,0
15371,662,1,59.400000000000006,59.400000000000006,12.0,1,1,1.0,30.0,0.08333333333333333,1
15372,137,8,6017.06,752.1325,801.25,45,527,65.875,0.4554079696394687,0.0070202808112324495,1
15373,8,17,3084.54,181.4435294117647,42.705882352941174,107,579,34.05882352941177,0.8808290155440415,0.14738292011019283,0
15374,129,2,307.32,153.66,145.0,8,496,248.0,0.12096774193548386,0.027586206896551724,1
15375,690,1,60.959999999999994,60.959999999999994,84.0,6,1,1.0,30.0,0.07142857142857142,1
15376,40,3,1221.56,407.18666666666667,205.0,100,183,61.0,0.49180327868852464,0.16260162601626016,0
15377,383,4,1211.75,302.9375,63.25,15,33,8.25,3.6363636363636362,0.05928853754940711,1
15378,463,2,246.5,123.25,65.0,8,40,20.0,1.5,0.06153846153846154,1
15379,169,8,4877.84,609.73,375.0,177,232,29.0,1.0344827586206897,0.059,1
15380,9,11,3248.96,295.36,86.72727272727273,27,730,66.36363636363636,0.452054794520548,0.02830188679245283,0
15381,214,5,1890.5700000000002,378.11400000000003,160.4,20,370,74.0,0.4054054054054054,0.02493765586034913,1
15382,15,12,13733.550000000001,1144.4625,764.8333333333334,315,721,60.083333333333336,0.4993065187239944,0.03432120287644367,0
15384,170,4,2027.79,506.9475,441.75,83,423,105.75,0.28368794326241137,0.04697226938313526,1
15385,40,3,942.08,314.0266666666667,142.66666666666666,18,638,212.66666666666666,0.14106583072100315,0.04205607476635514,0
15386,186,1,394.14,394.14,446.0,31,1,1.0,30.0,0.06950672645739911,1
15387,492,1,468.65,468.65,335.0,20,1,1.0,30.0,0.05970149253731343,1
15388,270,1,140.54,140.54,88.0,10,1,1.0,30.0,0.11363636363636363,1
15389,172,5,2733.8,546.76,788.0,2,510,102.0,0.29411764705882354,0.0005076142131979696,1
15390,396,2,1216.66,608.33,447.0,77,13,6.5,4.615384615384615,0.08612975391498881,1
15391,584,1,289.87,289.87,109.0,12,1,1.0,30.0,0.11009174311926606,1
15392,5,7,2911.62,415.94571428571425,306.2857142857143,100,427,61.0,0.49180327868852464,0.04664179104477612,0
15393,16,5,891.34,178.268,75.6,37,708,141.6,0.211864406779661,0.09788359788359788,0
15394,10,11,5286.8,480.6181818181818,215.63636363636363,129,715,65.0,0.46153846153846156,0.05438448566610455,0
15395,326,1,107.45,107.45,17.0,7,1,1.0,30.0,0.4117647058823529,1
15396,113,2,796.38,398.19,139.0,16,472,236.0,0.1271186440677966,0.05755395683453238,1
15397,290,1,94.0,94.0,20.0,6,1,1.0,30.0,0.3,1
15398,16,2,1345.53,672.765,384.5,60,63,31.5,0.9523809523809523,0.07802340702210664,0
15399,1,3,815.77,271.92333333333335,203.66666666666666,45,78,26.0,1.1538461538461537,0.07364975450081833,0
15400,92,8,1302.3,162.7875,82.75,16,469,58.625,0.511727078891258,0.02416918429003021,1
15401,452,2,216.95000000000002,108.47500000000001,46.5,14,117,58.5,0.5128205128205129,0.15053763440860216,1
15402,149,6,1830.54,305.09,339.0,79,444,74.0,0.4054054054054054,0.03883972468043265,1
15403,492,2,170.88,85.44,246.0,6,239,119.5,0.2510460251046025,0.012195121951219513,1
15404,376,1,257.06,257.06,334.0,16,1,1.0,30.0,0.04790419161676647,1
15405,189,2,659.84,329.92,174.0,29,387,193.5,0.15503875968992248,0.08333333333333333,1
15406,31,4,975.87,243.9675,136.75,108,423,105.75,0.28368794326241137,0.19744058500914077,0
15407,34,4,1046.74,261.685,138.0,142,272,68.0,0.4411764705882353,0.2572463768115942,0
15408,264,1,267.18,267.18,106.0,34,1,1.0,30.0,0.32075471698113206,1
15409,721,1,131.25,131.25,59.0,9,1,1.0,30.0,0.15254237288135594,1
15410,84,10,4685.72,468.572,190.2,80,516,51.6,0.5813953488372093,0.04206098843322818,0
15411,26,4,1348.93,337.2325,132.25,86,157,39.25,0.7643312101910827,0.16257088846880907,0
15412,171,1,190.53,190.53,108.0,10,1,1.0,30.0,0.09259259259259259,1
15413,692,5,6798.72,1359.7440000000001,538.8,20,48,9.6,3.125,0.007423904974016332,1
15414,10,3,774.9000000000001,258.3,147.66666666666666,37,233,77.66666666666667,0.38626609442060084,0.0835214446952596,0
15415,313,1,559.61,559.61,551.0,46,1,1.0,30.0,0.08348457350272233,1
15416,65,7,4572.82,653.26,345.7142857142857,189,612,87.42857142857143,0.3431372549019608,0.07809917355371901,0
15417,85,1,508.8,508.8,284.0,28,1,1.0,30.0,0.09859154929577464,0
15418,425,2,449.42,224.71,132.0,64,162,81.0,0.37037037037037035,0.24242424242424243,1
15419,25,1,135.86,135.86,230.0,8,1,1.0,30.0,0.034782608695652174,0
15420,434,6,743.0,123.83333333333333,140.66666666666666,52,301,50.166666666666664,0.5980066445182725,0.061611374407582936,1
15421,59,10,3805.34,380.534,192.7,170,674,67.4,0.4451038575667656,0.08822003113648158,0
15422,323,7,1619.97,231.42428571428573,101.42857142857143,80,348,49.714285714285715,0.603448275862069,0.11267605633802817,1
15423,38,3,266.89,88.96333333333332,66.0,13,584,194.66666666666666,0.1541095890410959,0.06565656565656566,0
15424,254,3,597.78,199.26,291.0,33,209,69.66666666666667,0.43062200956937796,0.037800687285223365,1
15425,400,4,1941.1200000000001,485.28000000000003,260.25,114,264,66.0,0.45454545454545453,0.10951008645533142,1
15426,19,9,2156.35,239.59444444444443,115.66666666666667,327,568,63.111111111111114,0.4753521126760563,0.31412103746397696,0
15427,33,3,1430.54,476.84666666666664,322.3333333333333,233,14,4.666666666666667,6.428571428571429,0.24095139607032057,0
15428,15,4,762.75,190.6875,86.75,39,707,176.75,0.16973125884016974,0.11239193083573487,0
15429,27,2,397.35,198.675,190.0,77,49,24.5,1.2244897959183674,0.2026315789473684,0
15430,468,2,954.75,477.375,154.5,36,61,30.5,0.9836065573770493,0.11650485436893204,1
15431,503,1,153.24,153.24,84.0,2,1,1.0,30.0,0.023809523809523808,1
15432,23,2,320.76,160.38,46.0,16,519,259.5,0.11560693641618497,0.17391304347826086,0
15433,214,2,533.3,266.65,267.0,40,54,27.0,1.1111111111111112,0.0749063670411985,1
15434,8,11,2567.06,233.36909090909091,129.36363636363637,82,676,61.45454545454545,0.4881656804733727,0.05762473647224174,0
15435,22,1,149.29,149.29,54.0,29,1,1.0,30.0,0.5370370370370371,0
15436,12,3,1067.75,355.9166666666667,191.33333333333334,243,222,74.0,0.4054054054054054,0.42334494773519166,0
15437,262,2,393.45,196.725,88.5,56,379,189.5,0.158311345646438,0.3163841807909605,1
15438,131,1,156.57999999999998,156.57999999999998,59.0,25,1,1.0,30.0,0.423728813559322,1
15439,405,4,1269.05,317.2625,143.0,49,249,62.25,0.48192771084337344,0.08566433566433566,1
15440,55,3,383.68,127.89333333333333,65.66666666666667,50,155,51.666666666666664,0.5806451612903225,0.25380710659898476,0
15441,396,3,1254.21,418.07,195.66666666666666,45,335,111.66666666666667,0.26865671641791045,0.07666098807495741,1
15442,249,1,594.0,594.0,120.0,2,1,1.0,30.0,0.016666666666666666,1
15443,2,14,5114.23,365.3021428571428,192.78571428571428,408,641,45.785714285714285,0.6552262090483619,0.15116709892552796,0
15444,9,2,1411.21,705.605,379.5,191,32,16.0,1.875,0.2516469038208169,0
15445,264,2,284.5,142.25,59.0,12,327,163.5,0.18348623853211007,0.1016949152542373,1
15446,377,3,399.75,133.25,88.33333333333333,90,350,116.66666666666667,0.2571428571428572,0.33962264150943394,1
15447,331,5,492.88,98.576,45.6,27,295,59.0,0.5084745762711864,0.11842105263157894,1
15448,313,2,788.81,394.405,243.5,49,362,181.0,0.16574585635359115,0.10061601642710473,1
15449,26,3,974.52,324.84,270.6666666666667,47,236,78.66666666666667,0.38135593220338987,0.05788177339901478,0
15450,30,1,429.84,429.84,376.0,30,1,1.0,30.0,0.0797872340425532,0
15451,434,2,226.86,113.43,38.0,56,165,82.5,0.36363636363636365,0.7368421052631579,1
15452,30,6,1785.1100000000001,297.5183333333334,181.16666666666666,158,482,80.33333333333333,0.37344398340248963,0.1453541858325667,0
15453,2,7,1371.77,195.96714285714285,119.57142857142857,169,186,26.571428571428573,1.129032258064516,0.2019115890083632,0
15454,362,2,305.99,152.995,73.0,35,257,128.5,0.23346303501945526,0.23972602739726026,1
15455,598,1,38.25,38.25,3.0,2,1,1.0,30.0,0.6666666666666666,1
15456,283,10,2091.52,209.152,272.7,128,449,44.9,0.6681514476614699,0.04693802713604694,1
15457,262,1,237.07,237.07,132.0,56,1,1.0,30.0,0.42424242424242425,1
15458,25,2,370.43999999999994,185.21999999999997,150.0,13,377,188.5,0.15915119363395225,0.043333333333333335,0
15459,417,2,202.82999999999998,101.41499999999999,60.5,6,81,40.5,0.7407407407407407,0.049586776859504134,1
15460,354,1,214.26,214.26,107.0,53,1,1.0,30.0,0.4953271028037383,1
15461,461,2,429.7,214.85,115.0,1,171,85.5,0.3508771929824561,0.004347826086956522,1
15462,94,4,737.05,184.2625,123.75,32,352,88.0,0.34090909090909094,0.06464646464646465,1
15463,29,1,126.14,126.14,106.0,7,1,1.0,30.0,0.0660377358490566,0
15464,338,1,1044.65,1044.65,348.0,155,1,1.0,30.0,0.4454022988505747,1
15465,20,32,12100.4,378.1375,82.4375,94,711,22.21875,1.350210970464135,0.0356330553449583,0
15466,85,4,1560.46,390.115,235.25,211,652,163.0,0.18404907975460122,0.22422954303931988,0
15467,9,3,524.88,174.96,103.33333333333333,41,143,47.666666666666664,0.6293706293706294,0.13225806451612904,0
15468,51,3,1430.48,476.82666666666665,466.6666666666667,80,342,114.0,0.2631578947368421,0.05714285714285714,0
15469,50,3,874.25,291.4166666666667,95.66666666666667,38,389,129.66666666666666,0.23136246786632392,0.13240418118466898,0
15470,576,1,63.419999999999995,63.419999999999995,232.0,4,1,1.0,30.0,0.017241379310344827,1
15471,2,3,1292.01,430.67,223.33333333333334,122,549,183.0,0.16393442622950818,0.18208955223880596,0
15472,113,1,371.56,371.56,251.0,76,1,1.0,30.0,0.30278884462151395,1
15473,14,8,2046.0,255.75,97.0,5,431,53.875,0.5568445475638051,0.006443298969072165,0
15474,596,1,150.35,150.35,55.0,19,1,1.0,30.0,0.34545454545454546,1
15475,77,1,454.10999999999996,454.10999999999996,319.0,29,1,1.0,30.0,0.09090909090909091,0
15476,380,4,2209.98,552.495,293.5,67,63,15.75,1.9047619047619047,0.05706984667802385,1
15477,650,1,368.4,368.4,216.0,2,1,1.0,30.0,0.009259259259259259,1
15478,40,3,1983.48,661.16,298.0,53,535,178.33333333333334,0.16822429906542058,0.0592841163310962,0
15479,733,1,147.4,147.4,38.0,9,1,1.0,30.0,0.23684210526315788,1
15480,116,5,6279.0,1255.8,370.4,199,560,112.0,0.26785714285714285,0.10745140388768898,1
15481,401,1,1993.34,1993.34,1450.0,38,1,1.0,30.0,0.02620689655172414,1
15482,16,19,14417.36,758.8084210526316,342.94736842105266,74,722,38.0,0.7894736842105263,0.011356660527931247,0
15483,161,10,817.8199999999999,81.782,90.5,216,523,52.3,0.5736137667304015,0.23867403314917127,1
15484,1,6,4652.1,775.35,679.0,180,733,122.16666666666667,0.24556616643929058,0.044182621502209134,0
15485,30,7,4810.92,687.2742857142857,307.57142857142856,80,708,101.14285714285714,0.2966101694915254,0.03715745471435207,0
15486,527,1,102.0,102.0,40.0,1,1,1.0,30.0,0.025,1
15487,680,1,231.32,231.32,144.0,14,1,1.0,30.0,0.09722222222222222,1
15488,93,5,431.92,86.384,50.2,10,491,98.2,0.30549898167006106,0.0398406374501992,1
15489,23,8,2419.61,302.45125,158.0,75,671,83.875,0.35767511177347244,0.05933544303797468,0
15490,430,1,210.85,210.85,82.0,22,1,1.0,30.0,0.2682926829268293,1
15491,95,6,3100.09,516.6816666666667,274.3333333333333,108,141,23.5,1.276595744680851,0.06561360874848117,1
15492,28,2,659.4599999999999,329.72999999999996,241.5,32,47,23.5,1.2765957446808511,0.06625258799171843,0
15493,33,9,4121.68,457.9644444444445,134.0,289,623,69.22222222222223,0.4333868378812199,0.2396351575456053,0
15494,21,5,3702.6,740.52,610.4,307,708,141.6,0.211864406779661,0.10058977719528178,0
15495,379,1,246.5,246.5,194.0,20,1,1.0,30.0,0.10309278350515463,1
15496,631,1,146.14000000000001,146.14000000000001,98.0,22,1,1.0,30.0,0.22448979591836735,1
15497,18,9,8657.39,961.9322222222222,326.3333333333333,66,704,78.22222222222223,0.3835227272727273,0.02247191011235955,0
15498,3,44,24972.86,567.565,275.77272727272725,597,721,16.386363636363637,1.8307905686546462,0.04920059337399044,0
15499,724,1,158.65,158.65,59.0,40,1,1.0,30.0,0.6779661016949152,1
15500,8,4,1131.56,282.89,143.0,64,74,18.5,1.6216216216216215,0.11188811188811189,0
15501,405,2,399.95,199.975,102.5,64,11,5.5,5.454545454545455,0.3121951219512195,1
15502,16,14,13003.869999999999,928.847857142857,397.07142857142856,231,540,38.57142857142857,0.7777777777777778,0.04155423637344846,0
15503,363,2,257.3,128.65,65.0,112,364,182.0,0.16483516483516483,0.8615384615384616,1
15504,81,4,402.7,100.675,35.25,42,585,146.25,0.20512820512820512,0.2978723404255319,0
15505,53,5,3610.96,722.192,478.0,90,103,20.6,1.4563106796116505,0.03765690376569038,0
15506,23,6,2030.33,338.3883333333333,272.8333333333333,180,455,75.83333333333333,0.39560439560439564,0.10995723885155773,0
15507,172,1,475.86,475.86,160.0,41,1,1.0,30.0,0.25625,1
15508,189,6,1000.27,166.71166666666667,73.33333333333333,78,47,7.833333333333333,3.8297872340425534,0.17727272727272728,1
15509,380,1,152.41,152.41,58.0,26,1,1.0,30.0,0.4482758620689655,1
15510,331,1,250.0,250.0,2.0,1,1,1.0,30.0,0.5,1
15511,12,5,900.53,180.106,53.8,117,74,14.8,2.0270270270270268,0.4349442379182156,0
15512,156,4,331.58,82.895,58.75,29,521,130.25,0.23032629558541265,0.12340425531914893,1
15513,33,35,26437.05,755.3442857142857,299.34285714285716,278,662,18.914285714285715,1.5861027190332326,0.02653431325761191,0
15514,12,18,6392.06,355.1144444444445,227.05555555555554,171,723,40.166666666666664,0.7468879668049793,0.04183998042574015,0
15515,387,1,171.81,171.81,131.0,7,1,1.0,30.0,0.05343511450381679,1
15516,45,3,62.43,20.81,9.0,15,2,0.6666666666666666,45.0,0.5555555555555556,0
15517,233,1,267.03,267.03,293.0,27,1,1.0,30.0,0.09215017064846416,1
15518,64,15,4189.99,279.3326666666666,187.33333333333334,250,656,43.733333333333334,0.6859756097560975,0.08896797153024912,0
15519,383,2,344.61,172.305,58.0,34,64,32.0,0.9375,0.29310344827586204,1
15520,2,1,343.5,343.5,314.0,18,1,1.0,30.0,0.05732484076433121,0
15521,40,16,7098.24,443.64,281.6875,186,664,41.5,0.7228915662650602,0.04126913689815842,0
15522,33,2,397.99,198.995,286.0,47,55,27.5,1.090909090909091,0.08216783216783216,0
15523,84,16,17259.19,1078.699375,977.0625,65,654,40.875,0.7339449541284403,0.00415787116996098,0
15524,25,2,591.4,295.7,14.0,9,583,291.5,0.10291595197255575,0.32142857142857145,0
15525,2,4,890.22,222.555,131.75,152,381,95.25,0.31496062992125984,0.2884250474383302,0
15526,33,2,148.44,74.22,12.0,4,1,0.5,60.0,0.16666666666666666,0
15527,19,23,5554.89,241.51695652173913,96.1304347826087,226,706,30.695652173913043,0.9773371104815863,0.10221619176843058,0
15528,254,1,229.33,229.33,123.0,26,1,1.0,30.0,0.21138211382113822,1
15529,23,12,4783.66,398.6383333333333,355.9166666666667,451,372,31.0,0.9677419354838709,0.10559587918520252,0
15530,22,5,1808.68,361.736,265.6,111,492,98.4,0.30487804878048785,0.08358433734939759,0
15531,8,2,1972.39,986.195,542.5,196,23,11.5,2.608695652173913,0.18064516129032257,0
15532,25,10,3738.85,373.885,133.7,417,524,52.4,0.5725190839694657,0.3118922961854899,0
15533,19,3,807.57,269.19,96.33333333333333,73,70,23.333333333333332,1.2857142857142856,0.25259515570934254,0
15534,726,1,162.25,162.25,63.0,8,1,1.0,30.0,0.12698412698412698,1
15535,173,6,1044.3700000000001,174.0616666666667,52.333333333333336,88,276,46.0,0.6521739130434783,0.2802547770700637,1
15536,409,1,259.09,259.09,242.0,16,1,1.0,30.0,0.06611570247933884,1
15537,163,1,110.92,110.92,29.0,24,1,1.0,30.0,0.8275862068965517,1
15538,538,6,3358.3999999999996,559.7333333333332,169.33333333333334,3,126,21.0,1.4285714285714286,0.002952755905511811,1
15539,7,1,538.46,538.46,410.0,41,1,1.0,30.0,0.1,0
15540,11,2,460.68,230.34,222.0,31,365,182.5,0.16438356164383564,0.06981981981981981,0
15541,114,1,85.13000000000001,85.13000000000001,49.0,29,1,1.0,30.0,0.5918367346938775,1
15542,512,3,855.71,285.2366666666667,139.33333333333334,212,226,75.33333333333333,0.39823008849557523,0.507177033492823,1
15543,288,2,242.26,121.13,83.5,50,172,86.0,0.3488372093023256,0.2994011976047904,1
15544,9,20,7807.89,390.3945,337.25,175,672,33.6,0.8928571428571429,0.025945144551519646,0
15545,54,2,288.96999999999997,144.48499999999999,81.0,78,317,158.5,0.18927444794952683,0.48148148148148145,0
15546,607,2,1079.1000000000001,539.5500000000001,99.0,6,1,0.5,60.0,0.030303030303030304,1
15547,7,26,10057.05,386.80961538461537,279.9230769230769,652,726,27.923076923076923,1.0743801652892562,0.08958505083814235,0
15548,596,1,158.09,158.09,64.0,23,1,1.0,30.0,0.359375,1
15549,77,8,2334.16,291.77,117.0,139,621,77.625,0.3864734299516908,0.1485042735042735,0
15550,4,12,2211.05,184.2541666666667,94.91666666666667,166,733,61.083333333333336,0.49113233287858116,0.14574187884108866,0
15551,37,7,1679.81,239.97285714285712,113.71428571428571,117,514,73.42857142857143,0.4085603112840467,0.14698492462311558,0
15552,217,2,252.52,126.26,83.0,29,406,203.0,0.1477832512315271,0.1746987951807229,1
15553,60,1,428.93,428.93,449.0,51,1,1.0,30.0,0.11358574610244988,0
15554,278,1,217.2,217.2,74.0,14,1,1.0,30.0,0.1891891891891892,1
15555,12,36,11243.91,312.3308333333333,236.41666666666666,667,722,20.055555555555557,1.4958448753462603,0.07836916931030431,0
15556,24,1,279.77,279.77,236.0,31,1,1.0,30.0,0.13135593220338984,0
15557,29,1,468.91,468.91,213.0,16,1,1.0,30.0,0.07511737089201878,0
15558,639,1,202.68,202.68,73.0,23,1,1.0,30.0,0.3150684931506849,1
15559,568,1,1109.4,1109.4,526.0,62,1,1.0,30.0,0.11787072243346007,1
15560,398,2,153.52,76.76,36.0,10,1,0.5,60.0,0.1388888888888889,1
15561,12,8,1934.3899999999999,241.79874999999998,166.75,65,652,81.5,0.36809815950920244,0.04872563718140929,0
15562,352,3,671.4300000000001,223.81000000000003,186.66666666666666,32,375,125.0,0.24,0.05714285714285714,1
15563,22,7,2859.46,408.4942857142857,429.2857142857143,179,659,94.14285714285714,0.31866464339908956,0.05956738768718802,0
15564,463,2,70.74000000000001,35.370000000000005,21.0,4,213,106.5,0.28169014084507044,0.09523809523809523,1
15565,50,2,173.16,86.58,30.0,8,21,10.5,2.857142857142857,0.13333333333333333,0
15566,393,2,227.87,113.935,76.5,9,332,166.0,0.18072289156626506,0.058823529411764705,1
15567,19,1,186.01,186.01,223.0,7,1,1.0,30.0,0.03139013452914798,0
15568,3,3,758.29,252.76333333333332,153.66666666666666,27,71,23.666666666666668,1.267605633802817,0.05856832971800434,0
15569,104,10,3583.45,358.34499999999997,173.4,123,546,54.6,0.5494505494505495,0.07093425605536333,1
15570,7,25,8736.49,349.45959999999997,163.16,442,615,24.6,1.2195121951219512,0.10835989213042413,0
15571,12,14,3892.35,278.025,172.21428571428572,442,722,51.57142857142857,0.5817174515235457,0.1833264205723766,0
15572,5,10,3965.2,396.52,208.9,259,600,60.0,0.5,0.12398276687410244,0
15573,32,5,1188.42,237.68400000000003,154.0,181,698,139.6,0.21489971346704873,0.23506493506493506,0
15574,178,6,1101.44,183.57333333333335,125.0,191,287,47.833333333333336,0.6271777003484321,0.25466666666666665,1
15575,620,1,30.1,30.1,6.0,3,1,1.0,30.0,0.5,1
15576,38,1,921.37,921.37,394.0,43,1,1.0,30.0,0.10913705583756345,0
15577,151,5,396.03000000000003,79.206,24.0,58,576,115.2,0.2604166666666667,0.48333333333333334,1
15578,162,1,127.1,127.1,52.0,13,1,1.0,30.0,0.25,1
15579,69,5,1250.63,250.12600000000003,142.6,140,364,72.8,0.4120879120879121,0.19635343618513323,0
15580,377,8,1375.39,171.92375,119.375,150,294,36.75,0.8163265306122448,0.15706806282722513,1
15581,121,38,7480.4,196.85263157894735,79.6842105263158,542,617,16.236842105263158,1.847649918962723,0.17899603698811095,1
15582,25,3,682.9100000000001,227.63666666666668,151.0,39,196,65.33333333333333,0.45918367346938777,0.08609271523178808,0
15583,376,1,95.96,95.96,56.0,37,1,1.0,30.0,0.6607142857142857,1
15584,24,6,1268.2,211.36666666666667,80.5,174,647,107.83333333333333,0.2782071097372488,0.36024844720496896,0
15585,177,1,455.3,455.3,320.0,31,1,1.0,30.0,0.096875,1
15586,593,3,1139.1,379.7,446.0,30,109,36.333333333333336,0.8256880733944955,0.02242152466367713,1
15587,50,7,1522.0800000000002,217.44000000000003,75.42857142857143,3,442,63.142857142857146,0.47511312217194573,0.005681818181818182,0
15588,678,1,579.6,579.6,96.0,4,1,1.0,30.0,0.041666666666666664,1
15589,256,3,478.53000000000003,159.51000000000002,81.0,28,55,18.333333333333332,1.6363636363636365,0.11522633744855967,1
15590,382,5,1496.6,299.32,166.4,75,225,45.0,0.6666666666666666,0.09014423076923077,1
15591,583,3,217.9,72.63333333333334,19.333333333333332,6,92,30.666666666666668,0.9782608695652173,0.10344827586206896,1
15592,47,1,388.58,388.58,354.0,24,1,1.0,30.0,0.06779661016949153,0
15593,71,1,199.8,199.8,60.0,5,1,1.0,30.0,0.08333333333333333,0
15594,16,5,1771.78,354.356,196.6,85,219,43.8,0.684931506849315,0.08646998982706001,0
15595,488,1,357.6,357.6,144.0,4,1,1.0,30.0,0.027777777777777776,1
15596,101,9,2727.72,303.08,134.22222222222223,82,399,44.333333333333336,0.6766917293233082,0.06788079470198675,1
15597,35,2,563.37,281.685,196.5,35,541,270.5,0.11090573012939,0.089058524173028,0
15598,53,2,548.02,274.01,202.0,32,375,187.5,0.16,0.07920792079207921,0
15599,27,3,1250.06,416.68666666666667,366.0,77,420,140.0,0.21428571428571427,0.07012750455373407,0
15600,428,4,1199.31,299.8275,164.25,55,166,41.5,0.7228915662650602,0.0837138508371385,1
15601,11,30,14191.74,473.058,346.5,310,728,24.266666666666666,1.2362637362637363,0.029822029822029823,0
15602,8,16,3137.96,196.1225,143.25,62,730,45.625,0.6575342465753425,0.027050610820244327,0
15603,79,2,88.48,44.24,64.0,4,570,285.0,0.10526315789473684,0.03125,0
15604,52,1,216.39,216.39,159.0,17,1,1.0,30.0,0.1069182389937107,0
15605,36,9,1741.95,193.55,71.22222222222223,80,659,73.22222222222223,0.409711684370258,0.12480499219968799,0
15606,61,17,5230.99,307.70529411764704,95.0,84,587,34.529411764705884,0.868824531516184,0.05201238390092879,0
15607,337,9,1708.97,189.88555555555556,163.33333333333334,95,365,40.55555555555556,0.7397260273972603,0.06462585034013606,1
15608,28,5,1785.98,357.196,252.4,93,388,77.6,0.3865979381443299,0.07369255150554675,0
15609,184,1,298.48,298.48,148.0,16,1,1.0,30.0,0.10810810810810811,1
15610,52,1,112.46000000000001,112.46000000000001,66.0,6,1,1.0,30.0,0.09090909090909091,0
15611,10,26,2997.28,115.28,28.73076923076923,43,674,25.923076923076923,1.1572700296735905,0.05756358768406961,0
15612,36,2,195.15,97.575,26.0,4,26,13.0,2.3076923076923075,0.07692307692307693,0
15613,610,1,433.71999999999997,433.71999999999997,700.0,27,1,1.0,30.0,0.03857142857142857,1
15614,438,4,3147.36,786.84,408.0,73,189,47.25,0.6349206349206349,0.044730392156862746,1
15615,10,47,21373.97,454.7653191489362,257.2340425531915,292,727,15.46808510638298,1.9394773039889959,0.02415219189412738,0
15616,438,1,317.11,317.11,137.0,13,1,1.0,30.0,0.0948905109489051,1
15617,396,3,828.5500000000001,276.18333333333334,161.66666666666666,41,112,37.333333333333336,0.8035714285714286,0.08453608247422681,1
15618,33,4,776.851,194.21275,113.5,39,104,26.0,1.1538461538461537,0.08590308370044053,0
15619,11,1,336.40000000000003,336.40000000000003,136.0,3,1,1.0,30.0,0.022058823529411766,0
15620,57,4,1942.36,485.59,312.25,114,354,88.5,0.3389830508474576,0.09127301841473179,0
15621,4,4,1293.03,323.2575,125.25,11,18,4.5,6.666666666666667,0.021956087824351298,0
15622,43,17,7852.61,461.9182352941176,240.64705882352942,331,603,35.470588235294116,0.8457711442786069,0.08090931312637496,0
15623,141,8,2437.05,304.63125,135.875,91,589,73.625,0.4074702886247878,0.08371665133394664,1
15624,117,4,588.13,147.0325,89.25,26,140,35.0,0.8571428571428571,0.07282913165266107,1
15625,104,9,3236.4,359.6,335.55555555555554,106,439,48.77777777777778,0.6150341685649203,0.035099337748344374,1
15626,75,3,1067.52,355.84,379.3333333333333,73,347,115.66666666666667,0.25936599423631124,0.0641476274165202,0
15627,457,2,566.9,283.45,172.0,23,66,33.0,0.9090909090909091,0.06686046511627906,1
15628,5,17,5333.08,313.7105882352941,209.94117647058823,136,722,42.470588235294116,0.7063711911357341,0.038105912020173716,0
15629,450,4,2240.9,560.225,379.5,39,83,20.75,1.4457831325301205,0.025691699604743084,1
15630,45,3,1481.4,493.8,329.0,76,600,200.0,0.15,0.07700101317122594,0
15631,642,1,596.67,596.67,525.0,39,1,1.0,30.0,0.07428571428571429,1
15632,16,8,3285.31,410.66375,263.625,107,260,32.5,0.9230769230769231,0.05073494547178758,0
15633,509,13,4335.96,333.5353846153846,157.53846153846155,77,222,17.076923076923077,1.7567567567567566,0.03759765625,1
15634,17,2,554.65,277.325,113.5,34,367,183.5,0.16348773841961853,0.14977973568281938,0
15635,396,1,100.35,100.35,5.0,2,1,1.0,30.0,0.4,1
15636,90,4,1444.58,361.145,140.0,39,480,120.0,0.25,0.06964285714285715,0
15637,53,5,797.59,159.518,130.2,37,672,134.4,0.22321428571428573,0.05683563748079877,0
15638,379,6,2265.2,377.5333333333333,189.0,20,232,38.666666666666664,0.7758620689655172,0.01763668430335097,1
15639,134,3,1065.08,355.02666666666664,283.0,61,472,157.33333333333334,0.19067796610169493,0.071849234393404,1
15640,4,29,23494.31,810.1486206896552,418.62068965517244,303,721,24.862068965517242,1.2066574202496532,0.024958813838550246,0
15641,105,12,5345.55,445.46250000000003,368.5,249,628,52.333333333333336,0.5732484076433121,0.056309362279511534,1
15642,730,1,105.78000000000002,105.78000000000002,270.0,6,1,1.0,30.0,0.022222222222222223,1
15643,192,3,664.0,221.33333333333334,82.0,31,91,30.333333333333332,0.989010989010989,0.12601626016260162,1
15644,166,4,803.54,200.885,137.5,166,95,23.75,1.2631578947368423,0.3018181818181818,1
15645,19,3,1055.17,351.72333333333336,132.0,59,407,135.66666666666666,0.22113022113022113,0.14898989898989898,0
15646,158,5,784.8100000000001,156.96200000000002,164.2,65,253,50.6,0.5928853754940712,0.07917174177831912,1
15647,415,1,169.0,169.0,124.0,11,1,1.0,30.0,0.08870967741935484,1
15648,204,2,639.5,319.75,109.0,23,63,31.5,0.9523809523809523,0.10550458715596331,1
15649,336,4,1660.35,415.0875,91.25,8,51,12.75,2.3529411764705883,0.021917808219178082,1
15650,522,2,553.88,276.94,105.0,33,107,53.5,0.5607476635514018,0.15714285714285714,1
15651,37,5,1259.06,251.81199999999998,174.2,52,560,112.0,0.26785714285714285,0.05970149253731343,0
15652,91,5,1405.94,281.188,131.4,93,394,78.8,0.3807106598984772,0.1415525114155251,1
15653,93,2,877.4399999999999,438.71999999999997,600.0,4,24,12.0,2.5,0.0033333333333333335,1
15654,9,2,922.53,461.265,237.5,15,17,8.5,3.5294117647058822,0.031578947368421054,0
15655,243,1,560.67,560.67,324.0,34,1,1.0,30.0,0.10493827160493827,1
15656,45,4,748.5,187.125,85.75,46,239,59.75,0.502092050209205,0.13411078717201166,0
15657,23,1,30.0,30.0,24.0,1,1,1.0,30.0,0.041666666666666664,0
15658,190,8,2117.27,264.65875,78.375,79,547,68.375,0.43875685557586835,0.12599681020733652,1
15659,44,3,532.49,177.49666666666667,53.666666666666664,14,610,203.33333333333334,0.14754098360655737,0.08695652173913043,0
15660,25,15,2603.69,173.57933333333332,118.86666666666666,73,648,43.2,0.6944444444444444,0.04094223219293326,0
15661,317,8,1215.95,151.99375,97.375,27,262,32.75,0.9160305343511451,0.03465982028241335,1
15662,661,2,283.73,141.865,72.5,12,78,39.0,0.7692307692307692,0.08275862068965517,1
15663,106,1,138.14,138.14,106.0,9,1,1.0,30.0,0.08490566037735849,1
15664,51,4,1254.03,313.5075,132.5,54,599,149.75,0.2003338898163606,0.1018867924528302,0
15665,168,5,3987.07,797.414,555.4,163,467,93.4,0.32119914346895073,0.0586964350018005,1
15666,472,2,632.9399999999999,316.46999999999997,234.5,62,24,12.0,2.5,0.13219616204690832,1
15667,40,1,301.32,301.32,240.0,13,1,1.0,30.0,0.05416666666666667,0
15668,218,1,76.32000000000001,76.32000000000001,72.0,1,1,1.0,30.0,0.013888888888888888,1
15669,40,4,684.34,171.085,85.5,31,224,56.0,0.5357142857142857,0.09064327485380116,0
15670,297,2,325.2,162.6,66.0,19,260,130.0,0.23076923076923078,0.14393939393939395,1
15671,19,7,2657.13,379.59000000000003,242.71428571428572,52,253,36.142857142857146,0.8300395256916996,0.030606238964096526,0
15672,725,1,45.300000000000004,45.300000000000004,10.0,3,1,1.0,30.0,0.3,1
15673,88,9,6204.32,689.3688888888888,363.77777777777777,177,568,63.111111111111114,0.4753521126760563,0.054062309102015885,0
15674,73,13,6948.2300000000005,534.4792307692308,280.61538461538464,262,658,50.61538461538461,0.5927051671732523,0.07182017543859649,0
15675,81,4,542.04,135.51,156.0,32,323,80.75,0.37151702786377705,0.05128205128205128,0
15676,19,3,3435.76,1145.2533333333333,750.6666666666666,191,266,88.66666666666667,0.3383458646616541,0.08481349911190053,0
15677,49,3,1305.63,435.21000000000004,225.0,63,415,138.33333333333334,0.21686746987951808,0.09333333333333334,0
15678,53,3,1825.94,608.6466666666666,340.6666666666667,77,470,156.66666666666666,0.19148936170212766,0.07534246575342465,0
15679,24,4,781.28,195.32,292.5,98,159,39.75,0.7547169811320755,0.08376068376068375,0
15680,9,10,4028.69,402.869,274.3,155,729,72.9,0.411522633744856,0.05650747356908494,0
15681,25,14,2989.7,213.54999999999998,99.42857142857143,48,540,38.57142857142857,0.7777777777777778,0.034482758620689655,0
15682,599,2,318.24,159.12,111.0,25,89,44.5,0.6741573033707865,0.11261261261261261,1
15683,117,2,524.54,262.27,166.0,25,357,178.5,0.1680672268907563,0.07530120481927711,1
15684,547,3,173.95,57.98333333333333,25.666666666666668,9,189,63.0,0.4761904761904762,0.11688311688311688,1
15685,450,1,55.980000000000004,55.980000000000004,36.0,17,1,1.0,30.0,0.4722222222222222,1
15686,420,1,90.0,90.0,72.0,1,1,1.0,30.0,0.013888888888888888,1
15687,9,9,2993.1,332.56666666666666,145.55555555555554,119,322,35.77777777777778,0.8385093167701864,0.09083969465648854,0
15688,419,1,190.57,190.57,95.0,26,1,1.0,30.0,0.2736842105263158,1
15689,120,3,521.03,173.67666666666665,69.0,20,498,166.0,0.18072289156626503,0.0966183574879227,1
15690,4,2,239.76,119.88,204.0,19,97,48.5,0.6185567010309279,0.04656862745098039,0
15691,252,4,571.3,142.825,53.0,12,481,120.25,0.24948024948024947,0.05660377358490566,1
15692,28,1,191.04,191.04,138.0,12,1,1.0,30.0,0.08695652173913043,0
15693,659,1,37.5,37.5,30.0,1,1,1.0,30.0,0.03333333333333333,1
15694,1,24,9978.48,415.77,102.79166666666667,55,732,30.5,0.9836065573770493,0.02229428455614106,0
15695,267,4,1131.04,282.76,121.0,55,415,103.75,0.2891566265060241,0.11363636363636363,1
15696,33,13,3881.2200000000003,298.55538461538464,106.61538461538461,163,651,50.07692307692308,0.599078341013825,0.1176046176046176,0
15697,690,1,246.75,246.75,127.0,14,1,1.0,30.0,0.11023622047244094,1
15698,624,1,46.2,46.2,60.0,2,1,1.0,30.0,0.03333333333333333,1
15699,18,1,309.65,309.65,113.0,18,1,1.0,30.0,0.1592920353982301,0
15700,172,2,696.68,348.34,178.5,85,2,1.0,30.0,0.23809523809523808,1
15701,2,4,1529.0,382.25,228.0,193,109,27.25,1.1009174311926606,0.21162280701754385,0
15702,476,2,140.39000000000001,70.19500000000001,51.5,30,206,103.0,0.29126213592233013,0.2912621359223301,1
15703,265,1,211.5,211.5,66.0,5,1,1.0,30.0,0.07575757575757576,1
15704,140,6,3734.6600000000003,622.4433333333334,284.8333333333333,129,443,73.83333333333333,0.4063205417607223,0.07548273844353423,1
15705,201,1,143.1,143.1,62.0,6,1,1.0,30.0,0.0967741935483871,1
15706,64,4,1060.56,265.14,80.25,50,53,13.25,2.2641509433962264,0.1557632398753894,0
15707,35,4,916.98,229.245,148.5,126,52,13.0,2.3076923076923075,0.21212121212121213,0
15708,41,9,3887.15,431.90555555555557,162.77777777777777,135,385,42.77777777777778,0.7012987012987013,0.09215017064846416,0
15709,284,2,327.85,163.925,84.5,26,306,153.0,0.19607843137254904,0.15384615384615385,1
15710,417,1,898.87,898.87,641.0,110,1,1.0,30.0,0.17160686427457097,1
15711,557,2,420.25,210.125,99.5,25,129,64.5,0.46511627906976744,0.12562814070351758,1
15712,9,12,3472.4100000000003,289.3675,106.41666666666667,86,730,60.833333333333336,0.4931506849315069,0.06734534064212999,0
15713,143,4,839.64,209.91,112.75,48,581,145.25,0.20654044750430292,0.10643015521064302,1
15714,12,5,783.96,156.792,72.2,45,544,108.8,0.2757352941176471,0.12465373961218837,0
15715,556,5,658.02,131.60399999999998,49.2,33,64,12.8,2.34375,0.13414634146341464,1
15716,146,11,2485.26,225.9327272727273,125.36363636363636,188,587,53.36363636363637,0.5621805792163543,0.1363306744017404,1
15717,234,5,607.0,121.4,44.8,17,359,71.8,0.4178272980501393,0.07589285714285714,1
15718,540,1,293.79,293.79,95.0,18,1,1.0,30.0,0.18947368421052632,1
15719,33,31,10195.97,328.9022580645161,172.7741935483871,449,706,22.774193548387096,1.3172804532577902,0.08383121732636296,0
15720,24,2,739.22,369.61,163.5,152,526,263.0,0.11406844106463877,0.4648318042813456,0
15721,12,1,471.40000000000003,471.40000000000003,388.0,80,1,1.0,30.0,0.20618556701030927,0
15722,36,11,5234.0,475.8181818181818,207.1818181818182,91,605,55.0,0.5454545454545454,0.03992979376919702,0
15723,365,4,930.7,232.675,106.75,108,210,52.5,0.5714285714285714,0.2529274004683841,1
15724,201,3,310.85,103.61666666666667,39.0,17,200,66.66666666666667,0.44999999999999996,0.1452991452991453,1
15725,15,1,415.25,415.25,221.0,32,1,1.0,30.0,0.14479638009049775,0
15726,390,1,321.91,321.91,123.0,23,1,1.0,30.0,0.18699186991869918,1
15727,17,15,9371.71,624.7806666666667,393.8666666666667,426,669,44.6,0.6726457399103138,0.07210561949898443,0
15728,380,2,544.6,272.3,66.0,10,65,32.5,0.9230769230769231,0.07575757575757576,1
15729,213,3,192.55,64.18333333333334,15.666666666666666,10,191,63.666666666666664,0.47120418848167545,0.2127659574468085,1
15730,66,5,1726.58,345.316,212.2,102,366,73.2,0.4098360655737705,0.09613572101790764,0
15731,554,1,125.3,125.3,122.0,8,1,1.0,30.0,0.06557377049180328,1
15732,212,10,1543.97,154.397,126.4,53,462,46.2,0.6493506493506493,0.041930379746835444,1
15733,283,1,162.3,162.3,62.0,10,1,1.0,30.0,0.16129032258064516,1
15734,115,4,2263.3,565.825,129.0,36,433,108.25,0.27713625866050806,0.06976744186046512,1
15735,421,1,327.68,327.68,206.0,19,1,1.0,30.0,0.09223300970873786,1
15736,435,2,1767.12,883.56,604.0,95,1,0.5,60.0,0.07864238410596026,1
15737,15,8,1188.1200000000001,148.51500000000001,74.625,60,229,28.625,1.0480349344978166,0.10050251256281408,0
15738,19,41,13043.32,318.12975609756097,220.2439024390244,70,711,17.341463414634145,1.729957805907173,0.007751937984496124,0
15739,66,1,449.12,449.12,472.0,8,1,1.0,30.0,0.01694915254237288,0
15740,49,1,154.88,154.88,152.0,9,1,1.0,30.0,0.05921052631578947,0
15741,458,2,208.62,104.31,35.0,11,161,80.5,0.3726708074534162,0.15714285714285714,1
15742,619,1,156.87,156.87,51.0,41,1,1.0,30.0,0.803921568627451,1
15743,16,4,775.96,193.99,53.5,59,169,42.25,0.7100591715976331,0.2757009345794392,0
15744,78,1,34.8,34.8,120.0,3,1,1.0,30.0,0.025,0
15745,19,4,1094.59,273.6475,105.25,57,218,54.5,0.5504587155963303,0.13539192399049882,0
15746,134,1,196.88,196.88,178.0,28,1,1.0,30.0,0.15730337078651685,1
15747,13,9,2499.81,277.75666666666666,149.33333333333334,116,679,75.44444444444444,0.3976435935198822,0.08630952380952381,0
15748,40,3,609.8100000000001,203.27,87.0,34,409,136.33333333333334,0.22004889975550124,0.13026819923371646,0
15749,235,3,44534.3,14844.766666666668,6009.333333333333,5,98,32.666666666666664,0.9183673469387755,0.00027734635012203237,1
15750,3,18,6452.991,358.4995,237.83333333333334,389,736,40.888888888888886,0.733695652173913,0.09086661994861014,0
15751,461,11,1380.44,125.49454545454546,40.27272727272727,90,273,24.818181818181817,1.208791208791209,0.20316027088036118,1
15752,40,9,3924.91,436.1011111111111,310.22222222222223,359,418,46.44444444444444,0.645933014354067,0.12858166189111747,0
15753,305,1,79.2,79.2,144.0,1,1,1.0,30.0,0.006944444444444444,1
15754,51,9,3037.61,337.51222222222225,195.77777777777777,114,605,67.22222222222223,0.44628099173553715,0.06469920544835414,0
15755,10,17,5993.12,352.53647058823526,237.2941176470588,281,726,42.705882352941174,0.7024793388429752,0.06965790778383739,0
15756,61,4,528.01,132.0025,60.25,160,188,47.0,0.6382978723404256,0.6639004149377593,0
15757,66,6,2940.36,490.06,292.8333333333333,162,482,80.33333333333333,0.37344398340248963,0.09220261809903244,0
15758,25,1,205.25,205.25,47.0,9,1,1.0,30.0,0.19148936170212766,0
15759,218,7,830.9300000000001,118.70428571428572,74.71428571428571,10,520,74.28571428571429,0.40384615384615385,0.019120458891013385,1
15760,631,2,13916.34,6958.17,1.0,1,1,0.5,60.0,0.5,1
15761,443,1,143.05,143.05,31.0,5,1,1.0,30.0,0.16129032258064516,1
15762,65,2,583.75,291.875,125.5,37,13,6.5,4.615384615384615,0.14741035856573706,0
15763,32,2,1086.92,543.46,135.5,58,46,23.0,1.3043478260869565,0.2140221402214022,0
15764,88,8,4503.08,562.885,368.125,187,391,48.875,0.6138107416879796,0.06349745331069609,0
15765,667,1,370.63,370.63,335.0,25,1,1.0,30.0,0.07462686567164178,1
15766,64,3,831.06,277.02,111.33333333333333,21,619,206.33333333333334,0.14539579967689822,0.06287425149700598,0
15768,116,34,15308.89,450.2614705882353,123.97058823529412,437,621,18.264705882352942,1.642512077294686,0.10367734282325029,1
15769,7,46,88612.52,1926.3591304347826,1066.695652173913,26,722,15.695652173913043,1.9113573407202216,0.0005298769055188718,0
15770,613,1,321.45,321.45,67.0,18,1,1.0,30.0,0.26865671641791045,1
15771,604,3,1006.54,335.5133333333333,170.66666666666666,26,90,30.0,1.0,0.05078125,1
15772,418,1,280.88,280.88,110.0,16,1,1.0,30.0,0.14545454545454545,1
15773,6,2,774.52,387.26,205.0,46,404,202.0,0.1485148514851485,0.11219512195121951,0
15774,69,6,1288.34,214.72333333333333,77.5,88,588,98.0,0.3061224489795918,0.18924731182795698,0
15775,245,2,150.5,75.25,130.0,9,387,193.5,0.15503875968992248,0.03461538461538462,1
15776,133,1,241.62,241.62,138.0,18,1,1.0,30.0,0.13043478260869565,1
15777,241,7,1762.61,251.80142857142854,85.57142857142857,29,328,46.857142857142854,0.6402439024390244,0.048414023372287146,1
15778,431,1,307.95,307.95,101.0,17,1,1.0,30.0,0.16831683168316833,1
15779,463,2,124.08000000000001,62.040000000000006,10.0,8,70,35.0,0.8571428571428571,0.4,1
15780,184,3,475.28000000000003,158.42666666666668,73.33333333333333,26,175,58.333333333333336,0.5142857142857143,0.11818181818181818,1
15781,25,3,345.46,115.15333333333332,60.0,20,281,93.66666666666667,0.32028469750889677,0.1111111111111111,0
15782,10,4,4014.1,1003.525,461.0,51,421,105.25,0.2850356294536817,0.027657266811279828,0
15783,11,1,246.3,246.3,212.0,14,1,1.0,30.0,0.0660377358490566,0
15784,468,2,848.3299999999999,424.16499999999996,190.5,33,205,102.5,0.29268292682926833,0.08661417322834646,1
15785,33,16,5969.93,373.120625,279.9375,102,692,43.25,0.6936416184971098,0.02277294038847957,0
15786,46,5,8501.62,1700.324,1191.4,358,491,98.2,0.30549898167006106,0.06009736444519053,0
15787,26,3,933.26,311.08666666666664,178.0,156,36,12.0,2.5,0.29213483146067415,0
15788,509,1,221.82999999999998,221.82999999999998,115.0,14,1,1.0,30.0,0.12173913043478261,1
15789,358,6,1962.01,327.00166666666667,416.5,110,266,44.333333333333336,0.6766917293233082,0.044017607042817125,1
15790,10,1,218.75,218.75,113.0,34,1,1.0,30.0,0.3008849557522124,0
15791,44,5,3608.34,721.668,394.0,121,599,119.8,0.25041736227045075,0.06142131979695432,0
15792,400,2,933.84,466.92,303.0,57,219,109.5,0.273972602739726,0.09405940594059406,1
15793,15,8,2399.57,299.94625,210.625,12,724,90.5,0.3314917127071823,0.007121661721068249,0
15794,736,2,777.0,388.5,144.0,15,1,0.5,60.0,0.052083333333333336,1
15795,150,8,1979.8700000000001,247.48375000000001,176.375,111,541,67.625,0.44362292051756,0.07866761162296244,1
15796,1,17,5171.63,304.21352941176474,101.94117647058823,138,618,36.35294117647059,0.8252427184466019,0.07963069821119446,0
15797,113,6,2821.08,470.18,213.5,12,569,94.83333333333333,0.31634446397188054,0.00936768149882904,1
15798,493,3,1535.37,511.78999999999996,305.0,73,189,63.0,0.4761904761904762,0.07978142076502732,1
15799,76,4,1421.34,355.335,335.25,143,343,85.75,0.3498542274052478,0.10663683818046234,0
15800,107,7,1227.07,175.29571428571427,82.14285714285714,198,512,73.14285714285714,0.41015625,0.3443478260869565,1
15801,46,3,1063.95,354.65000000000003,190.0,61,64,21.333333333333332,1.40625,0.10701754385964912,0
15802,143,1,451.42,451.42,1.0,1,1,1.0,30.0,1.0,1
15803,51,4,1929.66,482.415,257.5,48,625,156.25,0.192,0.04660194174757282,0
15804,1,13,4206.39,323.5684615384616,197.30769230769232,170,199,15.307692307692308,1.9597989949748742,0.06627680311890838,0
15805,23,30,10148.93,338.29766666666666,206.83333333333334,337,707,23.566666666666666,1.272984441301273,0.054311039484286866,0
15806,46,3,784.58,261.5266666666667,200.66666666666666,24,231,77.0,0.38961038961038963,0.03986710963455149,0
15807,50,5,1817.52,363.504,306.4,85,616,123.2,0.24350649350649348,0.05548302872062663,0
15808,306,21,17180.25,818.1071428571429,321.57142857142856,348,432,20.571428571428573,1.4583333333333333,0.05153265215459796,1
15809,36,7,1274.44,182.06285714285715,100.0,51,500,71.42857142857143,0.42,0.07285714285714286,0
15810,79,8,2999.04,374.88,206.625,89,595,74.375,0.40336134453781514,0.05384150030248034,0
15811,22,7,3486.15,498.0214285714286,254.42857142857142,205,366,52.285714285714285,0.5737704918032788,0.11510387422796182,0
15812,107,12,5201.47,433.4558333333334,287.5,87,618,51.5,0.5825242718446602,0.025217391304347827,1
15813,208,2,1303.9099999999999,651.9549999999999,301.5,40,32,16.0,1.875,0.06633499170812604,1
15814,17,6,2634.44,439.0733333333333,288.0,83,587,97.83333333333333,0.30664395229982966,0.048032407407407406,0
15815,64,5,2100.6,420.12,371.2,33,197,39.4,0.7614213197969544,0.017780172413793104,0
15816,542,2,144.14999999999998,72.07499999999999,27.0,11,1,0.5,60.0,0.2037037037037037,1
15817,421,3,2766.4,922.1333333333333,532.0,133,123,41.0,0.7317073170731708,0.08333333333333333,1
15818,588,1,340.5,340.5,284.0,11,1,1.0,30.0,0.03873239436619718,1
15819,49,10,3934.79,393.479,292.8,182,583,58.3,0.5145797598627787,0.06215846994535519,0
15820,320,1,206.98,206.98,128.0,17,1,1.0,30.0,0.1328125,1
15821,44,2,570.96,285.48,101.0,57,18,9.0,3.3333333333333335,0.28217821782178215,0
15822,3,6,1840.06,306.6766666666667,158.33333333333334,46,730,121.66666666666667,0.24657534246575344,0.04842105263157895,0
15823,372,3,3882.17,1294.0566666666666,591.3333333333334,155,359,119.66666666666667,0.25069637883008355,0.08737316798196167,1
15824,453,2,890.94,445.47,239.0,24,79,39.5,0.759493670886076,0.0502092050209205,1
15825,172,1,532.94,532.94,220.0,20,1,1.0,30.0,0.09090909090909091,1
15826,56,4,2598.28,649.57,456.0,100,512,128.0,0.234375,0.05482456140350877,0
15827,73,28,3603.14,128.6835714285714,61.25,124,628,22.428571428571427,1.3375796178343948,0.07230320699708455,0
15828,375,1,1108.82,1108.82,367.0,74,1,1.0,30.0,0.2016348773841962,1
15829,99,2,636.14,318.07,498.0,44,42,21.0,1.4285714285714286,0.04417670682730924,1
15830,38,1,576.0,576.0,415.0,39,1,1.0,30.0,0.09397590361445783,0
15831,58,3,794.64,264.88,364.0,63,266,88.66666666666667,0.3383458646616541,0.057692307692307696,0
15832,254,1,836.79,836.79,465.0,54,1,1.0,30.0,0.11612903225806452,1
15833,738,1,80.4,80.4,24.0,5,1,1.0,30.0,0.20833333333333334,1
15834,70,7,3764.39,537.77,259.2857142857143,333,355,50.714285714285715,0.5915492957746479,0.1834710743801653,0
15835,44,4,954.09,238.5225,109.75,47,287,71.75,0.4181184668989547,0.1070615034168565,0
15836,50,1,137.37,137.37,26.0,10,1,1.0,30.0,0.38461538461538464,0
15837,65,2,777.01,388.505,202.5,52,421,210.5,0.14251781472684086,0.12839506172839507,0
15838,11,34,73205.5,2153.1029411764707,1885.7058823529412,61,714,21.0,1.4285714285714286,0.0009514302648407524,0
15839,33,3,1048.49,349.49666666666667,225.0,56,115,38.333333333333336,0.7826086956521738,0.08296296296296296,0
15840,59,2,355.56,177.78,198.0,26,114,57.0,0.5263157894736842,0.06565656565656566,0
15841,73,9,2742.41,304.7122222222222,265.6666666666667,60,658,73.11111111111111,0.41033434650455924,0.025094102885821833,0
15842,393,2,548.8,274.4,148.0,24,135,67.5,0.4444444444444444,0.08108108108108109,1
15843,304,1,118.95000000000002,118.95000000000002,27.0,8,1,1.0,30.0,0.2962962962962963,1
15844,46,1,130.73999999999998,130.73999999999998,134.0,11,1,1.0,30.0,0.08208955223880597,0
15845,18,11,4426.28,402.3890909090909,193.45454545454547,129,665,60.45454545454545,0.49624060150375937,0.0606203007518797,0
15846,385,1,107.01,107.01,79.0,27,1,1.0,30.0,0.34177215189873417,1
15847,38,5,822.57,164.514,128.6,39,604,120.8,0.24834437086092717,0.060653188180404355,0
15848,622,1,137.99,137.99,45.0,34,1,1.0,30.0,0.7555555555555555,1
15850,19,6,1006.75,167.79166666666666,222.33333333333334,269,708,118.0,0.2542372881355932,0.20164917541229385,0
15851,527,1,109.73,109.73,67.0,8,1,1.0,30.0,0.11940298507462686,1
15852,187,3,257.26,85.75333333333333,20.0,31,341,113.66666666666667,0.26392961876832843,0.5166666666666667,1
15853,52,1,110.8,110.8,135.0,29,1,1.0,30.0,0.21481481481481482,0
15854,4,21,5578.28,265.6323809523809,80.52380952380952,168,726,34.57142857142857,0.8677685950413223,0.09934949733885275,0
15855,137,6,1052.72,175.45333333333335,118.66666666666667,72,340,56.666666666666664,0.5294117647058824,0.10112359550561797,1
15856,4,52,32275.95,620.6913461538462,375.96153846153845,384,733,14.096153846153847,2.1282401091405183,0.019641943734015344,0
15857,19,2,570.48,285.24,292.0,21,412,206.0,0.14563106796116507,0.03595890410958904,0
15858,16,13,3552.41,273.2623076923077,208.84615384615384,273,715,55.0,0.5454545454545455,0.1005524861878453,0
15859,432,1,438.46,438.46,174.0,22,1,1.0,30.0,0.12643678160919541,1
15860,41,17,2361.3,138.9,74.05882352941177,249,693,40.76470588235294,0.7359307359307359,0.19777601270849882,0
15861,12,12,4369.2,364.09999999999997,319.75,452,668,55.666666666666664,0.5389221556886228,0.11780036486838676,0
15862,8,13,2512.29,193.25307692307692,116.92307692307692,417,715,55.0,0.5454545454545455,0.2743421052631579,0
15863,26,5,355.1,71.02000000000001,32.4,74,698,139.6,0.21489971346704873,0.4567901234567901,0
15864,22,7,2180.76,311.5371428571429,212.28571428571428,18,359,51.285714285714285,0.584958217270195,0.012113055181695828,0
15865,41,5,2241.42,448.284,228.2,119,663,132.6,0.2262443438914027,0.10429447852760736,0
15866,101,1,211.89,211.89,124.0,43,1,1.0,30.0,0.3467741935483871,1
15867,5,31,8923.3,287.84838709677416,163.4516129032258,547,720,23.225806451612904,1.2916666666666667,0.10795342411683442,0
15868,583,1,94.53,94.53,57.0,4,1,1.0,30.0,0.07017543859649122,1
15869,277,3,321.11,107.03666666666668,91.0,29,350,116.66666666666667,0.2571428571428572,0.10622710622710622,1
15870,33,4,857.46,214.365,126.0,127,414,103.5,0.2898550724637681,0.251984126984127,0
15871,437,1,33.099999999999994,33.099999999999994,5.0,5,1,1.0,30.0,1.0,1
15872,15,4,729.25,182.3125,116.75,164,536,134.0,0.22388059701492538,0.3511777301927195,0
15873,500,4,313.91999999999996,78.47999999999999,288.0,3,2,0.5,60.0,0.0026041666666666665,1
15874,64,21,11284.76,537.3695238095238,242.95238095238096,262,638,30.38095238095238,0.987460815047022,0.051352410819286556,0
15875,646,1,108.52,108.52,74.0,18,1,1.0,30.0,0.24324324324324326,1
15876,409,2,1449.1399999999999,724.5699999999999,443.0,11,40,20.0,1.5,0.012415349887133182,1
15877,2,2,490.33,245.165,184.0,122,17,8.5,3.5294117647058822,0.33152173913043476,0
15878,562,2,330.77,165.385,121.5,47,172,86.0,0.3488372093023256,0.1934156378600823,1
15879,404,4,1137.8,284.45,159.75,171,318,79.5,0.37735849056603776,0.2676056338028169,1
15880,369,1,329.03000000000003,329.03000000000003,202.0,95,1,1.0,30.0,0.47029702970297027,1
15881,312,5,501.39000000000004,100.278,52.0,26,53,10.6,2.8301886792452833,0.1,1
15882,199,8,1124.66,140.5825,81.25,49,531,66.375,0.4519774011299435,0.07538461538461538,1
15883,2,2,396.48,198.24,111.5,42,32,16.0,1.875,0.18834080717488788,0
15884,432,2,244.60000000000002,122.30000000000001,76.0,14,304,152.0,0.19736842105263158,0.09210526315789473,1
15885,93,15,1951.82,130.12133333333333,41.46666666666667,83,595,39.666666666666664,0.7563025210084034,0.13344051446945338,1
15886,60,4,1052.8700000000001,263.21750000000003,166.75,58,538,134.5,0.22304832713754646,0.08695652173913043,0
15887,407,3,1027.15,342.3833333333334,201.66666666666666,27,149,49.666666666666664,0.6040268456375839,0.04462809917355372,1
15888,81,3,429.16,143.05333333333334,46.333333333333336,33,447,149.0,0.20134228187919462,0.23741007194244604,0
15889,157,8,1427.6,178.45,100.0,256,573,71.625,0.41884816753926696,0.32,1
15890,395,5,535.65,107.13,23.8,10,211,42.2,0.7109004739336493,0.08403361344537816,1
15891,227,1,511.68,511.68,418.0,60,1,1.0,30.0,0.14354066985645933,1
15892,669,1,128.2,128.2,46.0,38,1,1.0,30.0,0.8260869565217391,1
15893,482,1,305.28000000000003,305.28000000000003,288.0,1,1,1.0,30.0,0.003472222222222222,1
15894,253,2,258.25,129.125,82.0,35,116,58.0,0.5172413793103449,0.21341463414634146,1
15895,150,1,179.17,179.17,94.0,11,1,1.0,30.0,0.11702127659574468,1
15897,194,2,208.59,104.295,111.5,17,1,0.5,60.0,0.07623318385650224,1
15898,1,25,4996.45,199.858,86.4,281,727,29.08,1.031636863823934,0.1300925925925926,0
15899,369,1,56.25,56.25,39.0,4,1,1.0,30.0,0.10256410256410256,1
15900,24,4,886.5699999999999,221.64249999999998,164.0,100,540,135.0,0.2222222222222222,0.1524390243902439,0
15901,17,7,687.72,98.24571428571429,99.28571428571429,145,528,75.42857142857143,0.3977272727272727,0.20863309352517986,0
15902,380,1,145.01,145.01,124.0,18,1,1.0,30.0,0.14516129032258066,1
15903,10,12,8939.84,744.9866666666667,327.1666666666667,58,685,57.083333333333336,0.5255474452554745,0.014773306164034642,0
15904,8,1,164.68,164.68,84.0,30,1,1.0,30.0,0.35714285714285715,0
15905,543,1,114.69,114.69,82.0,22,1,1.0,30.0,0.2682926829268293,1
15906,20,10,2530.19,253.019,74.9,143,432,43.2,0.6944444444444444,0.1909212283044059,0
15907,4,3,882.72,294.24,159.33333333333334,175,207,69.0,0.43478260869565216,0.36610878661087864,0
15908,491,2,758.62,379.31,86.5,37,22,11.0,2.7272727272727275,0.2138728323699422,1
15909,174,1,191.94,191.94,98.0,7,1,1.0,30.0,0.07142857142857142,1
15910,1,15,2661.17,177.41133333333335,143.86666666666667,394,687,45.8,0.6550218340611355,0.18257645968489342,0
15911,624,8,1700.24,212.53,101.25,162,107,13.375,2.2429906542056073,0.2,1
15912,178,9,1074.7,119.41111111111111,84.33333333333333,83,552,61.333333333333336,0.48913043478260876,0.10935441370223979,1
15913,534,1,6.300000000000001,6.300000000000001,3.0,1,1,1.0,30.0,0.3333333333333333,1
15914,378,2,205.99,102.995,74.5,13,1,0.5,60.0,0.087248322147651,1
15915,402,1,364.45,364.45,414.0,105,1,1.0,30.0,0.2536231884057971,1
15916,16,13,3145.2400000000002,241.94153846153847,124.46153846153847,227,713,54.84615384615385,0.5469845722300141,0.14029666254635353,0
15917,248,5,530.17,106.03399999999999,49.6,127,490,98.0,0.30612244897959184,0.5120967741935484,1
15918,191,3,582.88,194.29333333333332,80.0,49,442,147.33333333333334,0.20361990950226244,0.20416666666666666,1
15919,20,2,525.69,262.845,192.5,103,350,175.0,0.17142857142857143,0.2675324675324675,0
15920,154,9,569.14,63.23777777777778,26.444444444444443,93,572,63.55555555555556,0.47202797202797203,0.3907563025210084,1
15921,173,4,775.26,193.815,83.75,69,469,117.25,0.255863539445629,0.20597014925373133,1
15922,373,1,369.5,369.5,138.0,11,1,1.0,30.0,0.07971014492753623,1
15923,373,1,127.08,127.08,122.0,21,1,1.0,30.0,0.1721311475409836,1
15924,731,1,102.82,102.82,103.0,14,1,1.0,30.0,0.13592233009708737,1
15925,194,1,207.15,207.15,93.0,12,1,1.0,30.0,0.12903225806451613,1
15926,542,1,134.44,134.44,155.0,7,1,1.0,30.0,0.04516129032258064,1
15927,647,1,106.54,106.54,66.0,13,1,1.0,30.0,0.19696969696969696,1
15928,656,1,293.53,293.53,164.0,11,1,1.0,30.0,0.06707317073170732,1
15929,644,1,594.0,594.0,120.0,1,1,1.0,30.0,0.008333333333333333,1
15930,67,1,426.63,426.63,139.0,21,1,1.0,30.0,0.1510791366906475,0
15931,428,1,239.9,239.9,118.0,14,1,1.0,30.0,0.11864406779661017,1
15932,4,8,2495.87,311.98375,290.625,93,286,35.75,0.8391608391608392,0.04,0
15933,21,3,1107.46,369.15333333333336,295.0,63,66,22.0,1.3636363636363635,0.0711864406779661,0
15934,418,2,2190.66,1095.33,1083.0,29,12,6.0,5.0,0.013388734995383195,1
15935,239,2,416.86,208.43,57.5,12,3,1.5,20.0,0.10434782608695652,1
15936,379,2,282.79,141.395,105.5,16,89,44.5,0.6741573033707865,0.07582938388625593,1
15937,64,1,145.35,145.35,73.0,7,1,1.0,30.0,0.0958904109589041,0
15938,112,9,734.81,81.64555555555555,49.888888888888886,27,445,49.44444444444444,0.6067415730337078,0.060133630289532294,1
15939,90,16,9060.39,566.274375,391.25,52,285,17.8125,1.6842105263157894,0.008306709265175719,0
15940,311,1,35.8,35.8,4.0,1,1,1.0,30.0,0.25,1
15941,637,1,405.0,405.0,60.0,6,1,1.0,30.0,0.1,1
15942,134,1,337.44,337.44,232.0,14,1,1.0,30.0,0.0603448275862069,1
15943,650,2,271.28999999999996,135.64499999999998,91.5,12,29,14.5,2.0689655172413794,0.06557377049180328,1
15944,277,4,2164.24,541.06,214.75,25,450,112.5,0.26666666666666666,0.02910360884749709,1
15945,365,4,646.27,161.5675,86.25,24,373,93.25,0.32171581769436997,0.06956521739130435,1
15946,503,3,2304.18,768.06,538.0,25,132,44.0,0.6818181818181818,0.015489467162329617,1
15947,83,1,1708.24,1708.24,898.0,29,1,1.0,30.0,0.03229398663697105,0
15948,8,3,1509.0900000000001,503.03000000000003,284.0,63,417,139.0,0.2158273381294964,0.07394366197183098,0
15949,17,2,364.72,182.36,142.0,12,55,27.5,1.090909090909091,0.04225352112676056,0
15950,32,10,7120.91,712.091,335.4,225,651,65.1,0.4608294930875576,0.06708407871198568,0
15951,9,3,1013.17,337.7233333333333,140.0,44,373,124.33333333333333,0.24128686327077747,0.10476190476190476,0
15952,34,4,781.91,195.4775,97.75,65,192,48.0,0.625,0.16624040920716113,0
15953,15,18,3440.3399999999997,191.13,96.72222222222223,102,722,40.111111111111114,0.7479224376731302,0.05858701895462378,0
15954,589,1,190.75,190.75,119.0,20,1,1.0,30.0,0.16806722689075632,1
15955,24,22,8085.9800000000005,367.54454545454547,180.3181818181818,222,630,28.636363636363637,1.0476190476190477,0.055961683892109905,0
15956,551,2,617.6,308.8,139.0,18,176,88.0,0.34090909090909094,0.06474820143884892,1
15957,32,3,921.25,307.0833333333333,151.0,121,390,130.0,0.23076923076923078,0.2671081677704194,0
15958,74,4,462.12,115.53,38.5,50,477,119.25,0.25157232704402516,0.3246753246753247,0
15959,682,3,542.89,180.96333333333334,89.66666666666667,58,1,0.3333333333333333,90.0,0.21561338289962825,1
15960,374,4,410.95,102.7375,64.5,24,62,15.5,1.9354838709677418,0.09302325581395349,1
15961,379,1,451.28999999999996,451.28999999999996,154.0,42,1,1.0,30.0,0.2727272727272727,1
15962,449,1,289.48,289.48,228.0,43,1,1.0,30.0,0.18859649122807018,1
15963,20,2,470.76,235.38,149.0,26,26,13.0,2.3076923076923075,0.087248322147651,0
15964,663,1,269.21000000000004,269.21000000000004,93.0,20,1,1.0,30.0,0.21505376344086022,1
15965,17,13,2771.94,213.22615384615386,101.0,202,720,55.38461538461539,0.5416666666666666,0.15384615384615385,0
15966,451,1,426.53000000000003,426.53000000000003,275.0,27,1,1.0,30.0,0.09818181818181818,1
15967,23,12,2966.0,247.16666666666666,98.58333333333333,316,716,59.666666666666664,0.5027932960893855,0.26711749788672867,0
15968,388,1,404.55,404.55,247.0,70,1,1.0,30.0,0.2834008097165992,1
15969,3,5,1127.05,225.41,44.6,31,520,104.0,0.2884615384615385,0.13901345291479822,0
15970,304,2,1017.32,508.66,249.0,19,296,148.0,0.2027027027027027,0.03815261044176707,1
15971,18,18,5902.83,327.935,125.05555555555556,12,715,39.72222222222222,0.7552447552447553,0.0053309640159928924,0
15972,456,5,1769.33,353.866,93.6,104,144,28.8,1.0416666666666667,0.2222222222222222,1
15973,367,3,680.62,226.87333333333333,65.0,8,63,21.0,1.4285714285714286,0.041025641025641026,1
15974,39,7,3442.15,491.7357142857143,323.14285714285717,141,250,35.714285714285715,0.84,0.0623342175066313,0
15975,84,1,371.01,371.01,243.0,24,1,1.0,30.0,0.09876543209876543,0
15976,165,6,1694.41,282.4016666666667,175.5,265,386,64.33333333333333,0.46632124352331605,0.251661918328585,1
15977,17,2,1054.73,527.365,508.0,48,22,11.0,2.7272727272727275,0.047244094488188976,0
15978,77,3,3279.42,1093.14,814.6666666666666,107,568,189.33333333333334,0.15845070422535212,0.04378068739770868,0
15979,603,1,329.22,329.22,450.0,22,1,1.0,30.0,0.04888888888888889,1
15980,89,7,6543.68,934.8114285714286,688.8571428571429,101,468,66.85714285714286,0.44871794871794873,0.020945665698880133,0
15981,25,21,9362.77,445.8461904761905,229.85714285714286,151,596,28.38095238095238,1.0570469798657718,0.03128237000207168,0
15982,605,1,324.51,324.51,131.0,45,1,1.0,30.0,0.3435114503816794,1
15983,22,8,3110.37,388.79625,234.0,137,712,89.0,0.33707865168539325,0.07318376068376069,0
15984,3,30,8393.02,279.76733333333334,191.0,458,736,24.533333333333335,1.2228260869565217,0.07993019197207679,0
15985,123,7,2715.28,387.8971428571429,392.85714285714283,50,439,62.714285714285715,0.4783599088838269,0.01818181818181818,1
15986,30,2,354.42,177.21,184.0,25,352,176.0,0.17045454545454547,0.06793478260869565,0
15987,12,8,1535.99,191.99875,199.875,143,368,46.0,0.6521739130434783,0.08943089430894309,0
15988,19,3,738.89,246.29666666666665,158.66666666666666,114,638,212.66666666666666,0.14106583072100315,0.23949579831932774,0
15989,376,2,368.31,184.155,84.5,81,362,181.0,0.16574585635359115,0.47928994082840237,1
15990,44,7,1997.75,285.39285714285717,155.14285714285714,117,606,86.57142857142857,0.34653465346534656,0.10773480662983426,0
15991,534,1,150.55,150.55,41.0,6,1,1.0,30.0,0.14634146341463414,1
15992,4,3,896.6,298.8666666666667,171.33333333333334,53,450,150.0,0.2,0.10311284046692606,0
15993,9,7,2777.67,396.81,291.0,335,36,5.142857142857143,5.833333333333334,0.1644575355915562,0
15994,55,3,1175.68,391.8933333333334,154.0,93,582,194.0,0.15463917525773196,0.2012987012987013,0
15995,414,1,694.54,694.54,352.0,108,1,1.0,30.0,0.3068181818181818,1
15996,88,7,1386.4,198.05714285714288,91.85714285714286,140,309,44.142857142857146,0.6796116504854368,0.2177293934681182,0
15998,37,16,8274.14,517.13375,334.375,682,703,43.9375,0.6827880512091038,0.1274766355140187,0
15999,736,1,20.4,20.4,24.0,1,1,1.0,30.0,0.041666666666666664,1
16000,3,3,12393.7,4131.233333333334,1703.3333333333333,9,1,0.3333333333333333,90.0,0.0017612524461839531,0
16001,381,1,583.39,583.39,337.0,29,1,1.0,30.0,0.08605341246290801,1
16002,625,1,169.21,169.21,70.0,42,1,1.0,30.0,0.6,1
16003,30,10,5613.83,561.383,221.0,146,707,70.7,0.4243281471004243,0.0660633484162896,0
16004,475,5,2146.39,429.27799999999996,215.2,63,209,41.8,0.7177033492822966,0.05855018587360595,1
16005,12,10,2365.4900000000002,236.54900000000004,126.9,315,439,43.9,0.683371298405467,0.24822695035460993,0
16006,211,2,332.82,166.41,102.5,75,177,88.5,0.3389830508474576,0.36585365853658536,1
16007,48,7,3053.06,436.15142857142854,375.85714285714283,337,496,70.85714285714286,0.4233870967741935,0.12808817939946787,0
16008,24,15,5339.13,355.942,215.8,63,607,40.46666666666667,0.7413509060955519,0.019462465245597776,0
16009,22,4,972.11,243.0275,91.5,68,138,34.5,0.8695652173913044,0.18579234972677597,0
16010,246,11,1694.86,154.0781818181818,83.54545454545455,122,166,15.090909090909092,1.9879518072289157,0.13275299238302501,1
16011,8,29,5601.01,193.13827586206898,114.58620689655173,181,731,25.20689655172414,1.1901504787961696,0.054468853445681614,0
16012,35,5,2978.59,595.7180000000001,352.0,207,495,99.0,0.30303030303030304,0.11761363636363636,0
16013,4,84,56078.44,667.6004761904762,303.8095238095238,54,729,8.678571428571429,3.45679012345679,0.002115987460815047,0
16014,38,5,1100.28,220.05599999999998,92.4,219,640,128.0,0.234375,0.474025974025974,0
16015,4,3,704.55,234.85,302.3333333333333,146,46,15.333333333333334,1.9565217391304346,0.1609702315325248,0
16016,3,11,2083.4,189.4,80.0909090909091,181,400,36.36363636363637,0.825,0.2054483541430193,0
16017,47,5,1545.58,309.116,127.0,99,657,131.4,0.22831050228310504,0.15590551181102363,0
16018,39,4,698.13,174.5325,125.75,48,694,173.5,0.1729106628242075,0.09542743538767395,0
16019,47,27,17329.16,641.8207407407407,257.74074074074076,256,679,25.14814814814815,1.1929307805596465,0.03678689466877425,0
16020,17,3,851.01,283.67,162.33333333333334,42,49,16.333333333333332,1.836734693877551,0.08624229979466119,0
16021,395,2,487.03,243.515,138.0,117,150,75.0,0.4,0.42391304347826086,1
16022,260,1,602.63,602.63,255.0,68,1,1.0,30.0,0.26666666666666666,1
16023,46,3,719.81,239.93666666666664,119.33333333333333,90,221,73.66666666666667,0.4072398190045249,0.25139664804469275,0
16024,12,3,483.99,161.33,168.0,78,400,133.33333333333334,0.22499999999999998,0.15476190476190477,0
16025,30,1,439.65999999999997,439.65999999999997,338.0,28,1,1.0,30.0,0.08284023668639054,0
16026,43,1,236.09,236.09,243.0,30,1,1.0,30.0,0.12345679012345678,0
16027,92,15,2048.36,136.55733333333333,139.93333333333334,20,609,40.6,0.7389162561576355,0.009528346831824679,1
16028,596,1,82.2,82.2,18.0,5,1,1.0,30.0,0.2777777777777778,1
16029,39,107,117763.62,1100.5945794392524,508.8785046728972,57,693,6.4766355140186915,4.632034632034632,0.001046831955922865,0
16030,310,1,331.24,331.24,283.0,28,1,1.0,30.0,0.0989399293286219,1
16031,92,2,547.9,273.95,210.5,91,155,77.5,0.3870967741935484,0.2161520190023753,1
16032,456,6,1965.72,327.62,244.5,130,68,11.333333333333334,2.6470588235294117,0.08861622358554874,1
16033,6,27,10608.81,392.9188888888889,155.55555555555554,605,480,17.77777777777778,1.6875,0.14404761904761904,0
16034,196,6,911.3199999999999,151.88666666666666,97.5,43,214,35.666666666666664,0.8411214953271028,0.0735042735042735,1
16035,560,1,217.73,217.73,33.0,21,1,1.0,30.0,0.6363636363636364,1
16036,87,4,2556.84,639.21,342.25,120,534,133.5,0.2247191011235955,0.08765522279035792,0
16037,270,5,1509.34,301.868,153.2,62,379,75.8,0.395778364116095,0.08093994778067885,1
16038,8,3,471.78000000000003,157.26000000000002,81.33333333333333,24,195,65.0,0.46153846153846156,0.09836065573770492,0
16039,424,2,456.4,228.2,204.5,27,205,102.5,0.29268292682926833,0.06601466992665037,1
16040,65,7,2416.9,345.2714285714286,169.28571428571428,95,545,77.85714285714286,0.38532110091743116,0.08016877637130802,0
16041,31,3,3166.4,1055.4666666666667,528.0,6,111,37.0,0.8108108108108107,0.003787878787878788,0
16042,22,8,2245.32,280.665,178.75,88,432,54.0,0.5555555555555556,0.06153846153846154,0
16043,38,8,1856.5900000000001,232.07375000000002,126.375,56,445,55.625,0.5393258426966292,0.05539070227497527,0
16044,435,1,340.84000000000003,340.84000000000003,170.0,19,1,1.0,30.0,0.11176470588235295,1
16045,120,8,3434.9300000000003,429.36625000000004,263.5,111,379,47.375,0.633245382585752,0.05265654648956357,1
16046,562,1,235.78,235.78,248.0,22,1,1.0,30.0,0.08870967741935484,1
16047,682,1,107.14,107.14,1.0,1,1,1.0,30.0,1.0,1
16048,373,4,818.7900000000001,204.69750000000002,106.25,30,177,44.25,0.6779661016949152,0.07058823529411765,1
16049,40,6,1852.15,308.69166666666666,188.66666666666666,383,476,79.33333333333333,0.37815126050420167,0.338339222614841,0
16050,174,3,300.7,100.23333333333333,129.33333333333334,19,228,76.0,0.39473684210526316,0.04896907216494845,1
16051,682,1,188.44,188.44,80.0,12,1,1.0,30.0,0.15,1
16052,54,1,362.06,362.06,282.0,34,1,1.0,30.0,0.12056737588652482,0
16053,33,6,3634.84,605.8066666666667,511.1666666666667,169,579,96.5,0.31088082901554404,0.05510270622758396,0
16054,145,4,2111.88,527.97,197.75,109,472,118.0,0.2542372881355932,0.13780025284450062,1
16055,221,1,134.8,134.8,22.0,8,1,1.0,30.0,0.36363636363636365,1
16056,45,1,650.75,650.75,345.0,66,1,1.0,30.0,0.19130434782608696,0
16057,16,10,3854.85,385.485,169.1,175,685,68.5,0.43795620437956206,0.10348905972797161,0
16058,406,1,62.7,62.7,18.0,2,1,1.0,30.0,0.1111111111111111,1
16059,66,12,3053.57,254.46416666666667,119.25,233,504,42.0,0.7142857142857143,0.1628232005590496,0
16060,401,3,541.95,180.65,81.0,22,94,31.333333333333332,0.9574468085106383,0.09053497942386832,1
16061,431,1,89.65,89.65,19.0,3,1,1.0,30.0,0.15789473684210525,1
16062,10,8,2863.45,357.93125,254.375,134,527,65.875,0.4554079696394687,0.06584766584766585,0
16063,260,1,335.32,335.32,262.0,23,1,1.0,30.0,0.08778625954198473,1
16064,725,1,109.31,109.31,55.0,17,1,1.0,30.0,0.3090909090909091,1
16065,365,8,1992.13,249.01625,150.875,214,98,12.25,2.4489795918367347,0.17729908864954433,1
16066,17,5,1521.04,304.20799999999997,187.0,77,108,21.6,1.3888888888888888,0.08235294117647059,0
16067,563,3,3269.11,1089.7033333333334,412.0,60,113,37.666666666666664,0.7964601769911505,0.04854368932038835,1
16068,594,1,115.73,115.73,48.0,34,1,1.0,30.0,0.7083333333333334,1
16069,418,1,457.7,457.7,138.0,25,1,1.0,30.0,0.18115942028985507,1
16070,22,2,852.15,426.075,228.5,32,10,5.0,6.0,0.0700218818380744,0
16071,45,4,1076.8,269.2,174.25,62,611,152.75,0.19639934533551553,0.08895265423242468,0
16072,288,4,4180.09,1045.0225,395.0,414,261,65.25,0.4597701149425288,0.2620253164556962,1
16073,297,1,122.39999999999999,122.39999999999999,48.0,1,1,1.0,30.0,0.020833333333333332,1
16074,390,1,252.5,252.5,38.0,23,1,1.0,30.0,0.6052631578947368,1
16075,503,2,736.9300000000001,368.46500000000003,135.5,41,62,31.0,0.9677419354838709,0.15129151291512916,1
16076,3,10,2234.73,223.473,143.5,71,206,20.6,1.4563106796116505,0.049477351916376304,0
16077,626,1,2300.4,2300.4,840.0,8,1,1.0,30.0,0.009523809523809525,1
16078,284,2,362.99,181.495,100.0,39,386,193.0,0.15544041450777202,0.195,1
16079,17,3,1352.0,450.6666666666667,288.0,18,24,8.0,3.75,0.020833333333333332,0
16080,82,4,602.5600000000001,150.64000000000001,74.5,29,369,92.25,0.3252032520325203,0.09731543624161074,0
16081,56,8,4278.96,534.87,272.125,235,619,77.375,0.3877221324717286,0.10794671566375746,0
16082,670,1,106.75,106.75,39.0,16,1,1.0,30.0,0.41025641025641024,1
16083,101,4,2351.42,587.855,378.5,61,288,72.0,0.4166666666666667,0.040290620871862616,1
16084,299,1,436.18,436.18,216.0,38,1,1.0,30.0,0.17592592592592593,1
16085,23,12,2341.03,195.08583333333334,115.16666666666667,259,665,55.416666666666664,0.5413533834586466,0.1874095513748191,0
16086,59,10,2687.73,268.773,145.0,66,678,67.8,0.44247787610619466,0.04551724137931035,0
16087,389,5,1739.92,347.98400000000004,132.8,6,301,60.2,0.4983388704318937,0.009036144578313253,1
16088,576,2,1437.43,718.715,186.5,3,16,8.0,3.75,0.00804289544235925,1
16089,386,2,263.49,131.745,59.5,42,123,61.5,0.48780487804878053,0.35294117647058826,1
16090,624,1,180.56,180.56,58.0,18,1,1.0,30.0,0.3103448275862069,1
16091,155,2,315.06,157.53,77.0,16,44,22.0,1.3636363636363638,0.1038961038961039,1
16092,115,6,1587.94,264.6566666666667,198.0,60,465,77.5,0.3870967741935484,0.050505050505050504,1
16093,107,1,17.0,17.0,20.0,1,1,1.0,30.0,0.05,1
16094,12,11,3695.56,335.96,183.63636363636363,101,591,53.72727272727273,0.5583756345177665,0.05,0
16095,456,1,447.05,447.05,265.0,30,1,1.0,30.0,0.11320754716981132,1
16096,264,4,1584.97,396.2425,175.0,58,381,95.25,0.31496062992125984,0.08285714285714285,1
16097,240,1,185.04999999999998,185.04999999999998,87.0,10,1,1.0,30.0,0.11494252873563218,1
16098,88,14,4010.7,286.4785714285714,143.42857142857142,83,638,45.57142857142857,0.658307210031348,0.04133466135458167,0
16099,50,7,1573.2,224.74285714285716,137.14285714285714,44,597,85.28571428571429,0.35175879396984927,0.04583333333333333,0
16100,463,1,582.64,582.64,438.0,37,1,1.0,30.0,0.08447488584474885,1
16101,71,4,3229.16,807.29,461.0,153,491,122.75,0.24439918533604887,0.08297180043383948,0
16102,42,3,1842.14,614.0466666666667,314.0,41,87,29.0,1.0344827586206897,0.0435244161358811,0
16103,7,22,6191.71,281.44136363636363,119.95454545454545,111,694,31.545454545454547,0.9510086455331412,0.042061386888973096,0
16104,62,9,2774.46,308.2733333333333,116.33333333333333,187,672,74.66666666666667,0.4017857142857143,0.17860553963705827,0
16105,249,5,2386.19,477.238,425.0,92,356,71.2,0.42134831460674155,0.04329411764705882,1
16106,66,1,108.38,108.38,74.0,6,1,1.0,30.0,0.08108108108108109,0
16107,18,7,3204.1600000000003,457.7371428571429,168.0,16,166,23.714285714285715,1.2650602409638554,0.013605442176870748,0
16108,85,4,2235.92,558.98,368.25,124,547,136.75,0.21937842778793418,0.08418194161575017,0
16109,219,3,939.48,313.16,364.0,30,480,160.0,0.1875,0.027472527472527472,1
16110,45,4,1781.59,445.3975,220.0,343,478,119.5,0.2510460251046025,0.38977272727272727,0
16111,428,1,549.33,549.33,233.0,72,1,1.0,30.0,0.3090128755364807,1
16112,143,4,195.73999999999998,48.934999999999995,143.5,15,196,49.0,0.6122448979591837,0.02613240418118467,1
16113,183,1,161.38,161.38,176.0,30,1,1.0,30.0,0.17045454545454544,1
16114,171,1,135.75000000000003,135.75000000000003,43.0,8,1,1.0,30.0,0.18604651162790697,1
16115,10,12,2553.8,212.8166666666667,132.41666666666666,230,565,47.083333333333336,0.6371681415929203,0.144745122718691,0
16116,212,1,612.78,612.78,248.0,34,1,1.0,30.0,0.13709677419354838,1
16117,190,3,654.4,218.13333333333333,107.0,64,402,134.0,0.22388059701492538,0.19937694704049844,1
16118,653,1,4376.25,4376.25,2851.0,41,1,1.0,30.0,0.014380918975797966,1
16119,8,8,1720.81,215.10125,101.375,37,716,89.5,0.33519553072625696,0.04562268803945746,0
16120,59,6,2967.51,494.58500000000004,360.1666666666667,84,363,60.5,0.49586776859504134,0.03887089310504396,0
16121,57,5,1450.04,290.008,175.8,256,509,101.8,0.29469548133595286,0.2912400455062571,0
16122,73,6,895.62,149.27,213.33333333333334,28,353,58.833333333333336,0.509915014164306,0.021875,0
16123,52,1,307.78,307.78,170.0,16,1,1.0,30.0,0.09411764705882353,0
16124,317,4,1772.49,443.1225,199.25,63,416,104.0,0.28846153846153844,0.07904642409033877,1
16125,367,14,4292.35,306.5964285714286,129.92857142857142,168,359,25.642857142857142,1.16991643454039,0.09235843870258384,1
16126,29,15,14644.6,976.3066666666667,409.3333333333333,144,709,47.266666666666666,0.6346967559943583,0.023452768729641693,0
16127,39,2,801.31,400.655,195.5,75,688,344.0,0.0872093023255814,0.1918158567774936,0
16128,18,11,3801.05,345.55,222.27272727272728,155,494,44.90909090909091,0.6680161943319839,0.06339468302658487,0
16129,407,3,1396.05,465.34999999999997,420.3333333333333,91,101,33.666666666666664,0.8910891089108911,0.07216494845360824,1
16130,422,4,987.48,246.87,74.0,53,196,49.0,0.6122448979591837,0.17905405405405406,1
16131,52,12,9957.42,829.785,397.3333333333333,131,687,57.25,0.5240174672489083,0.0274748322147651,0
16132,544,2,664.1999999999999,332.09999999999997,140.0,14,84,42.0,0.7142857142857143,0.05,1
16133,4,56,22992.260000000002,410.5760714285715,243.80357142857142,303,615,10.982142857142858,2.731707317073171,0.022192924631949024,0
16134,22,5,2145.34,429.06800000000004,327.4,85,520,104.0,0.2884615384615385,0.05192425167990226,0
16135,263,2,819.45,409.725,197.5,35,322,161.0,0.1863354037267081,0.08860759493670886,1
16136,60,4,946.8,236.7,168.5,44,604,151.0,0.19867549668874174,0.06528189910979229,0
16137,680,1,422.7,422.7,210.0,28,1,1.0,30.0,0.13333333333333333,1
16138,379,3,910.35,303.45,258.0,35,213,71.0,0.4225352112676057,0.04521963824289406,1
16139,19,5,1111.15,222.23000000000002,120.4,47,718,143.6,0.20891364902506965,0.07807308970099668,0
16140,66,3,1433.46,477.82,424.0,50,377,125.66666666666667,0.2387267904509284,0.03930817610062893,0
16141,88,2,955.94,477.97,205.0,47,329,164.5,0.182370820668693,0.11463414634146342,0
16142,250,1,535.34,535.34,422.0,37,1,1.0,30.0,0.08767772511848342,1
16143,3,12,4555.08,379.59,155.5,107,727,60.583333333333336,0.4951856946354883,0.05734190782422294,0
16144,247,1,175.2,175.2,16.0,1,1,1.0,30.0,0.0625,1
16145,9,19,6805.4400000000005,358.18105263157895,277.36842105263156,217,576,30.31578947368421,0.9895833333333334,0.041176470588235294,0
16146,157,4,946.38,236.595,136.0,34,292,73.0,0.4109589041095891,0.0625,1
16147,134,5,2398.91,479.782,279.0,113,539,107.8,0.2782931354359926,0.08100358422939068,1
16148,296,2,386.62,193.31,125.0,9,141,70.5,0.425531914893617,0.036,1
16149,5,3,422.22,140.74,199.33333333333334,30,425,141.66666666666666,0.21176470588235294,0.05016722408026756,0
16150,43,10,4002.17,400.217,199.0,143,680,68.0,0.4411764705882353,0.07185929648241206,0
16152,269,1,1829.04,1829.04,642.0,29,1,1.0,30.0,0.045171339563862926,1
16153,50,11,5133.49,466.6809090909091,335.72727272727275,161,513,46.63636363636363,0.6432748538011696,0.04359599241808827,0
16155,382,5,796.9,159.38,99.0,45,159,31.8,0.9433962264150944,0.09090909090909091,1
16156,9,20,6188.18,309.409,160.25,199,729,36.45,0.823045267489712,0.06209048361934477,0
16157,16,3,656.69,218.89666666666668,115.66666666666667,12,57,19.0,1.5789473684210527,0.0345821325648415,0
16158,522,9,628.32,69.81333333333333,20.22222222222222,29,212,23.555555555555557,1.2735849056603774,0.15934065934065933,1
16159,282,4,1232.79,308.1975,158.75,31,456,114.0,0.2631578947368421,0.048818897637795275,1
16160,65,2,1025.44,512.72,581.0,20,21,10.5,2.857142857142857,0.01721170395869191,0
16161,2,43,12580.06,292.5595348837209,145.46511627906978,458,669,15.55813953488372,1.9282511210762332,0.07322142286171063,0
16162,252,1,37.4,37.4,4.0,2,1,1.0,30.0,0.5,1
16163,232,6,2407.98,401.33,112.66666666666667,59,506,84.33333333333333,0.3557312252964427,0.08727810650887574,1
16164,17,3,822.48,274.16,144.33333333333334,27,26,8.666666666666666,3.4615384615384612,0.06235565819861432,0
16165,505,1,79.9,79.9,2.0,1,1,1.0,30.0,0.5,1
16166,428,2,435.83,217.915,86.5,18,264,132.0,0.22727272727272727,0.10404624277456648,1
16167,414,5,1386.1200000000001,277.22400000000005,298.8,51,325,65.0,0.4615384615384615,0.03413654618473896,1
16168,11,66,10360.67,156.97984848484847,75.37878787878788,131,727,11.015151515151516,2.723521320495186,0.026331658291457286,0
16169,8,4,1822.97,455.7425,331.25,71,68,17.0,1.7647058823529411,0.05358490566037736,0
16170,51,20,6869.0,343.45,302.8,254,609,30.45,0.9852216748768473,0.04194187582562748,0
16171,59,1,73.2,73.2,24.0,3,1,1.0,30.0,0.125,0
16172,95,8,1884.55,235.56875,177.375,81,418,52.25,0.5741626794258373,0.05708245243128964,1
16173,16,6,1418.32,236.38666666666666,95.83333333333333,70,83,13.833333333333334,2.1686746987951806,0.12173913043478261,0
16174,126,7,2246.75,320.9642857142857,204.42857142857142,28,477,68.14285714285714,0.44025157232704404,0.019566736547868623,1
16175,94,7,1836.44,262.34857142857146,133.14285714285714,59,470,67.14285714285714,0.4468085106382979,0.06330472103004292,1
16176,421,4,2052.69,513.1725,238.0,53,199,49.75,0.6030150753768844,0.05567226890756303,1
16177,50,8,2247.31,280.91375,127.625,79,597,74.625,0.4020100502512563,0.07737512242899118,0
16178,138,2,612.6,306.3,152.0,24,264,132.0,0.22727272727272727,0.07894736842105263,1
16179,61,1,215.83,215.83,99.0,11,1,1.0,30.0,0.1111111111111111,0
16180,100,13,16249.87,1249.99,754.8461538461538,171,435,33.46153846153846,0.896551724137931,0.01742586365025986,1
16181,73,1,305.54,305.54,152.0,11,1,1.0,30.0,0.07236842105263158,0
16182,72,9,9971.65,1107.961111111111,654.1111111111111,20,569,63.22222222222222,0.47451669595782076,0.0033973161202649907,0
16183,67,4,1077.81,269.4525,87.75,32,341,85.25,0.3519061583577712,0.09116809116809117,0
16184,64,6,1158.79,193.13166666666666,93.5,26,148,24.666666666666668,1.2162162162162162,0.04634581105169341,0
16185,17,3,644.72,214.90666666666667,107.0,39,548,182.66666666666666,0.1642335766423358,0.12149532710280374,0
16186,23,26,8718.43,335.3242307692308,253.6153846153846,172,708,27.23076923076923,1.1016949152542372,0.026084319077949652,0
16187,32,15,6911.4400000000005,460.7626666666667,336.53333333333336,160,253,16.866666666666667,1.7786561264822134,0.03169572107765452,0
16188,45,5,1087.66,217.532,167.6,72,365,73.0,0.4109589041095891,0.08591885441527446,0
16189,16,2,215.48,107.74,67.0,9,70,35.0,0.8571428571428571,0.06716417910447761,0
16190,40,8,2723.55,340.44375,153.875,89,686,85.75,0.3498542274052478,0.07229894394800974,0
16191,3,24,15677.82,653.2425,389.5,113,726,30.25,0.9917355371900827,0.012088147197261446,0
16192,736,1,351.3,351.3,208.0,11,1,1.0,30.0,0.052884615384615384,1
16193,237,2,630.43,315.215,189.5,38,175,87.5,0.34285714285714286,0.10026385224274406,1
16194,375,1,308.59999999999997,308.59999999999997,140.0,8,1,1.0,30.0,0.05714285714285714,1
16195,723,1,323.25,323.25,123.0,16,1,1.0,30.0,0.13008130081300814,1
16196,489,1,93.3,93.3,26.0,4,1,1.0,30.0,0.15384615384615385,1
16197,469,9,2016.71,224.07888888888888,157.77777777777777,52,255,28.333333333333332,1.0588235294117647,0.036619718309859155,1
16198,75,2,1030.0410000000002,515.0205000000001,192.0,31,363,181.5,0.1652892561983471,0.08072916666666667,0
16199,392,7,942.75,134.67857142857142,45.857142857142854,2,239,34.142857142857146,0.8786610878661087,0.006230529595015576,1
16200,4,12,5608.1,467.3416666666667,255.66666666666666,361,733,61.083333333333336,0.49113233287858116,0.11766623207301173,0
16201,3,5,2112.12,422.424,284.2,86,413,82.6,0.3631961259079903,0.06052076002814919,0
16202,361,9,2501.9900000000002,277.9988888888889,145.22222222222223,105,377,41.888888888888886,0.7161803713527851,0.08033664881407804,1
16203,59,6,943.84,157.30666666666667,89.5,56,446,74.33333333333333,0.40358744394618834,0.1042830540037244,0
16204,23,3,918.71,306.2366666666667,223.66666666666666,86,708,236.0,0.1271186440677966,0.12816691505216096,0
16205,31,7,1820.1100000000001,260.0157142857143,207.42857142857142,147,512,73.14285714285714,0.41015625,0.1012396694214876,0
16206,55,13,2589.87,199.22076923076924,106.07692307692308,187,630,48.46153846153846,0.6190476190476191,0.135605511240029,0
16207,25,1,394.38,394.38,140.0,19,1,1.0,30.0,0.1357142857142857,0
16208,45,10,3440.45,344.04499999999996,154.1,180,609,60.9,0.49261083743842365,0.11680726800778715,0
16209,89,9,4146.78,460.75333333333333,210.55555555555554,51,459,51.0,0.5882352941176471,0.02691292875989446,0
16210,2,35,33750.97,964.3134285714286,354.2,145,736,21.02857142857143,1.4266304347826086,0.011696378156005485,0
16211,89,3,1090.59,363.53,173.0,35,350,116.66666666666667,0.2571428571428572,0.0674373795761079,0
16212,19,4,1293.71,323.4275,142.75,71,651,162.75,0.18433179723502305,0.1243432574430823,0
16213,79,1,159.0,159.0,48.0,6,1,1.0,30.0,0.125,0
16214,171,4,2038.25,509.5625,327.0,84,265,66.25,0.45283018867924524,0.06422018348623854,1
16215,81,1,242.35,242.35,104.0,14,1,1.0,30.0,0.1346153846153846,0
16216,267,1,914.9300000000001,914.9300000000001,254.0,37,1,1.0,30.0,0.14566929133858267,1
16217,235,2,304.25,152.125,45.5,13,47,23.5,1.2765957446808511,0.14285714285714285,1
16218,30,13,3968.67,305.2823076923077,215.30769230769232,82,532,40.92307692307692,0.7330827067669172,0.029296177206145052,0
16219,501,1,40.8,40.8,48.0,1,1,1.0,30.0,0.020833333333333332,1
16221,37,9,2019.92,224.43555555555557,161.0,177,450,50.0,0.6,0.12215320910973085,0
16222,318,2,1272.05,636.025,231.5,133,403,201.5,0.1488833746898263,0.28725701943844495,1
16223,375,2,1087.05,543.525,321.5,101,21,10.5,2.857142857142857,0.15707620528771385,1
16224,57,5,1616.54,323.308,311.0,107,331,66.2,0.45317220543806647,0.06881028938906752,0
16225,45,15,2859.31,190.62066666666666,85.4,189,626,41.733333333333334,0.7188498402555911,0.14754098360655737,0
16226,203,5,672.1700000000001,134.43400000000003,104.2,23,211,42.2,0.7109004739336493,0.044145873320537425,1
16227,225,3,1027.22,342.4066666666667,145.33333333333334,28,311,103.66666666666667,0.28938906752411575,0.06422018348623854,1
16228,385,3,885.71,295.2366666666667,185.0,45,15,5.0,6.0,0.08108108108108109,1
16229,87,6,2867.86,477.9766666666667,215.33333333333334,144,478,79.66666666666667,0.37656903765690375,0.11145510835913312,0
16230,190,2,542.03,271.015,182.5,32,31,15.5,1.9354838709677418,0.08767123287671233,1
16231,379,4,1074.47,268.6175,140.75,69,219,54.75,0.547945205479452,0.12255772646536411,1
16232,44,7,2712.97,387.5671428571428,264.14285714285717,60,507,72.42857142857143,0.4142011834319527,0.03244997295835587,0
16233,71,9,1818.31,202.03444444444443,75.22222222222223,49,667,74.11111111111111,0.4047976011994003,0.0723781388478582,0
16234,476,3,333.18,111.06,56.666666666666664,13,86,28.666666666666668,1.0465116279069768,0.07647058823529412,1
16235,41,9,2053.71,228.19,87.55555555555556,80,430,47.77777777777778,0.627906976744186,0.10152284263959391,0
16236,78,1,432.2,432.2,184.0,20,1,1.0,30.0,0.10869565217391304,0
16237,437,1,136.65,136.65,57.0,7,1,1.0,30.0,0.12280701754385964,1
16238,423,1,63.66,63.66,85.0,6,1,1.0,30.0,0.07058823529411765,1
16239,57,6,1492.2,248.70000000000002,115.33333333333333,24,407,67.83333333333333,0.44226044226044225,0.03468208092485549,0
16240,24,2,3718.8,1859.4,820.5,126,54,27.0,1.1111111111111112,0.07678244972577697,0
16241,10,16,3992.86,249.55375,141.125,500,401,25.0625,1.1970074812967582,0.22143489813994685,0
16242,8,14,7404.65,528.9035714285714,280.07142857142856,348,626,44.714285714285715,0.6709265175718849,0.08875286916602908,0
16243,34,2,409.1,204.55,55.0,49,22,11.0,2.7272727272727275,0.44545454545454544,0
16244,212,2,1522.75,761.375,427.5,88,161,80.5,0.3726708074534162,0.10292397660818714,1
16245,24,3,1413.66,471.22,338.0,80,234,78.0,0.38461538461538464,0.07889546351084813,0
16246,460,2,821.35,410.675,168.0,79,210,105.0,0.2857142857142857,0.23511904761904762,1
16247,170,1,114.56,114.56,182.0,16,1,1.0,30.0,0.08791208791208792,1
16248,62,1,152.94,152.94,78.0,7,1,1.0,30.0,0.08974358974358974,0
16249,53,5,1800.07,360.014,190.0,67,187,37.4,0.8021390374331551,0.07052631578947369,0
16250,261,3,565.24,188.41333333333333,89.33333333333333,29,126,42.0,0.7142857142857143,0.10820895522388059,1
16251,512,1,128.31,128.31,44.0,20,1,1.0,30.0,0.45454545454545453,1
16252,383,1,295.09000000000003,295.09000000000003,158.0,21,1,1.0,30.0,0.13291139240506328,1
16253,67,7,7272.2,1038.8857142857144,861.4285714285714,218,665,95.0,0.3157894736842105,0.03615257048092869,0
16254,378,3,967.44,322.48,181.0,65,254,84.66666666666667,0.3543307086614173,0.11970534069981584,1
16255,17,15,4530.0,302.0,191.73333333333332,231,669,44.6,0.6726457399103138,0.08031988873435326,0
16256,267,3,1629.37,543.1233333333333,530.0,27,332,110.66666666666667,0.2710843373493976,0.016981132075471698,1
16257,177,1,46.95,46.95,2.0,2,1,1.0,30.0,1.0,1
16258,45,15,11942.52,796.168,480.0,253,594,39.6,0.7575757575757576,0.035138888888888886,0
16259,410,3,340.94,113.64666666666666,47.666666666666664,75,195,65.0,0.46153846153846156,0.5244755244755245,1
16260,51,1,1035.45,1035.45,311.0,18,1,1.0,30.0,0.05787781350482315,0
16261,17,6,1041.16,173.52666666666667,75.66666666666667,118,426,71.0,0.4225352112676057,0.2599118942731278,0
16262,378,1,755.15,755.15,446.0,46,1,1.0,30.0,0.1031390134529148,1
16263,423,1,348.16,348.16,197.0,19,1,1.0,30.0,0.09644670050761421,1
16264,438,2,823.53,411.765,308.0,62,8,4.0,7.5,0.10064935064935066,1
16265,9,12,6935.17,577.9308333333333,267.8333333333333,192,399,33.25,0.9022556390977443,0.059738643434972,0
16266,74,14,1757.95,125.56785714285715,56.5,73,600,42.857142857142854,0.7,0.0922882427307206,0
16267,591,1,186.66,186.66,198.0,7,1,1.0,30.0,0.03535353535353535,1
16268,71,2,667.65,333.825,266.5,45,1,0.5,60.0,0.08442776735459662,0
16269,438,1,717.57,717.57,579.0,53,1,1.0,30.0,0.09153713298791019,1
16270,353,1,1141.24,1141.24,688.0,54,1,1.0,30.0,0.07848837209302326,1
16271,3,10,3397.82,339.78200000000004,235.9,176,641,64.1,0.46801872074882994,0.07460788469690546,0
16272,117,1,411.7,411.7,224.0,25,1,1.0,30.0,0.11160714285714286,1
16273,648,2,318.34000000000003,159.17000000000002,20.0,15,8,4.0,7.5,0.375,1
16274,373,1,351.75,351.75,153.0,64,1,1.0,30.0,0.41830065359477125,1
16275,197,3,2151.11,717.0366666666667,422.6666666666667,105,445,148.33333333333334,0.20224719101123595,0.08280757097791798,1
16276,177,3,2629.3900000000003,876.4633333333335,489.0,20,431,143.66666666666666,0.2088167053364269,0.013633265167007498,1
16277,734,1,188.69,188.69,33.0,23,1,1.0,30.0,0.696969696969697,1
16278,100,3,1117.84,372.6133333333333,114.0,50,400,133.33333333333334,0.22499999999999998,0.14619883040935672,1
16279,21,9,5698.28,633.1422222222222,409.22222222222223,243,576,64.0,0.46875,0.06597882161281564,0
16280,725,1,238.05,238.05,101.0,16,1,1.0,30.0,0.15841584158415842,1
16281,72,3,3424.02,1141.34,523.3333333333334,27,611,203.66666666666666,0.14729950900163666,0.017197452229299363,0
16282,340,3,1307.58,435.85999999999996,263.3333333333333,31,379,126.33333333333333,0.237467018469657,0.039240506329113925,1
16283,6,8,4350.32,543.79,358.375,385,644,80.5,0.3726708074534162,0.13428671084757587,0
16284,31,3,1018.48,339.49333333333334,224.66666666666666,108,363,121.0,0.24793388429752067,0.16023738872403562,0
16285,646,1,176.9,176.9,60.0,31,1,1.0,30.0,0.5166666666666667,1
16286,477,2,328.95,164.475,50.5,17,147,73.5,0.4081632653061224,0.16831683168316833,1
16287,170,5,1006.98,201.39600000000002,285.2,18,520,104.0,0.2884615384615385,0.012622720897615708,1
16288,470,1,129.85,129.85,19.0,7,1,1.0,30.0,0.3684210526315789,1
16289,462,1,136.31,136.31,97.0,21,1,1.0,30.0,0.21649484536082475,1
16290,465,4,1957.7,489.425,239.25,85,102,25.5,1.1764705882352942,0.08881922675026123,1
16291,682,1,117.72,117.72,1.0,1,1,1.0,30.0,1.0,1
16292,122,5,1253.76,250.752,137.6,51,483,96.6,0.3105590062111801,0.07412790697674419,1
16293,22,15,4279.2,285.28,122.2,168,708,47.2,0.635593220338983,0.09165302782324058,0
16294,477,1,126.05000000000001,126.05000000000001,54.0,8,1,1.0,30.0,0.14814814814814814,1
16295,10,4,1328.55,332.1375,210.25,70,55,13.75,2.181818181818182,0.08323424494649227,0
16296,626,4,1313.67,328.4175,161.25,56,96,24.0,1.25,0.08682170542635659,1
16297,269,1,301.9,301.9,206.0,20,1,1.0,30.0,0.0970873786407767,1
16298,23,7,1085.7,155.1,44.0,32,420,60.0,0.5,0.1038961038961039,0
16299,477,1,193.65,193.65,107.0,12,1,1.0,30.0,0.11214953271028037,1
16300,430,3,1367.32,455.7733333333333,214.33333333333334,190,246,82.0,0.3658536585365854,0.2954898911353033,1
16301,737,1,107.33,107.33,41.0,6,1,1.0,30.0,0.14634146341463414,1
16302,127,1,233.22,233.22,158.0,11,1,1.0,30.0,0.06962025316455696,1
16303,26,7,7928.27,1132.6100000000001,551.2857142857143,156,606,86.57142857142857,0.34653465346534656,0.04042498056491319,0
16304,695,1,381.66,381.66,228.0,25,1,1.0,30.0,0.10964912280701754,1
16305,139,1,361.21999999999997,361.21999999999997,256.0,22,1,1.0,30.0,0.0859375,1
16306,214,7,1124.72,160.67428571428573,101.71428571428571,55,222,31.714285714285715,0.9459459459459459,0.07724719101123595,1
16307,429,3,1194.92,398.3066666666667,374.3333333333333,69,148,49.333333333333336,0.6081081081081081,0.06144256455921639,1
16308,38,7,5120.0,731.4285714285714,2285.714285714286,1,687,98.14285714285714,0.30567685589519655,6.25e-05,0
16309,106,2,706.57,353.285,233.5,39,135,67.5,0.4444444444444444,0.0835117773019272,1
16310,414,2,460.08,230.04,135.0,26,228,114.0,0.2631578947368421,0.0962962962962963,1
16311,18,2,616.26,308.13,197.0,35,32,16.0,1.875,0.08883248730964467,0
16312,432,1,171.15,171.15,53.0,10,1,1.0,30.0,0.18867924528301888,1
16313,3,2,274.15000000000003,137.07500000000002,82.5,16,47,23.5,1.2765957446808511,0.09696969696969697,0
16314,390,3,1491.4,497.1333333333334,212.0,58,84,28.0,1.0714285714285714,0.09119496855345911,1
16315,331,2,402.71,201.355,71.5,21,206,103.0,0.29126213592233013,0.14685314685314685,1
16316,64,13,5744.91,441.91615384615386,235.15384615384616,193,429,33.0,0.9090909090909091,0.06313379129865881,0
16317,120,5,2192.51,438.50200000000007,247.2,103,466,93.2,0.3218884120171674,0.08333333333333333,1
16318,35,1,328.15,328.15,199.0,19,1,1.0,30.0,0.09547738693467336,0
16319,218,1,404.40000000000003,404.40000000000003,72.0,3,1,1.0,30.0,0.041666666666666664,1
16320,172,6,5628.99,938.165,553.1666666666666,193,510,85.0,0.35294117647058826,0.05815004519433564,1
16321,72,7,604.5500000000001,86.36428571428573,37.0,15,667,95.28571428571429,0.31484257871064464,0.05791505791505792,0
16322,1,2,326.75,163.375,115.5,28,36,18.0,1.6666666666666667,0.12121212121212122,0
16323,196,2,353.66,176.83,73.0,4,382,191.0,0.15706806282722513,0.0273972602739726,1
16324,128,3,408.59000000000003,136.1966666666667,90.0,100,49,16.333333333333332,1.836734693877551,0.37037037037037035,1
16325,47,12,3597.5,299.7916666666667,205.33333333333334,104,689,57.416666666666664,0.5224963715529753,0.04220779220779221,0
16326,6,24,4721.25,196.71875,45.125,243,675,28.125,1.0666666666666667,0.22437673130193905,0
16327,14,16,10159.64,634.9775,507.75,289,712,44.5,0.6741573033707865,0.035573609059576565,0
16328,563,1,310.83,310.83,141.0,16,1,1.0,30.0,0.11347517730496454,1
16329,428,4,1664.92,416.23,199.25,83,312,78.0,0.3846153846153846,0.10414052697616061,1
16330,18,7,625.38,89.34,46.57142857142857,105,645,92.14285714285714,0.32558139534883723,0.3220858895705521,0
16331,432,6,2037.7,339.6166666666667,126.0,33,211,35.166666666666664,0.8530805687203792,0.04365079365079365,1
16332,28,11,2000.01,181.8190909090909,102.54545454545455,158,562,51.09090909090909,0.5871886120996441,0.1400709219858156,0
16333,8,22,26626.8,1210.3090909090909,1462.909090909091,9,303,13.772727272727273,2.1782178217821784,0.0002796420581655481,0
16334,492,1,263.73,263.73,206.0,54,1,1.0,30.0,0.2621359223300971,1
16335,552,7,2753.52,393.36,143.42857142857142,193,185,26.428571428571427,1.135135135135135,0.19223107569721115,1
16336,421,4,3517.69,879.4225,368.25,64,212,53.0,0.5660377358490566,0.04344874405974202,1
16337,37,1,151.05,151.05,87.0,10,1,1.0,30.0,0.11494252873563218,0
16338,157,1,214.79999999999998,214.79999999999998,94.0,11,1,1.0,30.0,0.11702127659574468,1
16339,284,1,94.05,94.05,21.0,17,1,1.0,30.0,0.8095238095238095,1
16340,107,3,1496.24,498.74666666666667,439.6666666666667,277,445,148.33333333333334,0.20224719101123595,0.2100075815011372,1
16341,25,7,3850.79,550.1128571428571,431.7142857142857,103,585,83.57142857142857,0.358974358974359,0.034083388484447384,0
16342,75,4,322.41,80.6025,39.25,10,105,26.25,1.1428571428571428,0.06369426751592357,0
16343,16,3,614.12,204.70666666666668,115.0,54,392,130.66666666666666,0.22959183673469388,0.1565217391304348,0
16344,158,4,842.42,210.605,176.5,43,511,127.75,0.23483365949119372,0.060906515580736544,1
16345,44,2,1178.79,589.395,305.5,95,439,219.5,0.1366742596810934,0.15548281505728315,0
16346,385,1,224.51,224.51,289.0,15,1,1.0,30.0,0.05190311418685121,1
16347,11,11,3442.96,312.99636363636364,155.9090909090909,209,627,57.0,0.5263157894736843,0.12186588921282798,0
16348,32,8,1744.42,218.0525,145.5,180,399,49.875,0.6015037593984962,0.15463917525773196,0
16349,291,1,53.5,53.5,9.0,9,1,1.0,30.0,1.0,1
16350,21,9,2253.89,250.4322222222222,119.66666666666667,72,407,45.22222222222222,0.6633906633906634,0.06685236768802229,0
16351,333,13,3330.0299999999997,256.1561538461538,166.53846153846155,124,403,31.0,0.967741935483871,0.057274826789838335,1
16352,18,2,494.44,247.22,150.0,28,21,10.5,2.857142857142857,0.09333333333333334,0
16353,4,38,9795.460000000001,257.77526315789476,91.65789473684211,76,729,19.18421052631579,1.5637860082304527,0.021820269882285387,0
16354,63,5,1119.46,223.892,118.4,116,529,105.8,0.2835538752362949,0.19594594594594594,0
16355,375,1,416.35,416.35,179.0,47,1,1.0,30.0,0.26256983240223464,1
16356,198,6,415.87,69.31166666666667,31.666666666666668,27,355,59.166666666666664,0.5070422535211268,0.14210526315789473,1
16357,33,4,868.37,217.0925,97.25,43,348,87.0,0.3448275862068966,0.11053984575835475,0
16358,1,5,2919.65,583.9300000000001,413.0,118,394,78.8,0.3807106598984772,0.05714285714285714,0
16359,7,16,2697.75,168.609375,110.25,78,655,40.9375,0.732824427480916,0.04421768707482993,0
16360,5,6,3450.41,575.0683333333333,351.6666666666667,365,84,14.0,2.142857142857143,0.17298578199052134,0
16361,10,4,891.21,222.8025,104.5,87,62,15.5,1.9354838709677418,0.20813397129186603,0
16362,32,6,922.16,153.69333333333333,77.83333333333333,67,406,67.66666666666667,0.4433497536945813,0.14346895074946467,0
16363,53,1,109.36000000000001,109.36000000000001,52.0,5,1,1.0,30.0,0.09615384615384616,0
16364,12,2,705.79,352.895,139.5,48,126,63.0,0.47619047619047616,0.17204301075268819,0
16365,18,15,3167.34,211.156,68.93333333333334,97,711,47.4,0.6329113924050633,0.09381044487427466,0
16366,19,4,1548.1299999999999,387.03249999999997,220.5,74,705,176.25,0.1702127659574468,0.08390022675736962,0
16367,37,3,1350.48,450.16,367.6666666666667,196,346,115.33333333333333,0.26011560693641617,0.17769718948322757,0
16368,2,3,621.44,207.14666666666668,102.33333333333333,74,434,144.66666666666666,0.2073732718894009,0.24104234527687296,0
16369,18,7,2656.56,379.50857142857143,227.0,115,593,84.71428571428571,0.35413153456998314,0.0723725613593455,0
16370,82,4,1301.91,325.4775,160.0,143,143,35.75,0.8391608391608392,0.2234375,0
16371,449,1,157.2,157.2,108.0,11,1,1.0,30.0,0.10185185185185185,1
16372,33,5,1290.31,258.062,144.4,271,574,114.8,0.2613240418118467,0.37534626038781166,0
16373,382,2,309.49,154.745,59.5,25,30,15.0,2.0,0.21008403361344538,1
16374,66,5,1723.4,344.68,154.2,276,523,104.6,0.28680688336520077,0.35797665369649806,0
16375,470,2,104.0,52.0,37.0,11,1,0.5,60.0,0.14864864864864866,1
16376,9,2,974.96,487.48,345.5,104,9,4.5,6.666666666666667,0.15050651230101303,0
16377,267,2,1308.48,654.24,1464.0,6,351,175.5,0.17094017094017094,0.0020491803278688526,1
16378,247,3,362.95,120.98333333333333,89.0,22,64,21.333333333333332,1.40625,0.08239700374531835,1
16379,4,4,2157.4,539.35,352.5,87,75,18.75,1.6,0.06170212765957447,0
16380,61,1,1743.1499999999999,1743.1499999999999,1428.0,28,1,1.0,30.0,0.0196078431372549,0
16381,396,2,247.85,123.925,54.0,60,23,11.5,2.608695652173913,0.5555555555555556,1
16382,408,2,353.1,176.55,83.5,42,143,71.5,0.4195804195804196,0.25149700598802394,1
16383,75,7,2896.69,413.8128571428571,228.0,239,599,85.57142857142857,0.3505843071786311,0.14974937343358397,0
16384,90,4,1358.95,339.7375,215.25,80,501,125.25,0.23952095808383234,0.09291521486643438,0
16385,60,5,881.35,176.27,95.2,94,572,114.4,0.26223776223776224,0.19747899159663865,0
16386,29,3,1068.16,356.05333333333334,233.33333333333334,127,360,120.0,0.25,0.18142857142857144,0
16387,323,5,882.46,176.49200000000002,89.6,68,316,63.2,0.4746835443037975,0.15178571428571427,1
16388,654,1,186.05,186.05,83.0,13,1,1.0,30.0,0.1566265060240964,1
16389,53,4,1382.07,345.5175,310.5,33,230,57.5,0.5217391304347826,0.026570048309178744,0
16390,537,3,467.5,155.83333333333334,40.666666666666664,16,143,47.666666666666664,0.6293706293706294,0.13114754098360656,1
16391,401,4,1052.26,263.065,178.75,261,162,40.5,0.7407407407407407,0.365034965034965,1
16392,270,3,756.7,252.23333333333335,201.33333333333334,125,293,97.66666666666667,0.3071672354948805,0.20695364238410596,1
16393,2,23,5297.77,230.33782608695654,130.47826086956522,313,737,32.04347826086956,0.9362279511533242,0.10429856714428523,0
16394,57,5,1555.34,311.068,520.8,61,233,46.6,0.6437768240343348,0.023425499231950846,0
16395,61,14,3518.41,251.315,207.21428571428572,416,674,48.142857142857146,0.6231454005934719,0.14339882799034814,0
16396,476,1,137.8,137.8,80.0,8,1,1.0,30.0,0.1,1
16397,628,1,123.13,123.13,43.0,9,1,1.0,30.0,0.20930232558139536,1
16398,154,2,1705.8,852.9,379.0,75,100,50.0,0.6,0.09894459102902374,1
16399,19,3,630.22,210.07333333333335,150.66666666666666,97,371,123.66666666666667,0.2425876010781671,0.21460176991150443,0
16400,95,9,3059.85,339.98333333333335,229.55555555555554,214,637,70.77777777777777,0.423861852433281,0.10358180058083252,1
16401,1,23,6849.15,297.7891304347826,262.39130434782606,110,555,24.130434782608695,1.2432432432432432,0.018227009113504555,0
16402,265,2,293.45,146.725,73.0,55,105,52.5,0.5714285714285714,0.3767123287671233,1
16403,312,1,177.5,177.5,114.0,10,1,1.0,30.0,0.08771929824561403,1
16404,70,1,443.05,443.05,157.0,23,1,1.0,30.0,0.1464968152866242,0
16405,302,2,167.25,83.625,93.5,3,8,4.0,7.5,0.016042780748663103,1
16406,19,3,528.36,176.12,85.66666666666667,135,636,212.0,0.14150943396226415,0.5252918287937743,0
16407,13,14,2761.65,197.2607142857143,103.42857142857143,120,420,30.0,1.0,0.08287292817679558,0
16408,591,1,231.93,231.93,227.0,45,1,1.0,30.0,0.19823788546255505,1
16409,36,12,5652.74,471.06166666666667,305.3333333333333,335,691,57.583333333333336,0.5209840810419681,0.09143013100436681,0
16410,734,1,130.32,130.32,348.0,5,1,1.0,30.0,0.014367816091954023,1
16411,19,4,756.39,189.0975,115.25,139,409,102.25,0.293398533007335,0.30151843817787416,0
16412,54,5,593.19,118.638,57.6,84,620,124.0,0.24193548387096772,0.2916666666666667,0
16413,57,2,522.03,261.015,141.5,55,319,159.5,0.18808777429467086,0.19434628975265017,0
16414,22,5,551.21,110.242,40.2,58,673,134.6,0.22288261515601782,0.2885572139303483,0
16415,44,3,696.76,232.25333333333333,169.33333333333334,120,633,211.0,0.14218009478672985,0.23622047244094488,0
16416,27,9,2957.88,328.65333333333336,244.22222222222223,146,629,69.88888888888889,0.4292527821939587,0.06642402183803457,0
16417,493,1,35.7,35.7,6.0,1,1,1.0,30.0,0.16666666666666666,1
16418,45,5,1028.74,205.748,112.8,121,379,75.8,0.395778364116095,0.21453900709219859,0
16419,113,8,1463.7,182.9625,87.625,62,556,69.5,0.4316546762589928,0.0884450784593438,1
16420,396,1,75.0,75.0,120.0,2,1,1.0,30.0,0.016666666666666666,1
16421,376,3,526.27,175.42333333333332,41.0,35,94,31.333333333333332,0.9574468085106383,0.2845528455284553,1
16422,17,109,61920.87,568.081376146789,589.2201834862385,111,680,6.238532110091743,4.8088235294117645,0.001728298949007396,0
16423,25,1,346.12,346.12,230.0,18,1,1.0,30.0,0.0782608695652174,0
16424,191,2,443.06,221.53,106.0,10,192,96.0,0.3125,0.04716981132075472,1
16425,302,1,302.7,302.7,199.0,21,1,1.0,30.0,0.10552763819095477,1
16426,2,10,1863.76,186.376,121.5,211,274,27.4,1.094890510948905,0.17366255144032922,0
16427,263,2,241.06,120.53,78.0,8,22,11.0,2.7272727272727275,0.05128205128205128,1
16428,414,3,638.49,212.83,191.66666666666666,121,85,28.333333333333332,1.0588235294117647,0.21043478260869566,1
16429,106,1,284.55,284.55,9.0,2,1,1.0,30.0,0.2222222222222222,1
16430,57,7,1117.94,159.7057142857143,43.857142857142854,19,625,89.28571428571429,0.336,0.06188925081433225,0
16431,213,3,623.28,207.76,147.33333333333334,51,85,28.333333333333332,1.0588235294117647,0.11538461538461539,1
16432,64,1,287.4,287.4,276.0,8,1,1.0,30.0,0.028985507246376812,0
16433,28,2,384.52,192.26,107.0,33,381,190.5,0.15748031496062992,0.1542056074766355,0
16434,29,12,2673.69,222.8075,109.16666666666667,126,662,55.166666666666664,0.5438066465256798,0.09618320610687023,0
16435,512,3,1003.0699999999999,334.3566666666666,202.66666666666666,119,3,1.0,30.0,0.19572368421052633,1
16436,668,3,319.14,106.38,75.66666666666667,37,65,21.666666666666668,1.3846153846153848,0.16299559471365638,1
16437,381,2,301.25,150.625,98.5,17,49,24.5,1.2244897959183674,0.08629441624365482,1
16438,6,5,798.35,159.67000000000002,92.6,74,77,15.4,1.9480519480519478,0.15982721382289417,0
16439,722,1,310.70000000000005,310.70000000000005,74.0,9,1,1.0,30.0,0.12162162162162163,1
16440,8,6,3856.9700000000003,642.8283333333334,351.3333333333333,202,487,81.16666666666667,0.36960985626283366,0.09582542694497154,0
16441,67,5,1019.13,203.826,95.6,67,560,112.0,0.26785714285714285,0.1401673640167364,0
16442,2,5,891.98,178.39600000000002,116.0,226,726,145.2,0.2066115702479339,0.3896551724137931,0
16443,521,1,162.24,162.24,96.0,1,1,1.0,30.0,0.010416666666666666,1
16444,46,17,3625.88,213.2870588235294,114.41176470588235,217,579,34.05882352941177,0.8808290155440415,0.11156812339331619,0
16445,34,4,583.16,145.79,71.75,143,378,94.5,0.31746031746031744,0.49825783972125437,0
16446,1,2,168472.5,84236.25,40498.5,3,205,102.5,0.29268292682926833,3.7038408829956664e-05,0
16447,136,3,727.1,242.36666666666667,105.0,59,525,175.0,0.17142857142857143,0.1873015873015873,1
16448,198,2,361.12,180.56,88.0,45,273,136.5,0.21978021978021978,0.2556818181818182,1
16449,198,2,707.69,353.845,183.5,40,83,41.5,0.7228915662650602,0.10899182561307902,1
16450,150,3,1505.73,501.91,227.0,36,507,169.0,0.1775147928994083,0.05286343612334802,1
16451,88,3,1013.15,337.71666666666664,174.66666666666666,61,648,216.0,0.13888888888888887,0.11641221374045801,0
16452,631,2,332.17,166.085,99.5,14,64,32.0,0.9375,0.07035175879396985,1
16453,531,2,251.71,125.855,69.5,15,18,9.0,3.3333333333333335,0.1079136690647482,1
16454,45,4,30.950000000000003,7.737500000000001,2.25,4,567,141.75,0.21164021164021166,0.4444444444444444,0
16455,64,11,3995.57,363.2336363636364,259.1818181818182,111,557,50.63636363636363,0.59245960502693,0.038933707471062784,0
16456,99,13,6000.94,461.6107692307692,253.53846153846155,226,522,40.15384615384615,0.7471264367816093,0.06856796116504854,1
16457,218,1,208.36,208.36,140.0,9,1,1.0,30.0,0.06428571428571428,1
16458,3,30,5690.89,189.69633333333334,113.16666666666667,91,560,18.666666666666668,1.607142857142857,0.026804123711340205,0
16459,730,1,71.78999999999999,71.78999999999999,59.0,5,1,1.0,30.0,0.0847457627118644,1
16460,28,3,811.23,270.41,292.0,128,54,18.0,1.6666666666666665,0.1461187214611872,0
16461,178,3,1545.83,515.2766666666666,311.0,223,469,156.33333333333334,0.19189765458422176,0.2390139335476956,1
16462,74,3,136.0,45.333333333333336,5.333333333333333,1,211,70.33333333333333,0.4265402843601896,0.0625,0
16463,21,4,1422.4,355.6,290.75,74,183,45.75,0.6557377049180328,0.06362854686156492,0
16464,20,3,1298.66,432.8866666666667,317.3333333333333,152,123,41.0,0.7317073170731708,0.15966386554621848,0
16465,421,2,746.24,373.12,252.0,45,24,12.0,2.5,0.08928571428571429,1
16466,34,15,3767.09,251.13933333333335,118.46666666666667,207,609,40.6,0.7389162561576355,0.11648846370287,0
16467,509,7,2869.16,409.88,1054.857142857143,14,229,32.714285714285715,0.9170305676855894,0.001895991332611051,1
16468,74,3,787.52,262.50666666666666,123.66666666666667,38,408,136.0,0.22058823529411764,0.10242587601078167,0
16469,24,5,803.9,160.78,66.4,167,491,98.2,0.30549898167006106,0.5030120481927711,0
16470,52,11,2416.85,219.71363636363637,121.36363636363636,286,677,61.54545454545455,0.4874446085672083,0.21423220973782772,0
16471,275,4,1189.98,297.495,167.5,48,378,94.5,0.31746031746031744,0.07164179104477612,1
16472,434,2,789.6,394.8,126.0,39,164,82.0,0.36585365853658536,0.15476190476190477,1
16473,165,4,470.83,117.7075,74.0,26,210,52.5,0.5714285714285714,0.08783783783783784,1
16474,7,7,1810.65,258.6642857142857,129.85714285714286,237,138,19.714285714285715,1.5217391304347827,0.2607260726072607,0
16475,88,4,544.3,136.075,79.75,23,186,46.5,0.6451612903225806,0.07210031347962383,0
16476,432,1,350.35,350.35,187.0,24,1,1.0,30.0,0.12834224598930483,1
16477,64,11,4094.37,372.2154545454545,227.9090909090909,177,422,38.36363636363637,0.7819905213270142,0.07060231352213801,0
16478,25,3,331.0,110.33333333333333,74.66666666666667,15,41,13.666666666666666,2.1951219512195124,0.06696428571428571,0
16479,10,2,300.83,150.415,51.0,35,1,0.5,60.0,0.3431372549019608,0
16480,76,1,769.29,769.29,455.0,51,1,1.0,30.0,0.11208791208791209,0
16481,682,1,453.38,453.38,201.0,16,1,1.0,30.0,0.07960199004975124,1
16482,16,1,220.62,220.62,346.0,18,1,1.0,30.0,0.05202312138728324,0
16483,192,1,139.35,139.35,44.0,19,1,1.0,30.0,0.4318181818181818,1
16484,174,2,404.3,202.15,100.0,25,18,9.0,3.3333333333333335,0.125,1
16485,77,5,2287.19,457.438,230.6,126,657,131.4,0.22831050228310504,0.10928013876843018,0
16486,538,1,134.36,134.36,24.0,7,1,1.0,30.0,0.2916666666666667,1
16487,577,2,209.4,104.7,81.5,28,82,41.0,0.7317073170731707,0.17177914110429449,1
16488,33,3,498.8,166.26666666666668,242.66666666666666,28,116,38.666666666666664,0.7758620689655172,0.038461538461538464,0
16489,380,2,303.7,151.85,19.0,4,56,28.0,1.0714285714285714,0.10526315789473684,1
16490,436,1,205.41000000000003,205.41000000000003,113.0,13,1,1.0,30.0,0.11504424778761062,1
16491,47,2,1533.16,766.58,530.0,86,367,183.5,0.16348773841961853,0.08113207547169811,0
16492,541,1,385.56,385.56,235.0,23,1,1.0,30.0,0.09787234042553192,1
16493,80,7,2132.09,304.5842857142857,284.0,77,544,77.71428571428571,0.3860294117647059,0.03873239436619718,0
16494,297,1,826.53,826.53,675.0,47,1,1.0,30.0,0.06962962962962962,1
16495,3,3,648.26,216.08666666666667,109.33333333333333,78,273,91.0,0.32967032967032966,0.23780487804878048,0
16496,9,6,2330.77,388.46166666666664,294.0,120,501,83.5,0.3592814371257485,0.06802721088435375,0
16497,50,23,6695.28,291.0991304347826,132.6086956521739,239,687,29.869565217391305,1.0043668122270744,0.07836065573770491,0
16498,161,2,100.97,50.485,22.5,15,1,0.5,60.0,0.3333333333333333,1
16499,360,8,2578.34,322.2925,170.5,104,187,23.375,1.2834224598930482,0.07624633431085044,1
16500,5,9,843.9100000000001,93.76777777777778,42.888888888888886,24,539,59.888888888888886,0.5009276437847867,0.06217616580310881,0
16501,383,1,1191.23,1191.23,628.0,181,1,1.0,30.0,0.28821656050955413,1
16502,620,2,258.55,129.275,110.0,41,1,0.5,60.0,0.18636363636363637,1
16503,107,11,3614.34,328.5763636363636,139.54545454545453,161,430,39.09090909090909,0.7674418604651162,0.10488599348534201,1
16504,25,1,465.88,465.88,510.0,76,1,1.0,30.0,0.14901960784313725,0
16505,32,1,777.6,777.6,576.0,4,1,1.0,30.0,0.006944444444444444,0
16506,20,2,90.30000000000001,45.150000000000006,21.0,3,21,10.5,2.857142857142857,0.07142857142857142,0
16507,572,1,142.71,142.71,111.0,37,1,1.0,30.0,0.3333333333333333,1
16508,630,1,240.95,240.95,103.0,42,1,1.0,30.0,0.4077669902912621,1
16509,297,1,363.7,363.7,64.0,13,1,1.0,30.0,0.203125,1
16510,372,6,1777.5,296.25,155.0,94,320,53.333333333333336,0.5625,0.1010752688172043,1
16511,22,6,1760.49,293.415,128.16666666666666,235,627,104.5,0.28708133971291866,0.305591677503251,0
16513,5,4,874.59,218.6475,101.75,33,39,9.75,3.0769230769230766,0.08108108108108109,0
16515,52,10,3179.06,317.906,157.3,184,489,48.9,0.6134969325153374,0.11697393515575334,0
16516,30,1,101.69999999999999,101.69999999999999,58.0,6,1,1.0,30.0,0.10344827586206896,0
16517,277,1,162.7,162.7,96.0,17,1,1.0,30.0,0.17708333333333334,1
16518,61,4,959.37,239.8425,131.0,61,496,124.0,0.24193548387096772,0.11641221374045801,0
16519,25,4,439.06,109.765,37.5,32,624,156.0,0.1923076923076923,0.21333333333333335,0
16520,186,6,2148.38,358.06333333333333,174.16666666666666,251,461,76.83333333333333,0.39045553145336226,0.24019138755980862,1
16521,415,3,1140.11,380.03666666666663,338.0,212,233,77.66666666666667,0.38626609442060084,0.20907297830374755,1
16522,436,2,433.36,216.68,106.0,16,15,7.5,4.0,0.07547169811320754,1
16523,2,28,11916.33,425.5832142857143,177.82142857142858,180,683,24.392857142857142,1.2298682284040996,0.03615183771841735,0
16524,446,2,306.19,153.095,129.5,50,246,123.0,0.24390243902439027,0.19305019305019305,1
16525,2,48,24151.3,503.15208333333334,300.625,115,736,15.333333333333334,1.9565217391304346,0.00796950796950797,0
16526,172,2,717.21,358.605,139.5,30,413,206.5,0.14527845036319612,0.10752688172043011,1
16527,81,2,1232.94,616.47,354.0,66,344,172.0,0.1744186046511628,0.09322033898305085,0
16528,4,1,244.41,244.41,171.0,17,1,1.0,30.0,0.09941520467836257,0
16529,190,4,1986.8,496.7,184.75,87,341,85.25,0.3519061583577712,0.11772665764546685,1
16530,668,1,48.349999999999994,48.349999999999994,17.0,3,1,1.0,30.0,0.17647058823529413,1
16531,22,11,2298.33,208.9390909090909,169.36363636363637,109,420,38.18181818181818,0.7857142857142857,0.05850778314546431,0
16532,18,5,8756.64,1751.328,508.8,2,604,120.8,0.24834437086092717,0.0007861635220125787,0
16533,19,3,1082.81,360.93666666666667,203.66666666666666,112,49,16.333333333333332,1.836734693877551,0.18330605564648117,0
16534,642,1,635.9,635.9,168.0,36,1,1.0,30.0,0.21428571428571427,1
16535,5,3,972.04,324.0133333333333,221.33333333333334,67,675,225.0,0.13333333333333333,0.10090361445783133,0
16536,110,1,548.12,548.12,250.0,49,1,1.0,30.0,0.196,1
16537,641,1,23.35,23.35,59.0,3,1,1.0,30.0,0.05084745762711865,1
16538,541,3,395.07,131.69,84.66666666666667,35,55,18.333333333333332,1.6363636363636365,0.1377952755905512,1
16539,3,10,3289.66,328.966,101.4,83,530,53.0,0.5660377358490566,0.08185404339250493,0
16540,414,1,205.75,205.75,105.0,25,1,1.0,30.0,0.23809523809523808,1
16541,735,1,424.03,424.03,173.0,38,1,1.0,30.0,0.21965317919075145,1
16542,54,2,257.32,128.66,71.0,13,348,174.0,0.1724137931034483,0.09154929577464789,0
16543,592,1,292.21,292.21,317.0,18,1,1.0,30.0,0.056782334384858045,1
16544,520,4,376.70000000000005,94.17500000000001,37.5,8,143,35.75,0.8391608391608392,0.05333333333333334,1
16545,165,2,689.82,344.91,161.0,6,211,105.5,0.2843601895734597,0.018633540372670808,1
16546,291,5,5307.07,1061.414,842.2,75,152,30.4,0.986842105263158,0.017810496319164093,1
16547,546,1,104.25999999999999,104.25999999999999,108.0,25,1,1.0,30.0,0.23148148148148148,1
16548,599,1,30.15,30.15,6.0,6,1,1.0,30.0,1.0,1
16549,10,34,12781.8,375.93529411764706,208.44117647058823,836,611,17.970588235294116,1.6693944353518821,0.11796246648793565,0
16550,109,18,8813.58,489.6433333333333,300.27777777777777,274,629,34.94444444444444,0.8585055643879174,0.050693802035152634,1
16551,96,7,2237.12,319.5885714285714,296.57142857142856,67,631,90.14285714285714,0.3328050713153724,0.03227360308285164,1
16552,243,2,379.73,189.865,109.5,17,131,65.5,0.45801526717557256,0.0776255707762557,1
16553,163,33,16584.01,502.54575757575753,497.7878787878788,195,503,15.242424242424242,1.9681908548707754,0.011870700675716809,1
16554,42,8,2841.72,355.215,168.25,108,683,85.375,0.3513909224011713,0.08023774145616643,0
16555,35,6,1915.68,319.28000000000003,302.6666666666667,59,471,78.5,0.3821656050955414,0.03248898678414097,0
16556,67,17,8012.58,471.32823529411763,256.05882352941177,280,667,39.23529411764706,0.7646176911544228,0.06432345508844475,0
16557,24,2,281.85,140.925,55.5,11,114,57.0,0.5263157894736842,0.0990990990990991,0
16558,1,38,13304.11,350.10815789473685,205.60526315789474,383,736,19.36842105263158,1.5489130434782608,0.04902086266478945,0
16559,397,1,175.0,175.0,61.0,17,1,1.0,30.0,0.2786885245901639,1
16560,27,8,3048.38,381.0475,200.375,140,705,88.125,0.3404255319148936,0.08733624454148471,0
16561,6,2,511.12,255.56,122.0,29,55,27.5,1.090909090909091,0.11885245901639344,0
16562,477,1,223.85999999999999,223.85999999999999,264.0,34,1,1.0,30.0,0.12878787878787878,1
16563,54,6,4412.56,735.4266666666667,430.6666666666667,55,685,114.16666666666667,0.26277372262773724,0.02128482972136223,0
16564,569,1,87.8,87.8,40.0,5,1,1.0,30.0,0.125,1
16565,364,4,773.05,193.2625,52.75,7,192,48.0,0.625,0.03317535545023697,1
16566,15,5,614.66,122.93199999999999,72.4,14,278,55.6,0.539568345323741,0.03867403314917127,0
16567,194,2,865.6,432.8,498.0,34,143,71.5,0.4195804195804196,0.03413654618473896,1
16568,428,2,1020.9000000000001,510.45000000000005,183.0,5,214,107.0,0.2803738317757009,0.01366120218579235,1
16569,3,5,1455.23,291.046,197.6,27,721,144.2,0.20804438280166435,0.027327935222672066,0
16570,15,20,7434.31,371.7155,214.6,114,605,30.25,0.9917355371900826,0.026561043802423114,0
16571,27,10,4248.74,424.87399999999997,370.3,151,606,60.6,0.49504950495049505,0.0407777477720767,0
16572,127,3,1009.6,336.53333333333336,177.33333333333334,40,149,49.666666666666664,0.6040268456375839,0.07518796992481203,1
16573,85,2,663.61,331.805,180.0,40,206,103.0,0.29126213592233013,0.1111111111111111,0
16574,71,3,1301.78,433.9266666666667,334.0,86,588,196.0,0.1530612244897959,0.08582834331337326,0
16576,420,2,540.87,270.435,161.5,32,102,51.0,0.5882352941176471,0.09907120743034056,1
16577,667,1,380.0,380.0,142.0,23,1,1.0,30.0,0.1619718309859155,1
16578,626,1,156.6,156.6,108.0,9,1,1.0,30.0,0.08333333333333333,1
16579,426,1,295.05,295.05,119.0,14,1,1.0,30.0,0.11764705882352941,1
16581,183,1,105.84,105.84,134.0,9,1,1.0,30.0,0.06716417910447761,1
16582,113,1,313.62,313.62,164.0,6,1,1.0,30.0,0.036585365853658534,1
16583,374,2,297.95,148.975,76.5,18,300,150.0,0.2,0.11764705882352941,1
16584,80,5,3156.17,631.234,382.6,61,582,116.4,0.2577319587628866,0.03188708834291688,0
16585,594,2,341.59,170.795,75.5,16,102,51.0,0.5882352941176471,0.10596026490066225,1
16586,249,3,1462.78,487.5933333333333,116.0,27,387,129.0,0.23255813953488372,0.07758620689655173,1
16587,232,1,225.15,225.15,71.0,13,1,1.0,30.0,0.18309859154929578,1
16588,386,4,1361.28,340.32,220.5,64,189,47.25,0.6349206349206349,0.07256235827664399,1
16589,71,4,612.36,153.09,134.0,39,379,94.75,0.316622691292876,0.07276119402985075,0
16590,401,2,605.9,302.95,120.0,26,14,7.0,4.285714285714286,0.10833333333333334,1
16591,69,1,213.5,213.5,41.0,10,1,1.0,30.0,0.24390243902439024,0
16592,4,28,7807.91,278.8539285714286,196.57142857142858,221,717,25.607142857142858,1.1715481171548119,0.04015261627906977,0
16593,51,8,1071.1399999999999,133.89249999999998,47.125,57,685,85.625,0.35036496350364965,0.15119363395225463,0
16594,75,1,181.09,181.09,64.0,53,1,1.0,30.0,0.828125,0
16595,61,5,1757.75,351.55,266.2,337,631,126.2,0.23771790808240886,0.2531930879038317,0
16596,16,4,458.98,114.745,45.0,23,714,178.5,0.1680672268907563,0.12777777777777777,0
16597,4,1,90.04,90.04,184.0,7,1,1.0,30.0,0.03804347826086957,0
16598,286,1,145.04999999999998,145.04999999999998,73.0,10,1,1.0,30.0,0.136986301369863,1
16599,386,1,172.8,172.8,159.0,12,1,1.0,30.0,0.07547169811320754,1
16600,4,13,2153.41,165.64692307692306,186.15384615384616,106,718,55.23076923076923,0.5431754874651811,0.043801652892561986,0
16601,41,3,677.0,225.66666666666666,130.33333333333334,60,583,194.33333333333334,0.15437392795883362,0.1534526854219949,0
16602,36,2,763.33,381.665,214.5,37,353,176.5,0.16997167138810196,0.08624708624708624,0
16603,75,2,482.47,241.235,240.0,34,17,8.5,3.5294117647058822,0.07083333333333333,0
16604,563,2,432.45,216.225,87.5,10,6,3.0,10.0,0.05714285714285714,1
16605,724,1,60.48,60.48,144.0,1,1,1.0,30.0,0.006944444444444444,1
16606,404,2,357.66,178.83,74.0,16,31,15.5,1.9354838709677418,0.10810810810810811,1
16607,18,25,5706.87,228.2748,177.44,212,572,22.88,1.3111888111888113,0.047790802524797116,0
16608,454,2,1286.6200000000001,643.3100000000001,306.0,94,210,105.0,0.2857142857142857,0.15359477124183007,1
16609,15,7,5493.46,784.78,345.7142857142857,155,238,34.0,0.8823529411764706,0.0640495867768595,0
16610,219,1,75.66,75.66,66.0,6,1,1.0,30.0,0.09090909090909091,1
16611,186,6,1785.13,297.5216666666667,145.66666666666666,86,453,75.5,0.3973509933774835,0.09839816933638444,1
16612,33,9,3245.43,360.6033333333333,157.66666666666666,105,704,78.22222222222223,0.3835227272727273,0.07399577167019028,0
16613,70,1,618.59,618.59,293.0,30,1,1.0,30.0,0.10238907849829351,0
16614,183,3,1179.79,393.2633333333333,116.33333333333333,37,396,132.0,0.2272727272727273,0.10601719197707736,1
16615,626,1,291.5,291.5,211.0,19,1,1.0,30.0,0.09004739336492891,1
16616,15,2,500.42,250.21,185.0,31,143,71.5,0.4195804195804196,0.08378378378378379,0
16617,236,1,151.85,151.85,91.0,5,1,1.0,30.0,0.054945054945054944,1
16618,31,5,2647.59,529.518,272.6,79,292,58.4,0.5136986301369864,0.05796038151137197,0
16619,264,4,1938.33,484.5825,263.75,103,392,98.0,0.30612244897959184,0.0976303317535545,1
16620,4,6,1758.93,293.15500000000003,191.0,78,735,122.5,0.24489795918367346,0.06806282722513089,0
16621,52,4,813.48,203.37,75.5,22,227,56.75,0.5286343612334802,0.0728476821192053,0
16622,544,1,225.4,225.4,44.0,12,1,1.0,30.0,0.2727272727272727,1
16623,246,4,1015.24,253.81,110.5,44,347,86.75,0.345821325648415,0.09954751131221719,1
16624,81,2,810.5699999999999,405.28499999999997,244.0,44,117,58.5,0.5128205128205129,0.09016393442622951,0
16625,275,5,1654.03,330.806,211.4,82,270,54.0,0.5555555555555556,0.07757805108798486,1
16626,1,17,4413.1,259.59411764705885,158.23529411764707,86,266,15.647058823529411,1.9172932330827066,0.03197026022304833,0
16627,79,1,322.8,322.8,162.0,20,1,1.0,30.0,0.12345679012345678,0
16628,30,7,2318.1,331.15714285714284,180.0,84,613,87.57142857142857,0.3425774877650897,0.06666666666666667,0
16629,74,2,408.63,204.315,244.5,58,23,11.5,2.608695652173913,0.11860940695296524,0
16630,407,1,106.80000000000001,106.80000000000001,72.0,4,1,1.0,30.0,0.05555555555555555,1
16631,482,7,1892.52,270.36,110.71428571428571,46,171,24.428571428571427,1.2280701754385965,0.05935483870967742,1
16632,486,2,406.4,203.2,128.0,22,96,48.0,0.625,0.0859375,1
16633,17,6,2883.1,480.51666666666665,189.66666666666666,115,217,36.166666666666664,0.8294930875576036,0.10105448154657294,0
16634,223,6,1649.81,274.9683333333333,209.5,72,466,77.66666666666667,0.38626609442060084,0.057279236276849645,1
16635,407,1,473.0,473.0,277.0,25,1,1.0,30.0,0.09025270758122744,1
16636,438,4,3802.04,950.51,546.5,62,208,52.0,0.5769230769230769,0.028362305580969808,1
16637,32,4,1154.47,288.6175,231.75,66,194,48.5,0.6185567010309279,0.07119741100323625,0
16638,23,15,2380.13,158.67533333333333,108.46666666666667,130,456,30.4,0.986842105263158,0.07990165949600492,0
16639,31,4,1747.98,436.995,187.75,76,378,94.5,0.31746031746031744,0.10119840213049268,0
16640,398,1,179.4,179.4,146.0,13,1,1.0,30.0,0.08904109589041095,1
16641,106,2,554.5,277.25,227.0,36,597,298.5,0.10050251256281408,0.07929515418502203,1
16642,5,3,1077.45,359.15000000000003,258.3333333333333,50,411,137.0,0.21897810218978103,0.06451612903225806,0
16643,246,2,923.11,461.555,276.5,48,177,88.5,0.3389830508474576,0.0867992766726944,1
16644,178,2,833.78,416.89,413.0,62,35,17.5,1.7142857142857142,0.07506053268765134,1
16645,736,1,160.39,160.39,117.0,14,1,1.0,30.0,0.11965811965811966,1
16646,449,1,678.8,678.8,1072.0,29,1,1.0,30.0,0.027052238805970148,1
16647,170,4,541.9,135.475,99.0,28,375,93.75,0.32,0.0707070707070707,1
16648,43,3,672.8,224.26666666666665,167.66666666666666,37,548,182.66666666666666,0.1642335766423358,0.073558648111332,0
16649,520,1,306.58000000000004,306.58000000000004,82.0,20,1,1.0,30.0,0.24390243902439024,1
16650,72,7,1916.11,273.72999999999996,215.85714285714286,71,448,64.0,0.46875,0.04698874917273329,0
16651,587,1,136.2,136.2,60.0,6,1,1.0,30.0,0.1,1
16652,59,16,17550.39,1096.899375,467.3125,124,574,35.875,0.8362369337979094,0.016584191520663368,0
16653,16,2,1212.66,606.33,366.5,67,56,28.0,1.0714285714285714,0.09140518417462483,0
16654,141,8,1484.07,185.50875,80.0,64,472,59.0,0.5084745762711864,0.1,1
16655,18,13,6423.26,494.0969230769231,302.9230769230769,408,660,50.76923076923077,0.5909090909090909,0.10360589131538853,0
16656,22,30,16833.170000000002,561.1056666666667,514.4333333333333,22,714,23.8,1.2605042016806722,0.0014255167498218105,0
16657,10,4,874.43,218.6075,282.5,158,245,61.25,0.489795918367347,0.13982300884955753,0
16658,368,6,690.83,115.13833333333334,46.166666666666664,49,251,41.833333333333336,0.7171314741035856,0.17689530685920576,1
16659,189,1,39.12,39.12,72.0,2,1,1.0,30.0,0.027777777777777776,1
16660,16,7,1879.55,268.50714285714287,141.57142857142858,20,679,97.0,0.30927835051546393,0.020181634712411706,0
16661,540,4,932.76,233.19,91.0,50,182,45.5,0.6593406593406593,0.13736263736263737,1
16662,394,1,151.05,151.05,35.0,28,1,1.0,30.0,0.8,1
16663,729,1,165.0,165.0,100.0,1,1,1.0,30.0,0.01,1
16664,569,1,109.2,109.2,24.0,8,1,1.0,30.0,0.3333333333333333,1
16665,362,1,135.39999999999998,135.39999999999998,59.0,9,1,1.0,30.0,0.15254237288135594,1
16666,19,2,217.71,108.855,177.0,42,602,301.0,0.09966777408637874,0.11864406779661017,0
16667,68,2,567.1800000000001,283.59000000000003,118.0,52,217,108.5,0.2764976958525346,0.22033898305084745,0
16668,15,13,862.42,66.34,59.46153846153846,28,616,47.38461538461539,0.6331168831168831,0.03622250970245795,0
16669,24,3,1348.88,449.6266666666667,293.6666666666667,141,55,18.333333333333332,1.6363636363636365,0.16004540295119182,0
16670,17,20,8030.150000000001,401.50750000000005,226.7,258,713,35.65,0.841514726507714,0.05690339655932951,0
16671,28,3,1692.27,564.09,291.6666666666667,3,137,45.666666666666664,0.6569343065693432,0.0034285714285714284,0
16672,2,20,8134.9400000000005,406.747,141.6,22,265,13.25,2.2641509433962264,0.007768361581920904,0
16673,679,1,171.13,171.13,95.0,19,1,1.0,30.0,0.2,1
16674,55,2,304.24,152.12,90.5,89,44,22.0,1.3636363636363638,0.49171270718232046,0
16675,442,2,608.86,304.43,148.0,21,37,18.5,1.6216216216216215,0.07094594594594594,1
16676,34,6,2361.9,393.65000000000003,154.5,106,385,64.16666666666667,0.4675324675324675,0.11434735706580366,0
16677,411,2,880.62,440.31,228.5,45,241,120.5,0.24896265560165975,0.09846827133479212,1
16678,3,12,3109.99,259.1658333333333,199.75,92,281,23.416666666666668,1.281138790035587,0.03838130997079683,0
16679,366,3,663.31,221.10333333333332,82.33333333333333,15,181,60.333333333333336,0.4972375690607735,0.06072874493927125,1
16680,43,3,821.45,273.81666666666666,125.66666666666667,24,492,164.0,0.1829268292682927,0.0636604774535809,0
16681,73,7,1921.84,274.5485714285714,213.14285714285714,22,569,81.28571428571429,0.3690685413005273,0.014745308310991957,0
16682,5,5,1028.0,205.6,208.0,15,184,36.8,0.8152173913043478,0.014423076923076924,0
16683,534,1,320.25,320.25,190.0,18,1,1.0,30.0,0.09473684210526316,1
16684,4,55,147142.77,2675.3230909090908,1905.6363636363637,184,729,13.254545454545454,2.263374485596708,0.0017555576757942945,0
16685,61,2,324.24,162.12,198.0,60,1,0.5,60.0,0.15151515151515152,0
16686,47,16,4881.07,305.066875,213.6875,549,686,42.875,0.6997084548104956,0.16057326703714536,0
16687,391,1,157.63,157.63,141.0,8,1,1.0,30.0,0.05673758865248227,1
16688,1,4,1260.86,315.215,201.0,52,60,15.0,2.0,0.06467661691542288,0
16689,76,2,422.59999999999997,211.29999999999998,165.0,12,7,3.5,8.571428571428571,0.03636363636363636,0
16690,72,4,353.03,88.2575,52.25,12,380,95.0,0.31578947368421056,0.05741626794258373,0
16691,418,2,178.83,89.415,46.0,11,144,72.0,0.4166666666666667,0.11956521739130435,1
16692,256,4,1914.6999999999998,478.67499999999995,219.5,3,186,46.5,0.6451612903225806,0.003416856492027335,1
16693,69,5,1179.48,235.89600000000002,131.6,149,588,117.6,0.25510204081632654,0.22644376899696048,0
16694,723,1,98.30000000000001,98.30000000000001,26.0,3,1,1.0,30.0,0.11538461538461539,1
16695,562,2,191.9,95.95,92.0,30,1,0.5,60.0,0.16304347826086957,1
16696,135,4,657.9000000000001,164.47500000000002,36.5,7,113,28.25,1.0619469026548674,0.04794520547945205,1
16697,241,1,112.75,112.75,27.0,20,1,1.0,30.0,0.7407407407407407,1
16698,227,2,1998.0,999.0,420.0,4,27,13.5,2.2222222222222223,0.004761904761904762,1
16699,380,7,994.6,142.0857142857143,91.42857142857143,51,356,50.857142857142854,0.5898876404494382,0.0796875,1
16700,9,25,8830.77,353.23080000000004,265.76,263,730,29.2,1.0273972602739727,0.03958458759783263,0
16701,9,26,9916.73,381.4126923076923,424.84615384615387,154,730,28.076923076923077,1.0684931506849316,0.01394169835234474,0
16702,415,4,1110.83,277.7075,173.0,84,317,79.25,0.37854889589905366,0.12138728323699421,1
16704,618,2,664.16,332.08,216.5,50,54,27.0,1.1111111111111112,0.11547344110854503,1
16705,1,42,43515.051,1036.072642857143,531.0,400,730,17.38095238095238,1.726027397260274,0.01793561115595014,0
16706,37,3,531.35,177.11666666666667,83.0,108,77,25.666666666666668,1.1688311688311688,0.43373493975903615,0
16707,400,4,533.41,133.3525,99.0,64,240,60.0,0.5,0.16161616161616163,1
16708,46,1,656.63,656.63,285.0,27,1,1.0,30.0,0.09473684210526316,0
16709,85,14,9056.01,646.8578571428571,232.92857142857142,220,646,46.142857142857146,0.6501547987616099,0.06746396810794235,0
16710,19,22,5921.35,269.15227272727276,189.72727272727272,541,717,32.59090909090909,0.9205020920502093,0.12961188308576904,0
16711,3,9,2868.48,318.72,134.66666666666666,26,735,81.66666666666667,0.3673469387755102,0.02145214521452145,0
16712,9,13,4232.87,325.6053846153846,159.53846153846155,301,392,30.153846153846153,0.9948979591836735,0.14513018322082932,0
16713,19,32,14115.56,441.11125,265.0625,541,706,22.0625,1.3597733711048157,0.06378212685687337,0
16714,219,4,1497.33,374.3325,207.0,95,452,113.0,0.26548672566371684,0.11473429951690821,1
16715,78,2,625.52,312.76,587.0,27,485,242.5,0.12371134020618556,0.022998296422487224,0
16716,267,3,2149.6800000000003,716.5600000000001,304.0,7,364,121.33333333333333,0.24725274725274726,0.007675438596491228,1
16717,24,14,6663.68,475.9771428571429,224.64285714285714,274,709,50.642857142857146,0.5923836389280677,0.08712241653418124,0
16718,369,5,3006.08,601.216,384.8,123,364,72.8,0.4120879120879121,0.06392931392931393,1
16719,15,14,3513.62,250.97285714285712,168.28571428571428,204,712,50.857142857142854,0.5898876404494382,0.0865874363327674,0
16720,26,3,758.74,252.91333333333333,153.33333333333334,130,696,232.0,0.12931034482758622,0.2826086956521739,0
16721,262,1,292.47,292.47,172.0,37,1,1.0,30.0,0.21511627906976744,1
16722,17,22,8189.56,372.25272727272727,363.0,145,719,32.68181818181818,0.917941585535466,0.018156774355121464,0
16723,91,4,1231.36,307.84,239.5,108,644,161.0,0.1863354037267081,0.1127348643006263,1
16724,405,1,147.35,147.35,69.0,17,1,1.0,30.0,0.2463768115942029,1
16725,302,14,1688.26,120.59,50.0,242,425,30.357142857142858,0.9882352941176471,0.3457142857142857,1
16726,26,7,2063.88,294.84000000000003,189.0,150,385,55.0,0.5454545454545454,0.11337868480725624,0
16727,364,4,1377.77,344.4425,266.5,158,325,81.25,0.3692307692307692,0.14821763602251406,1
16728,46,4,1048.28,262.07,167.75,218,219,54.75,0.547945205479452,0.32488822652757077,0
16729,38,21,7205.33,343.11095238095237,272.4761904761905,234,204,9.714285714285714,3.088235294117647,0.04089479203075848,0
16730,52,3,743.11,247.70333333333335,331.3333333333333,75,268,89.33333333333333,0.33582089552238803,0.07545271629778671,0
16731,648,1,170.3,170.3,124.0,40,1,1.0,30.0,0.3225806451612903,1
16732,32,4,4387.64,1096.91,603.5,199,700,175.0,0.17142857142857143,0.08243579121789561,0
16733,530,1,259.68,259.68,112.0,12,1,1.0,30.0,0.10714285714285714,1
16734,52,3,646.76,215.58666666666667,115.0,44,62,20.666666666666668,1.4516129032258063,0.12753623188405797,0
16735,79,14,6217.41,444.1007142857143,302.85714285714283,178,654,46.714285714285715,0.6422018348623852,0.041981132075471696,0
16736,506,5,2956.56,591.312,210.0,116,231,46.2,0.6493506493506493,0.11047619047619048,1
16737,53,2,835.1999999999999,417.59999999999997,288.0,1,525,262.5,0.11428571428571428,0.001736111111111111,0
16738,298,1,3.75,3.75,3.0,1,1,1.0,30.0,0.3333333333333333,1
16739,177,2,786.43,393.215,195.5,33,360,180.0,0.16666666666666666,0.08439897698209718,1
16740,395,1,226.91,226.91,110.0,30,1,1.0,30.0,0.2727272727272727,1
16741,625,1,173.06,173.06,81.0,11,1,1.0,30.0,0.13580246913580246,1
16742,47,14,2799.87,199.9907142857143,182.71428571428572,51,677,48.357142857142854,0.620384047267356,0.0199374511336982,0
16743,29,14,4212.15,300.86785714285713,264.7857142857143,118,567,40.5,0.7407407407407408,0.03183166981386566,0
16744,11,7,1291.91,184.55857142857144,114.0,198,162,23.142857142857142,1.2962962962962963,0.24812030075187969,0
16745,87,17,7180.7,422.3941176470588,395.2352941176471,148,226,13.294117647058824,2.256637168141593,0.022027087364191098,0
16746,5,42,18046.75,429.6845238095238,283.3333333333333,390,731,17.404761904761905,1.7236662106703147,0.03277310924369748,0
16747,38,2,836.06,418.03,291.5,34,31,15.5,1.9354838709677418,0.058319039451114926,0
16748,18,14,3637.33,259.8092857142857,151.92857142857142,55,712,50.857142857142854,0.5898876404494382,0.025858015984955338,0
16749,591,2,4157.88,2078.94,955.0,53,133,66.5,0.45112781954887216,0.02774869109947644,1
16750,45,5,623.93,124.78599999999999,42.8,74,188,37.6,0.7978723404255319,0.34579439252336447,0
16751,31,1,1764.72,1764.72,1031.0,24,1,1.0,30.0,0.023278370514064017,0
16752,373,1,207.5,207.5,54.0,9,1,1.0,30.0,0.16666666666666666,1
16753,58,1,223.92000000000002,223.92000000000002,189.0,34,1,1.0,30.0,0.17989417989417988,0
16754,372,29,65500.07,2258.6231034482757,2191.4137931034484,38,270,9.310344827586206,3.2222222222222223,0.0005979449575931142,1
16755,114,7,2864.68,409.23999999999995,283.57142857142856,219,616,88.0,0.3409090909090909,0.11032745591939547,1
16756,215,7,1312.3700000000001,187.48142857142858,101.0,64,426,60.857142857142854,0.49295774647887325,0.09052333804809053,1
16757,319,2,270.48,135.24,90.0,13,91,45.5,0.6593406593406593,0.07222222222222222,1
16758,65,1,369.34000000000003,369.34000000000003,203.0,22,1,1.0,30.0,0.10837438423645321,0
16759,8,3,789.79,263.2633333333333,203.0,40,24,8.0,3.75,0.06568144499178982,0
16760,430,1,228.0,228.0,168.0,17,1,1.0,30.0,0.10119047619047619,1
16761,97,1,316.62,316.62,341.0,13,1,1.0,30.0,0.03812316715542522,1
16762,20,3,1207.24,402.41333333333336,160.0,51,125,41.666666666666664,0.72,0.10625,0
16763,199,2,964.6999999999999,482.34999999999997,246.0,44,540,270.0,0.1111111111111111,0.08943089430894309,1
16764,4,13,2790.9500000000003,214.68846153846155,96.38461538461539,209,140,10.76923076923077,2.7857142857142856,0.16679968076616122,0
16765,294,2,454.75,227.375,155.5,52,89,44.5,0.6741573033707865,0.16720257234726688,1
16766,273,2,1145.6,572.8,268.0,17,1,0.5,60.0,0.03171641791044776,1
16767,31,15,8056.76,537.1173333333334,473.46666666666664,209,560,37.333333333333336,0.8035714285714285,0.02942833004787384,0
16768,48,9,1698.57,188.73,86.0,108,685,76.11111111111111,0.39416058394160586,0.13953488372093023,0
16769,260,4,1117.05,279.2625,73.75,76,466,116.5,0.2575107296137339,0.2576271186440678,1
16770,58,9,1778.93,197.6588888888889,116.88888888888889,202,417,46.333333333333336,0.6474820143884892,0.1920152091254753,0
16771,33,10,3949.6,394.96,230.8,303,698,69.8,0.42979942693409745,0.13128249566724437,0
16772,423,3,3698.0499999999997,1232.6833333333332,229.0,54,299,99.66666666666667,0.3010033444816054,0.07860262008733625,1
16773,57,3,421.24,140.41333333333333,84.0,53,676,225.33333333333334,0.1331360946745562,0.21031746031746032,0
16774,68,8,1567.48,195.935,96.75,89,594,74.25,0.40404040404040403,0.11498708010335917,0
16775,10,16,2820.84,176.3025,59.8125,132,432,27.0,1.1111111111111112,0.13793103448275862,0
16776,60,2,592.51,296.255,217.5,105,356,178.0,0.16853932584269662,0.2413793103448276,0
16777,80,5,1292.18,258.43600000000004,94.0,125,553,110.6,0.27124773960216997,0.26595744680851063,0
16778,74,2,245.94,122.97,97.0,16,200,100.0,0.3,0.08247422680412371,0
16779,2,53,32809.03,619.0383018867924,366.24528301886795,293,735,13.867924528301886,2.163265306122449,0.015094534027098037,0
16780,100,3,596.4,198.79999999999998,117.33333333333333,73,307,102.33333333333333,0.2931596091205212,0.20738636363636365,1
16781,372,2,623.0,311.5,96.0,36,298,149.0,0.20134228187919462,0.1875,1
16782,10,38,9636.12,253.58210526315793,105.97368421052632,575,721,18.973684210526315,1.581137309292649,0.1427861931959275,0
16783,437,1,391.95,391.95,163.0,25,1,1.0,30.0,0.15337423312883436,1
16784,20,5,892.33,178.466,98.8,138,602,120.4,0.24916943521594684,0.2793522267206478,0
16785,410,1,533.78,533.78,313.0,35,1,1.0,30.0,0.11182108626198083,1
16786,394,1,51.839999999999996,51.839999999999996,72.0,1,1,1.0,30.0,0.013888888888888888,1
16787,398,4,1017.53,254.3825,118.0,102,301,75.25,0.39867109634551495,0.21610169491525424,1
16788,123,5,1928.93,385.786,193.0,348,548,109.6,0.2737226277372263,0.3606217616580311,1
16789,8,1,80.8,80.8,32.0,5,1,1.0,30.0,0.15625,0
16790,4,6,1545.6200000000001,257.60333333333335,149.66666666666666,88,35,5.833333333333333,5.142857142857142,0.09799554565701558,0
16791,29,15,3957.63,263.842,123.6,393,708,47.2,0.635593220338983,0.21197411003236247,0
16792,282,5,623.46,124.69200000000001,64.8,90,423,84.6,0.3546099290780142,0.2777777777777778,1
16793,57,1,243.84,243.84,146.0,16,1,1.0,30.0,0.1095890410958904,0
16794,1,15,2052.7,136.84666666666666,105.06666666666666,245,624,41.6,0.7211538461538461,0.15545685279187818,0
16795,365,3,2062.41,687.4699999999999,404.6666666666667,306,319,106.33333333333333,0.2821316614420063,0.25205930807248766,1
16796,89,1,305.62,305.62,186.0,18,1,1.0,30.0,0.0967741935483871,0
16797,393,5,1802.02,360.404,179.6,289,345,69.0,0.43478260869565216,0.321826280623608,1
16798,554,3,841.16,280.38666666666666,68.33333333333333,141,175,58.333333333333336,0.5142857142857143,0.6878048780487804,1
16799,432,2,452.78000000000003,226.39000000000001,81.0,81,22,11.0,2.7272727272727275,0.5,1
16800,11,1,1162.65,1162.65,524.0,148,1,1.0,30.0,0.2824427480916031,0
16801,163,4,1594.23,398.5575,123.25,72,111,27.75,1.081081081081081,0.1460446247464503,1
16802,679,2,582.61,291.305,184.5,48,52,26.0,1.1538461538461537,0.13008130081300814,1
16803,65,1,332.3,332.3,245.0,24,1,1.0,30.0,0.09795918367346938,0
16804,23,3,536.99,178.99666666666667,82.0,59,248,82.66666666666667,0.36290322580645157,0.23983739837398374,0
16805,174,5,1091.34,218.26799999999997,224.0,213,558,111.6,0.26881720430107525,0.19017857142857142,1
16806,103,4,762.16,190.54,89.0,68,136,34.0,0.8823529411764706,0.19101123595505617,1
16807,143,6,2123.88,353.98,238.83333333333334,107,481,80.16666666666667,0.3742203742203742,0.07466852756454989,1
16808,99,2,288.42,144.21,98.0,21,176,88.0,0.34090909090909094,0.10714285714285714,1
16809,23,9,1727.43,191.93666666666667,121.44444444444444,113,583,64.77777777777777,0.4631217838765008,0.10338517840805124,0
16810,192,2,842.0400000000001,421.02000000000004,186.0,34,229,114.5,0.26200873362445415,0.0913978494623656,1
16811,5,2,547.07,273.535,238.5,26,13,6.5,4.615384615384615,0.05450733752620545,0
16812,361,4,2392.0,598.0,279.0,98,22,5.5,5.454545454545455,0.08781362007168458,1
16813,8,10,1652.18,165.21800000000002,150.1,248,197,19.7,1.5228426395939088,0.16522318454363757,0
16814,14,36,11924.85,331.24583333333334,134.55555555555554,247,594,16.5,1.8181818181818181,0.050990916597853014,0
16815,454,2,406.02,203.01,118.5,66,83,41.5,0.7228915662650602,0.27848101265822783,1
16816,103,4,417.06,104.265,68.5,28,255,63.75,0.47058823529411764,0.10218978102189781,1
16817,3,13,2560.7,196.97692307692307,107.76923076923077,107,430,33.07692307692308,0.9069767441860465,0.07637401855817273,0
16818,11,11,3349.57,304.50636363636363,196.72727272727272,172,195,17.727272727272727,1.6923076923076923,0.07948243992606285,0
16819,465,2,182.59,91.295,126.5,17,1,0.5,60.0,0.06719367588932806,1
16820,96,1,497.61,497.61,307.0,26,1,1.0,30.0,0.08469055374592833,1
16821,382,1,113.35,113.35,13.0,7,1,1.0,30.0,0.5384615384615384,1
16822,686,1,181.39,181.39,171.0,11,1,1.0,30.0,0.06432748538011696,1
16823,227,7,2243.09,320.4414285714286,166.57142857142858,149,511,73.0,0.410958904109589,0.12778730703259006,1
16824,16,3,686.24,228.74666666666667,130.0,34,379,126.33333333333333,0.237467018469657,0.08717948717948718,0
16825,39,5,1826.89,365.37800000000004,259.4,48,496,99.2,0.30241935483870963,0.03700848111025443,0
16826,51,1,341.7,341.7,158.0,22,1,1.0,30.0,0.13924050632911392,0
16827,393,5,392.13,78.426,25.0,10,196,39.2,0.7653061224489796,0.08,1
16828,93,2,128.5,64.25,29.5,8,20,10.0,3.0,0.13559322033898305,1
16829,157,2,513.32,256.66,107.5,25,232,116.0,0.25862068965517243,0.11627906976744186,1
16830,39,4,1207.5,301.875,174.75,65,688,172.0,0.1744186046511628,0.09298998569384835,0
16831,565,1,91.8,91.8,48.0,6,1,1.0,30.0,0.125,1
16832,184,5,417.61,83.522,35.8,19,275,55.0,0.5454545454545455,0.10614525139664804,1
16833,1,6,2409.04,401.50666666666666,146.33333333333334,87,622,103.66666666666667,0.28938906752411575,0.09908883826879271,0
16834,228,2,898.96,449.48,380.0,43,447,223.5,0.1342281879194631,0.056578947368421055,1
16835,128,6,1456.66,242.77666666666667,82.66666666666667,58,442,73.66666666666667,0.4072398190045249,0.11693548387096774,1
16836,40,4,782.37,195.5925,134.75,42,535,133.75,0.22429906542056077,0.07792207792207792,0
16837,31,11,3170.98,288.2709090909091,142.0909090909091,123,215,19.545454545454547,1.5348837209302324,0.07869481765834933,0
16838,197,4,1159.61,289.9025,127.25,53,466,116.5,0.2575107296137339,0.10412573673870335,1
16839,9,44,21758.25,494.5056818181818,256.70454545454544,132,658,14.954545454545455,2.0060790273556233,0.011686586985391767,0
16840,603,2,139.85,69.925,58.5,9,72,36.0,0.8333333333333334,0.07692307692307693,1
16841,37,12,4006.06,333.8383333333333,289.8333333333333,187,661,55.083333333333336,0.5446293494704992,0.05376653248993674,0
16842,101,3,1264.19,421.3966666666667,231.0,45,202,67.33333333333333,0.44554455445544555,0.06493506493506493,1
16843,43,35,19571.43,559.1837142857142,528.6285714285714,317,687,19.62857142857143,1.5283842794759825,0.017133282888336397,0
16844,563,2,614.34,307.17,140.5,26,21,10.5,2.857142857142857,0.09252669039145907,1
16845,618,1,253.88,253.88,167.0,20,1,1.0,30.0,0.11976047904191617,1
16846,50,3,842.41,280.80333333333334,172.33333333333334,47,590,196.66666666666666,0.15254237288135591,0.09090909090909091,0
16847,43,2,614.89,307.445,127.5,37,575,287.5,0.10434782608695652,0.1450980392156863,0
16848,53,4,1411.62,352.905,195.0,75,380,95.0,0.31578947368421056,0.09615384615384616,0
16849,187,1,124.57,124.57,33.0,8,1,1.0,30.0,0.24242424242424243,1
16850,334,1,332.41,332.41,249.0,19,1,1.0,30.0,0.07630522088353414,1
16851,4,3,342.45,114.14999999999999,90.33333333333333,17,48,16.0,1.875,0.06273062730627306,0
16852,10,2,144.91000000000003,72.45500000000001,28.0,9,166,83.0,0.3614457831325301,0.16071428571428573,0
16854,417,2,1408.96,704.48,498.5,72,224,112.0,0.26785714285714285,0.07221664994984955,1
16855,24,2,328.4,164.2,82.0,19,20,10.0,3.0,0.11585365853658537,0
16856,15,3,358.49,119.49666666666667,57.0,16,428,142.66666666666666,0.2102803738317757,0.0935672514619883,0
16857,443,1,352.8,352.8,168.0,11,1,1.0,30.0,0.06547619047619048,1
16858,369,10,4292.59,429.259,142.3,75,356,35.6,0.8426966292134831,0.05270555165144062,1
16859,145,7,1932.41,276.05857142857144,271.2857142857143,87,501,71.57142857142857,0.4191616766467066,0.045813586097946286,1
16860,453,3,1610.62,536.8733333333333,208.33333333333334,35,210,70.0,0.42857142857142855,0.056,1
16861,60,5,946.59,189.318,123.2,39,449,89.8,0.33407572383073497,0.0633116883116883,0
16862,547,4,662.33,165.5825,128.25,34,155,38.75,0.7741935483870968,0.06627680311890838,1
16863,31,3,834.27,278.09,213.33333333333334,43,379,126.33333333333333,0.237467018469657,0.0671875,0
16864,434,2,409.25,204.625,141.5,17,165,82.5,0.36363636363636365,0.06007067137809187,1
16865,402,1,130.95,130.95,157.0,15,1,1.0,30.0,0.09554140127388536,1
16866,141,3,207.73999999999998,69.24666666666666,20.0,10,21,7.0,4.285714285714286,0.16666666666666666,1
16867,690,1,76.74000000000001,76.74000000000001,58.0,6,1,1.0,30.0,0.10344827586206896,1
16868,394,3,384.56,128.18666666666667,37.333333333333336,47,200,66.66666666666667,0.44999999999999996,0.41964285714285715,1
16869,23,4,817.12,204.28,145.75,113,153,38.25,0.7843137254901962,0.19382504288164665,0
16870,469,1,450.15999999999997,450.15999999999997,278.0,28,1,1.0,30.0,0.10071942446043165,1
16871,22,6,2812.34,468.72333333333336,208.83333333333334,131,249,41.5,0.7228915662650601,0.10454908220271349,0
16872,77,6,1213.13,202.18833333333336,179.83333333333334,12,386,64.33333333333333,0.46632124352331605,0.011121408711770158,0
16873,5,12,14617.39,1218.1158333333333,716.75,252,664,55.333333333333336,0.5421686746987951,0.029298918730380187,0
16874,379,1,209.89000000000001,209.89000000000001,78.0,31,1,1.0,30.0,0.3974358974358974,1
16875,67,11,4234.53,384.9572727272727,190.8181818181818,161,637,57.90909090909091,0.5180533751962323,0.07670319199618866,0
16876,404,1,136.01,136.01,181.0,32,1,1.0,30.0,0.17679558011049723,1
16877,12,6,846.62,141.10333333333332,76.33333333333333,111,196,32.666666666666664,0.9183673469387755,0.2423580786026201,0
16878,84,1,13.3,13.3,12.0,3,1,1.0,30.0,0.25,0
16880,31,8,1813.21,226.65125,113.0,130,463,57.875,0.5183585313174945,0.14380530973451328,0
16881,67,1,432.0,432.0,600.0,1,1,1.0,30.0,0.0016666666666666668,0
16882,67,3,705.12,235.04,141.33333333333334,39,251,83.66666666666667,0.3585657370517928,0.09198113207547169,0
16883,187,19,2246.06,118.21368421052631,53.473684210526315,159,549,28.894736842105264,1.0382513661202186,0.15649606299212598,1
16884,38,4,1070.97,267.7425,130.0,64,533,133.25,0.22514071294559101,0.12307692307692308,0
16885,15,4,684.6,171.15,89.5,121,371,92.75,0.32345013477088946,0.33798882681564246,0
16886,456,1,134.0,134.0,48.0,8,1,1.0,30.0,0.16666666666666666,1
16887,35,3,658.17,219.39,141.0,94,704,234.66666666666666,0.1278409090909091,0.2222222222222222,0
16888,401,3,434.2,144.73333333333332,48.333333333333336,44,301,100.33333333333333,0.29900332225913623,0.30344827586206896,1
16889,195,6,2526.65,421.10833333333335,268.5,163,372,62.0,0.48387096774193544,0.10117939168218498,1
16890,477,3,285.41,95.13666666666667,81.0,17,106,35.333333333333336,0.8490566037735849,0.06995884773662552,1
16891,2,11,1727.94,157.08545454545455,59.27272727272727,335,734,66.72727272727273,0.449591280653951,0.5138036809815951,0
16892,1,7,754.75,107.82142857142857,52.42857142857143,119,730,104.28571428571429,0.28767123287671237,0.3242506811989101,0
16893,367,2,249.89000000000001,124.94500000000001,58.5,80,10,5.0,6.0,0.6837606837606838,1
16894,502,3,1306.96,435.65333333333336,167.66666666666666,186,34,11.333333333333334,2.6470588235294117,0.3697813121272366,1
16895,65,5,1102.9,220.58,84.2,135,602,120.4,0.24916943521594684,0.32066508313539194,0
16896,555,1,103.95,103.95,18.0,18,1,1.0,30.0,1.0,1
16897,299,2,289.78,144.89,36.5,37,15,7.5,4.0,0.5068493150684932,1
16898,26,5,885.21,177.042,139.0,223,551,110.2,0.27223230490018147,0.320863309352518,0
16899,8,8,1695.77,211.97125,101.375,101,390,48.75,0.6153846153846154,0.12453760789149199,0
16900,17,3,887.11,295.7033333333333,277.6666666666667,78,47,15.666666666666666,1.9148936170212767,0.0936374549819928,0
16901,729,1,204.26,204.26,42.0,23,1,1.0,30.0,0.5476190476190477,1
16902,116,1,1706.88,1706.88,629.0,43,1,1.0,30.0,0.06836248012718601,1
16903,29,3,1041.75,347.25,239.0,148,387,129.0,0.23255813953488372,0.20641562064156208,0
16904,4,21,4675.36,222.63619047619045,124.14285714285714,484,407,19.38095238095238,1.547911547911548,0.18565400843881857,0
16905,5,17,4706.77,276.86882352941177,112.52941176470588,171,724,42.588235294117645,0.7044198895027625,0.08938839519079979,0
16906,82,7,1410.92,201.56,84.28571428571429,180,494,70.57142857142857,0.42510121457489886,0.3050847457627119,0
16907,29,9,1470.89,163.43222222222224,50.111111111111114,109,498,55.333333333333336,0.5421686746987951,0.24168514412416853,0
16908,722,1,252.59,252.59,61.0,20,1,1.0,30.0,0.32786885245901637,1
16909,72,1,379.14,379.14,436.0,18,1,1.0,30.0,0.04128440366972477,0
16910,4,8,1508.96,188.62,110.5,318,87,10.875,2.7586206896551726,0.3597285067873303,0
16911,636,2,255.25,127.625,80.5,30,26,13.0,2.3076923076923075,0.18633540372670807,1
16912,29,15,4460.51,297.36733333333336,112.6,130,702,46.8,0.6410256410256411,0.07696862048549438,0
16913,290,3,423.90999999999997,141.3033333333333,76.33333333333333,18,362,120.66666666666667,0.24861878453038674,0.07860262008733625,1
16914,36,1,183.76,183.76,112.0,25,1,1.0,30.0,0.22321428571428573,0
16915,9,11,1543.18,140.2890909090909,17.272727272727273,54,561,51.0,0.5882352941176471,0.28421052631578947,0
16916,24,4,902.02,225.505,162.25,180,392,98.0,0.30612244897959184,0.2773497688751926,0
16917,277,2,1851.88,925.94,396.0,45,356,178.0,0.16853932584269662,0.056818181818181816,1
16918,50,16,3206.54,200.40875,129.125,280,688,43.0,0.6976744186046512,0.1355275895450145,0
16919,156,24,4909.66,204.56916666666666,97.20833333333333,230,321,13.375,2.2429906542056077,0.09858551221603086,1
16920,411,1,355.45,355.45,81.0,23,1,1.0,30.0,0.2839506172839506,1
16921,61,3,409.21,136.40333333333334,91.66666666666667,78,540,180.0,0.16666666666666666,0.28363636363636363,0
16922,573,1,611.08,611.08,281.0,122,1,1.0,30.0,0.43416370106761565,1
16923,12,32,13157.130000000001,411.16031250000003,193.4375,431,666,20.8125,1.4414414414414416,0.06962843295638126,0
16924,21,3,829.89,276.63,155.66666666666666,69,63,21.0,1.4285714285714286,0.14775160599571735,0
16925,540,1,125.65,125.65,123.0,18,1,1.0,30.0,0.14634146341463414,1
16926,371,5,1169.6100000000001,233.92200000000003,39.4,63,156,31.2,0.9615384615384615,0.3197969543147208,1
16927,116,3,543.05,181.01666666666665,331.0,5,246,82.0,0.3658536585365854,0.005035246727089627,1
16928,80,29,3897.5299999999997,134.39758620689653,89.20689655172414,135,595,20.517241379310345,1.46218487394958,0.052183996907615,0
16929,4,7,1295.39,185.0557142857143,132.71428571428572,51,152,21.714285714285715,1.381578947368421,0.05489773950484392,0
16930,26,3,378.89,126.29666666666667,113.0,47,43,14.333333333333334,2.0930232558139537,0.13864306784660768,0
16931,5,23,5032.22,218.79217391304348,145.95652173913044,466,392,17.043478260869566,1.7602040816326532,0.13881441763479296,0
16932,53,3,412.55,137.51666666666668,72.33333333333333,116,518,172.66666666666666,0.17374517374517376,0.5345622119815668,0
16933,1,9,3099.3,344.3666666666667,170.33333333333334,213,729,81.0,0.37037037037037035,0.13894324853228962,0
16934,55,6,2083.14,347.19,156.0,128,567,94.5,0.3174603174603175,0.13675213675213677,0
16935,382,3,530.86,176.95333333333335,91.0,55,40,13.333333333333334,2.25,0.20146520146520147,1
16936,26,2,548.29,274.145,169.5,122,360,180.0,0.16666666666666666,0.35988200589970504,0
16937,499,1,196.25,196.25,123.0,49,1,1.0,30.0,0.3983739837398374,1
16938,9,9,6995.360000000001,777.2622222222222,560.1111111111111,547,652,72.44444444444444,0.41411042944785276,0.1085102162269391,0
16939,489,3,433.85,144.61666666666667,76.33333333333333,38,161,53.666666666666664,0.5590062111801243,0.16593886462882096,1
16940,52,8,6427.66,803.4575,562.875,360,680,85.0,0.3529411764705882,0.07994670219853431,0
16941,612,1,33.0,33.0,12.0,2,1,1.0,30.0,0.16666666666666666,1
16942,13,9,1904.99,211.66555555555556,89.44444444444444,159,216,24.0,1.25,0.19751552795031055,0
16943,212,5,1299.49,259.898,29.4,24,413,82.6,0.3631961259079903,0.16326530612244897,1
16944,610,1,101.36,101.36,27.0,7,1,1.0,30.0,0.25925925925925924,1
16945,22,33,8548.16,259.0351515151515,178.45454545454547,231,710,21.515151515151516,1.3943661971830985,0.03922567498726439,0
16946,383,5,1222.04,244.408,101.8,69,265,53.0,0.5660377358490566,0.13555992141453832,1
16947,236,5,955.21,191.042,131.0,50,411,82.2,0.36496350364963503,0.07633587786259542,1
16948,139,7,868.77,124.11,298.7142857142857,20,518,74.0,0.40540540540540543,0.009564801530368245,1
16949,4,6,1286.27,214.37833333333333,131.83333333333334,57,313,52.166666666666664,0.5750798722044729,0.07206068268015171,0
16950,57,10,3541.77,354.177,243.2,111,628,62.8,0.47770700636942676,0.04564144736842105,0
16951,135,3,1277.75,425.9166666666667,439.3333333333333,73,170,56.666666666666664,0.5294117647058824,0.05538694992412747,1
16952,109,5,795.83,159.166,68.6,76,619,123.8,0.24232633279483037,0.22157434402332363,1
16953,30,1,20.8,20.8,10.0,1,1,1.0,30.0,0.1,0
16954,1,20,6081.88,304.094,204.3,83,690,34.5,0.8695652173913043,0.020313264806656878,0
16955,185,6,1120.31,186.71833333333333,120.5,33,493,82.16666666666667,0.36511156186612576,0.04564315352697095,1
16956,18,1,308.74,308.74,114.0,16,1,1.0,30.0,0.14035087719298245,0
16957,239,2,416.64,208.32,86.0,15,43,21.5,1.3953488372093024,0.0872093023255814,1
16958,435,1,778.49,778.49,514.0,69,1,1.0,30.0,0.13424124513618677,1
16959,87,1,117.35000000000001,117.35000000000001,49.0,7,1,1.0,30.0,0.14285714285714285,0
16960,39,8,1990.88,248.86,186.5,334,609,76.125,0.3940886699507389,0.22386058981233245,0
16961,116,3,794.56,264.8533333333333,160.66666666666666,52,416,138.66666666666666,0.21634615384615383,0.1078838174273859,1
16962,410,1,251.04,251.04,158.0,15,1,1.0,30.0,0.0949367088607595,1
16963,187,1,110.55000000000001,110.55000000000001,35.0,7,1,1.0,30.0,0.2,1
16964,733,2,207.85,103.925,24.5,6,1,0.5,60.0,0.12244897959183673,1
16965,227,1,201.19,201.19,291.0,26,1,1.0,30.0,0.08934707903780069,1
16966,8,7,2154.97,307.8528571428571,283.0,8,232,33.142857142857146,0.9051724137931034,0.004038364462392731,0
16967,189,1,319.02,319.02,333.0,21,1,1.0,30.0,0.06306306306306306,1
16968,4,2,439.43,219.715,163.0,31,104,52.0,0.5769230769230769,0.0950920245398773,0
16969,39,3,650.41,216.8033333333333,272.0,42,153,51.0,0.5882352941176471,0.051470588235294115,0
16970,626,1,71.4,71.4,12.0,2,1,1.0,30.0,0.16666666666666666,1
16971,38,1,357.21,357.21,72.0,40,1,1.0,30.0,0.5555555555555556,0
16972,383,2,749.0,374.5,91.5,54,74,37.0,0.8108108108108107,0.29508196721311475,1
16973,386,1,127.0,127.0,60.0,6,1,1.0,30.0,0.1,1
16974,523,2,365.5,182.75,35.0,5,42,21.0,1.4285714285714286,0.07142857142857142,1
16975,423,3,926.12,308.70666666666665,195.33333333333334,44,83,27.666666666666668,1.0843373493975903,0.07508532423208192,1
16976,267,1,251.51999999999998,251.51999999999998,88.0,2,1,1.0,30.0,0.022727272727272728,1
16977,395,4,496.0,124.0,35.5,25,237,59.25,0.5063291139240506,0.176056338028169,1
16978,78,3,768.88,256.29333333333335,95.0,65,589,196.33333333333334,0.15280135823429541,0.22807017543859648,0
16979,4,9,2859.74,317.74888888888887,161.22222222222223,82,447,49.666666666666664,0.6040268456375839,0.05651274982770503,0
16980,255,3,1422.8300000000002,474.2766666666667,330.0,91,174,58.0,0.5172413793103449,0.09191919191919191,1
16982,61,1,384.06,384.06,182.0,22,1,1.0,30.0,0.12087912087912088,0
16983,13,11,3490.5299999999997,317.3209090909091,210.45454545454547,151,434,39.45454545454545,0.7603686635944701,0.0652267818574514,0
16984,88,9,10350.53,1150.058888888889,569.6666666666666,669,554,61.55555555555556,0.4873646209386282,0.1304856641310708,0
16985,17,23,10923.16,474.92,134.91304347826087,130,712,30.956521739130434,0.9691011235955056,0.04189494038027715,0
16986,30,11,4888.75,444.4318181818182,230.8181818181818,65,644,58.54545454545455,0.5124223602484472,0.025600630169358016,0
16987,3,11,2521.4,229.21818181818182,61.0,155,735,66.81818181818181,0.4489795918367347,0.23099850968703428,0
16988,5,2,382.67,191.335,79.0,20,375,187.5,0.16,0.12658227848101267,0
16989,7,6,1133.25,188.875,205.5,7,144,24.0,1.25,0.0056772100567721,0
16990,219,2,344.0,172.0,100.0,1,204,102.0,0.29411764705882354,0.005,1
16991,421,1,1041.21,1041.21,793.0,74,1,1.0,30.0,0.09331651954602774,1
16992,11,13,5476.5,421.2692307692308,158.53846153846155,212,656,50.46153846153846,0.5945121951219512,0.10286268801552645,0
16993,464,2,1950.9499999999998,975.4749999999999,142.5,19,113,56.5,0.5309734513274337,0.06666666666666667,1
16996,30,9,2123.61,235.95666666666668,102.11111111111111,32,388,43.111111111111114,0.6958762886597938,0.03482045701849837,0
16997,288,3,702.0,234.0,120.0,7,38,12.666666666666666,2.368421052631579,0.019444444444444445,1
16998,150,5,402.0,80.4,20.8,2,295,59.0,0.5084745762711864,0.019230769230769232,1
16999,23,2,484.82,242.41,147.0,21,51,25.5,1.1764705882352942,0.07142857142857142,0
17000,396,2,406.3,203.15,152.5,26,12,6.0,5.0,0.08524590163934426,1
17001,1,19,6640.8,349.5157894736842,199.05263157894737,108,624,32.8421052631579,0.9134615384615384,0.028556319407720784,0
17002,86,7,2571.55,367.36428571428576,180.71428571428572,64,556,79.42857142857143,0.3776978417266187,0.05059288537549407,0
17003,402,4,828.21,207.0525,123.5,90,177,44.25,0.6779661016949152,0.18218623481781376,1
17004,46,4,2324.36,581.09,308.25,48,378,94.5,0.31746031746031744,0.038929440389294405,0
17005,471,2,622.36,311.18,345.5,14,119,59.5,0.5042016806722689,0.020260492040520984,1
17006,5,8,1635.27,204.40875,71.5,103,640,80.0,0.375,0.18006993006993008,0
17007,51,7,1120.1,160.0142857142857,102.42857142857143,63,387,55.285714285714285,0.5426356589147286,0.08786610878661087,0
17008,429,1,81.36,81.36,24.0,1,1,1.0,30.0,0.041666666666666664,1
17009,551,1,242.06,242.06,336.0,10,1,1.0,30.0,0.02976190476190476,1
17010,18,1,195.36,195.36,118.0,11,1,1.0,30.0,0.09322033898305085,0
17011,30,3,671.7,223.9,264.0,27,622,207.33333333333334,0.14469453376205788,0.03409090909090909,0
17012,725,1,360.61,360.61,251.0,34,1,1.0,30.0,0.13545816733067728,1
17014,8,3,583.4300000000001,194.4766666666667,81.0,63,59,19.666666666666668,1.5254237288135595,0.25925925925925924,0
17015,29,3,1838.6100000000001,612.87,659.3333333333334,182,157,52.333333333333336,0.5732484076433121,0.09201213346814964,0
17016,577,1,552.4,552.4,309.0,41,1,1.0,30.0,0.13268608414239483,1
17017,3,29,12576.99,433.68931034482756,324.0344827586207,120,734,25.310344827586206,1.1852861035422344,0.01277003298925189,0
17018,41,6,2287.7,381.2833333333333,76.0,26,695,115.83333333333333,0.2589928057553957,0.05701754385964912,0
17019,11,11,3602.29,327.4809090909091,217.8181818181818,344,727,66.0909090909091,0.4539202200825309,0.14357262103505844,0
17020,542,2,935.62,467.81,430.0,64,105,52.5,0.5714285714285714,0.07441860465116279,1
17021,442,6,1182.22,197.03666666666666,165.33333333333334,35,147,24.5,1.2244897959183672,0.03528225806451613,1
17022,31,2,260.0,130.0,90.0,16,402,201.0,0.14925373134328357,0.08888888888888889,0
17023,417,3,800.18,266.72666666666663,176.66666666666666,48,281,93.66666666666667,0.32028469750889677,0.09056603773584905,1
17024,45,3,95.85,31.95,23.0,2,113,37.666666666666664,0.7964601769911505,0.028985507246376812,0
17025,61,5,1349.67,269.934,177.0,31,581,116.2,0.25817555938037867,0.03502824858757062,0
17026,185,3,175.82999999999998,58.60999999999999,35.666666666666664,4,232,77.33333333333333,0.3879310344827586,0.037383177570093455,1
17027,79,9,1310.63,145.62555555555556,71.66666666666667,126,652,72.44444444444444,0.41411042944785276,0.19534883720930232,0
17028,581,3,1593.83,531.2766666666666,285.3333333333333,85,141,47.0,0.6382978723404255,0.09929906542056074,1
17029,111,7,2137.3,305.3285714285715,180.71428571428572,19,554,79.14285714285714,0.3790613718411553,0.015019762845849802,1
17030,64,1,146.87,146.87,146.0,11,1,1.0,30.0,0.07534246575342465,0
17031,12,6,2773.85,462.30833333333334,265.8333333333333,34,570,95.0,0.3157894736842105,0.021316614420062698,0
17032,548,8,2984.32,373.04,208.375,183,182,22.75,1.3186813186813187,0.10977804439112178,1
17033,86,4,1332.79,333.1975,217.75,33,312,78.0,0.3846153846153846,0.03788748564867968,0
17034,16,5,1276.42,255.28400000000002,138.8,49,498,99.6,0.3012048192771084,0.07060518731988473,0
17035,246,4,613.59,153.3975,81.75,29,492,123.0,0.24390243902439027,0.08868501529051988,1
17036,383,1,176.9,176.9,76.0,12,1,1.0,30.0,0.15789473684210525,1
17037,88,1,1267.32,1267.32,656.0,75,1,1.0,30.0,0.11432926829268293,0
17038,30,2,743.17,371.585,267.5,61,385,192.5,0.15584415584415584,0.11401869158878504,0
17039,604,1,1954.99,1954.99,689.0,44,1,1.0,30.0,0.06386066763425254,1
17040,138,2,463.25,231.625,94.5,15,413,206.5,0.14527845036319612,0.07936507936507936,1
17041,27,6,1655.2,275.8666666666667,217.16666666666666,93,574,95.66666666666667,0.31358885017421606,0.0713737528779739,0
17042,3,5,1036.58,207.31599999999997,198.0,74,245,49.0,0.6122448979591837,0.07474747474747474,0
17043,32,8,2593.65,324.20625,202.0,175,699,87.375,0.34334763948497854,0.10829207920792079,0
17044,25,12,11962.3,996.8583333333332,476.8333333333333,92,708,59.0,0.5084745762711864,0.016078294302691365,0
17045,113,5,827.6800000000001,165.536,58.8,44,317,63.4,0.47318611987381703,0.14965986394557823,1
17046,157,5,1906.07,381.214,327.2,76,464,92.8,0.3232758620689655,0.04645476772616137,1
17047,85,6,2289.23,381.53833333333336,197.33333333333334,114,647,107.83333333333333,0.2782071097372488,0.09628378378378379,0
17048,118,7,2071.68,295.9542857142857,152.57142857142858,88,573,81.85714285714286,0.36649214659685864,0.08239700374531835,1
17049,3,19,9942.53,523.291052631579,224.89473684210526,316,644,33.89473684210526,0.8850931677018634,0.07395272642171777,0
17050,96,11,4648.59,422.59909090909093,221.0909090909091,193,586,53.27272727272727,0.5631399317406143,0.07935855263157894,1
17051,194,4,706.49,176.6225,126.75,107,434,108.5,0.2764976958525346,0.21104536489151873,1
17052,28,1,399.09,399.09,251.0,72,1,1.0,30.0,0.2868525896414343,0
17053,131,1,498.48,498.48,122.0,13,1,1.0,30.0,0.10655737704918032,1
17054,28,5,1356.33,271.26599999999996,160.8,64,217,43.4,0.6912442396313364,0.07960199004975124,0
17055,446,1,232.85,232.85,83.0,24,1,1.0,30.0,0.2891566265060241,1
17056,738,1,128.60000000000002,128.60000000000002,26.0,8,1,1.0,30.0,0.3076923076923077,1
17057,596,1,294.74,294.74,129.0,48,1,1.0,30.0,0.37209302325581395,1
17058,82,3,1179.89,393.2966666666667,197.33333333333334,51,159,53.0,0.5660377358490566,0.08614864864864864,0
17059,30,9,4864.57,540.5077777777777,345.22222222222223,349,653,72.55555555555556,0.41347626339969373,0.11232700354039266,0
17060,266,1,234.24,234.24,216.0,5,1,1.0,30.0,0.023148148148148147,1
17061,74,11,5232.2300000000005,475.65727272727275,138.72727272727272,57,159,14.454545454545455,2.0754716981132075,0.037352555701179554,0
17062,314,6,889.75,148.29166666666666,107.33333333333333,82,126,21.0,1.4285714285714286,0.12732919254658384,1
17063,21,13,3638.53,279.8869230769231,146.07692307692307,150,718,55.23076923076923,0.5431754874651811,0.07898894154818326,0
17064,59,3,855.45,285.15000000000003,105.33333333333333,53,269,89.66666666666667,0.3345724907063197,0.16772151898734178,0
17065,638,2,194.7,97.35,41.0,6,1,0.5,60.0,0.07317073170731707,1
17066,726,1,228.34,228.34,93.0,17,1,1.0,30.0,0.1827956989247312,1
17067,725,3,454.54,151.51333333333335,107.33333333333333,8,7,2.3333333333333335,12.857142857142858,0.024844720496894408,1
17068,12,47,8987.68,191.2272340425532,92.57446808510639,250,609,12.957446808510639,2.315270935960591,0.05745805561939784,0
17069,28,14,5517.2300000000005,394.08785714285716,230.71428571428572,202,709,50.642857142857146,0.5923836389280677,0.06253869969040247,0
17070,114,2,437.42,218.71,116.0,102,297,148.5,0.20202020202020202,0.4396551724137931,1
17071,28,13,3793.71,291.82384615384615,148.76923076923077,141,657,50.53846153846154,0.5936073059360731,0.07290589451913133,0
17072,625,1,273.35,273.35,212.0,20,1,1.0,30.0,0.09433962264150944,1
17073,18,4,1446.09,361.5225,189.75,142,92,23.0,1.3043478260869565,0.18708827404479578,0
17074,563,1,203.05,203.05,19.0,4,1,1.0,30.0,0.21052631578947367,1
17075,18,10,2236.63,223.663,78.5,153,709,70.9,0.4231311706629055,0.19490445859872613,0
17076,36,6,1242.75,207.125,85.66666666666667,31,700,116.66666666666667,0.2571428571428572,0.06031128404669261,0
17077,578,1,306.0,306.0,36.0,1,1,1.0,30.0,0.027777777777777776,1
17078,36,2,378.2,189.1,394.0,28,1,0.5,60.0,0.03553299492385787,0
17079,78,1,118.80000000000001,118.80000000000001,24.0,2,1,1.0,30.0,0.08333333333333333,0
17080,22,7,957.53,136.79,81.28571428571429,26,504,72.0,0.41666666666666663,0.04569420035149385,0
17081,25,6,949.39,158.23166666666665,63.5,166,630,105.0,0.2857142857142857,0.4356955380577428,0
17082,33,6,4732.03,788.6716666666666,421.0,117,692,115.33333333333333,0.26011560693641617,0.04631828978622328,0
17083,109,9,4049.79,449.9766666666667,217.22222222222223,30,560,62.22222222222222,0.4821428571428571,0.015345268542199489,1
17084,35,3,5001.21,1667.07,1059.3333333333333,263,362,120.66666666666667,0.24861878453038674,0.08275645059786028,0
17085,123,28,7847.67,280.2739285714286,127.96428571428571,411,611,21.821428571428573,1.3747954173486088,0.11470834496232207,1
17086,7,6,2050.08,341.68,309.8333333333333,76,57,9.5,3.1578947368421053,0.04088219472834857,0
17087,738,1,221.53,221.53,113.0,12,1,1.0,30.0,0.10619469026548672,1
17088,28,4,1991.01,497.7525,217.0,96,226,56.5,0.5309734513274337,0.11059907834101383,0
17089,386,1,128.45,128.45,35.0,4,1,1.0,30.0,0.11428571428571428,1
17090,4,13,3080.1800000000003,236.9369230769231,103.38461538461539,54,504,38.76923076923077,0.7738095238095237,0.04017857142857143,0
17091,3,19,7495.75,394.5131578947368,196.42105263157896,242,721,37.94736842105263,0.7905686546463245,0.06484458735262594,0
17092,50,11,5511.41,501.0372727272727,342.54545454545456,273,626,56.90909090909091,0.5271565495207667,0.07245222929936306,0
17093,593,1,235.88,235.88,114.0,13,1,1.0,30.0,0.11403508771929824,1
17094,322,2,402.20000000000005,201.10000000000002,106.0,18,102,51.0,0.5882352941176471,0.08490566037735849,1
17095,23,7,2572.25,367.4642857142857,242.14285714285714,110,702,100.28571428571429,0.29914529914529914,0.06489675516224189,0
17096,15,11,3697.93,336.17545454545456,141.72727272727272,162,541,49.18181818181818,0.609981515711645,0.10391276459268763,0
17097,2,9,1143.36,127.03999999999999,64.66666666666667,182,429,47.666666666666664,0.6293706293706294,0.3127147766323024,0
17098,382,3,591.0699999999999,197.0233333333333,41.666666666666664,10,160,53.333333333333336,0.5625,0.08,1
17099,533,1,582.17,582.17,317.0,40,1,1.0,30.0,0.12618296529968454,1
17100,18,2,971.74,485.87,400.0,65,1,0.5,60.0,0.08125,0
17101,10,7,2507.05,358.15000000000003,167.85714285714286,54,540,77.14285714285714,0.3888888888888889,0.04595744680851064,0
17102,262,1,25.5,25.5,2.0,1,1,1.0,30.0,0.5,1
17103,722,1,424.3,424.3,471.0,32,1,1.0,30.0,0.06794055201698514,1
17104,424,1,474.03,474.03,149.0,19,1,1.0,30.0,0.12751677852348994,1
17105,159,2,665.78,332.89,346.5,80,148,74.0,0.4054054054054054,0.11544011544011544,1
17106,389,1,481.58,481.58,153.0,51,1,1.0,30.0,0.3333333333333333,1
17107,33,10,16052.72,1605.272,753.0,377,644,64.4,0.46583850931677023,0.050066401062417,0
17108,664,1,174.95,174.95,31.0,9,1,1.0,30.0,0.2903225806451613,1
17109,29,8,1291.71,161.46375,98.5,124,469,58.625,0.511727078891258,0.15736040609137056,0
17110,165,3,499.9,166.63333333333333,45.333333333333336,38,445,148.33333333333334,0.20224719101123595,0.27941176470588236,1
17111,47,2,459.58,229.79,290.5,44,379,189.5,0.158311345646438,0.0757314974182444,0
17112,503,1,197.57,197.57,130.0,44,1,1.0,30.0,0.3384615384615385,1
17113,574,6,2305.59,384.26500000000004,152.16666666666666,122,124,20.666666666666668,1.4516129032258063,0.13362541073384446,1
17114,6,8,801.12,100.14,26.875,85,330,41.25,0.7272727272727273,0.3953488372093023,0
17115,8,7,2761.4900000000002,394.49857142857144,126.42857142857143,102,727,103.85714285714286,0.2888583218707015,0.1152542372881356,0
17116,648,1,389.78,389.78,392.0,47,1,1.0,30.0,0.11989795918367346,1
17117,288,1,116.19999999999999,116.19999999999999,68.0,9,1,1.0,30.0,0.1323529411764706,1
17118,318,1,157.02,157.02,154.0,10,1,1.0,30.0,0.06493506493506493,1
17119,3,2,606.91,303.455,167.0,35,57,28.5,1.0526315789473684,0.10479041916167664,0
17120,233,1,307.46,307.46,120.0,18,1,1.0,30.0,0.15,1
17121,403,1,314.74,314.74,106.0,12,1,1.0,30.0,0.11320754716981132,1
17122,119,4,570.5,142.625,92.0,23,381,95.25,0.31496062992125984,0.0625,1
17123,162,3,977.17,325.7233333333333,225.33333333333334,37,411,137.0,0.21897810218978103,0.05473372781065089,1
17124,185,1,294.24,294.24,129.0,31,1,1.0,30.0,0.24031007751937986,1
17125,50,1,230.5,230.5,281.0,34,1,1.0,30.0,0.12099644128113879,0
17126,152,9,2016.43,224.04777777777778,158.44444444444446,295,314,34.888888888888886,0.8598726114649682,0.20687237026647967,1
17127,429,5,1155.0300000000002,231.00600000000003,68.0,27,307,61.4,0.488599348534202,0.07941176470588235,1
17128,335,1,157.09,157.09,76.0,14,1,1.0,30.0,0.18421052631578946,1
17129,520,1,31.85,31.85,5.0,2,1,1.0,30.0,0.4,1
17131,5,5,2463.17,492.634,196.6,78,71,14.2,2.112676056338028,0.07934893184130214,0
17132,452,2,1220.9099999999999,610.4549999999999,481.5,62,37,18.5,1.6216216216216215,0.06438213914849429,1
17133,16,12,14622.33,1218.5275,842.25,22,613,51.083333333333336,0.5872756933115824,0.0021767092114376176,0
17134,107,3,625.3,208.4333333333333,48.0,31,336,112.0,0.26785714285714285,0.2152777777777778,1
17135,16,10,1722.18,172.21800000000002,168.6,98,564,56.4,0.5319148936170213,0.05812574139976275,0
17136,662,1,231.68,231.68,256.0,14,1,1.0,30.0,0.0546875,1
17137,416,6,1099.81,183.30166666666665,113.33333333333333,125,262,43.666666666666664,0.6870229007633588,0.18382352941176472,1
17138,276,7,4417.27,631.0385714285715,289.14285714285717,234,398,56.857142857142854,0.5276381909547738,0.11561264822134387,1
17139,16,25,19566.76,782.6704,394.12,447,682,27.28,1.099706744868035,0.04536689333198011,0
17140,247,1,454.12,454.12,296.0,16,1,1.0,30.0,0.05405405405405406,1
17141,418,4,727.58,181.895,105.75,138,267,66.75,0.449438202247191,0.3262411347517731,1
17142,239,4,1275.25,318.8125,80.5,78,446,111.5,0.26905829596412556,0.2422360248447205,1
17143,417,2,880.97,440.485,157.0,82,99,49.5,0.6060606060606061,0.2611464968152866,1
17144,1,2,984.57,492.285,241.5,42,84,42.0,0.7142857142857143,0.08695652173913043,0
17145,513,4,3120.91,780.2275,647.75,168,146,36.5,0.8219178082191781,0.06483983018139715,1
17146,106,13,5852.64,450.20307692307694,168.30769230769232,164,571,43.92307692307692,0.6830122591943958,0.07495429616087751,1
17147,23,9,3199.95,355.54999999999995,145.33333333333334,99,676,75.11111111111111,0.3994082840236686,0.07568807339449542,0
17148,52,1,124.88,124.88,82.0,9,1,1.0,30.0,0.10975609756097561,0
17149,451,1,143.10000000000002,143.10000000000002,18.0,6,1,1.0,30.0,0.3333333333333333,1
17150,377,6,1357.95,226.32500000000002,66.16666666666667,64,358,59.666666666666664,0.5027932960893855,0.16120906801007556,1
17151,735,1,231.90000000000003,231.90000000000003,42.0,4,1,1.0,30.0,0.09523809523809523,1
17152,195,4,2016.5,504.125,144.25,9,231,57.75,0.5194805194805194,0.01559792027729636,1
17153,24,1,213.78,213.78,104.0,14,1,1.0,30.0,0.1346153846153846,0
17154,75,1,329.34,329.34,490.0,23,1,1.0,30.0,0.04693877551020408,0
17155,18,7,892.46,127.49428571428572,141.0,43,720,102.85714285714286,0.2916666666666667,0.04356636271529889,0
17156,492,1,591.87,591.87,391.0,39,1,1.0,30.0,0.09974424552429667,1
17157,8,19,5151.9,271.15263157894736,110.10526315789474,78,728,38.31578947368421,0.782967032967033,0.0372848948374761,0
17158,32,5,1980.0,396.0,229.4,74,610,122.0,0.24590163934426232,0.06451612903225806,0
17159,22,5,2099.59,419.918,269.6,115,624,124.8,0.24038461538461536,0.08531157270029674,0
17160,31,17,10209.16,600.5388235294117,493.52941176470586,215,705,41.470588235294116,0.723404255319149,0.02562574493444577,0
17161,444,1,856.01,856.01,537.0,52,1,1.0,30.0,0.09683426443202979,1
17162,29,10,1715.46,171.546,100.1,81,277,27.7,1.0830324909747293,0.08091908091908091,0
17163,22,4,699.78,174.945,132.75,27,654,163.5,0.18348623853211007,0.05084745762711865,0
17164,33,7,2467.35,352.4785714285714,214.42857142857142,92,241,34.42857142857143,0.8713692946058091,0.06129247168554297,0
17165,284,6,1794.32,299.05333333333334,131.33333333333334,77,445,74.16666666666667,0.4044943820224719,0.09771573604060914,1
17166,39,2,206.34,103.17,39.0,11,166,83.0,0.3614457831325301,0.14102564102564102,0
17167,380,3,867.11,289.0366666666667,143.0,64,66,22.0,1.3636363636363635,0.14918414918414918,1
17168,499,1,400.2,400.2,220.0,21,1,1.0,30.0,0.09545454545454546,1
17169,58,3,1156.73,385.57666666666665,223.66666666666666,64,521,173.66666666666666,0.1727447216890595,0.09538002980625931,0
17170,374,2,178.68,89.34,76.0,8,15,7.5,4.0,0.05263157894736842,1
17171,289,2,384.59,192.295,112.5,25,373,186.5,0.16085790884718498,0.1111111111111111,1
17172,79,3,956.5699999999999,318.8566666666666,405.0,39,648,216.0,0.13888888888888887,0.03209876543209877,0
17173,5,8,3766.6,470.825,140.25,36,126,15.75,1.9047619047619047,0.03208556149732621,0
17174,218,1,59.9,59.9,41.0,4,1,1.0,30.0,0.0975609756097561,1
17175,44,4,1443.69,360.9225,216.5,42,253,63.25,0.4743083003952569,0.04849884526558892,0
17176,202,3,902.3199999999999,300.7733333333333,192.0,37,476,158.66666666666666,0.18907563025210083,0.0642361111111111,1
17177,505,1,119.5,119.5,40.0,29,1,1.0,30.0,0.725,1
17178,731,1,432.96,432.96,100.0,31,1,1.0,30.0,0.31,1
17179,178,6,1507.26,251.21,104.16666666666667,75,385,64.16666666666667,0.4675324675324675,0.12,1
17180,56,11,2236.77,203.34272727272727,164.45454545454547,189,631,57.36363636363637,0.5229793977812995,0.1044776119402985,0
17181,57,3,309.85,103.28333333333335,89.33333333333333,28,539,179.66666666666666,0.16697588126159557,0.1044776119402985,0
17182,423,2,321.3,160.65,27.0,4,296,148.0,0.2027027027027027,0.07407407407407407,1
17183,8,6,3347.31,557.885,216.0,42,98,16.333333333333332,1.836734693877551,0.032407407407407406,0
17184,569,2,198.41000000000003,99.20500000000001,36.5,14,162,81.0,0.37037037037037035,0.1917808219178082,1
17185,592,3,229.46,76.48666666666666,39.666666666666664,38,7,2.3333333333333335,12.857142857142858,0.31932773109243695,1
17186,47,2,144.0,72.0,100.0,1,14,7.0,4.285714285714286,0.005,0
17187,227,2,467.71,233.855,213.0,21,300,150.0,0.2,0.04929577464788732,1
17188,11,13,4592.93,353.3023076923077,197.6153846153846,136,720,55.38461538461539,0.5416666666666666,0.05293888672635266,0
17189,106,5,953.63,190.726,120.2,101,632,126.4,0.23734177215189875,0.16805324459234608,1
17190,59,7,1726.57,246.65285714285713,316.85714285714283,160,586,83.71428571428571,0.35836177474402725,0.0721370604147881,0
17191,28,15,4310.34,287.356,147.2,269,711,47.4,0.6329113924050633,0.12182971014492754,0
17192,536,1,75.28,75.28,45.0,20,1,1.0,30.0,0.4444444444444444,1
17193,36,9,2310.04,256.6711111111111,185.33333333333334,28,703,78.11111111111111,0.3840682788051209,0.016786570743405275,0
17194,274,3,812.5,270.8333333333333,140.0,57,257,85.66666666666667,0.3501945525291829,0.1357142857142857,1
17195,655,1,562.98,562.98,486.0,31,1,1.0,30.0,0.06378600823045268,1
17196,428,1,327.75,327.75,154.0,84,1,1.0,30.0,0.5454545454545454,1
17197,30,1,1013.01,1013.01,191.0,29,1,1.0,30.0,0.1518324607329843,0
17198,24,3,692.22,230.74,119.0,89,348,116.0,0.25862068965517243,0.24929971988795518,0
17199,582,1,135.04000000000002,135.04000000000002,232.0,8,1,1.0,30.0,0.034482758620689655,1
17200,387,4,356.71,89.1775,91.75,25,265,66.25,0.45283018867924524,0.0681198910081744,1
17201,54,4,1143.1,285.775,251.0,154,614,153.5,0.19543973941368079,0.15338645418326693,0
17202,421,1,160.65,160.65,55.0,8,1,1.0,30.0,0.14545454545454545,1
17203,36,10,5564.09,556.409,459.7,195,353,35.3,0.8498583569405098,0.04241896889275615,0
17204,175,9,5504.6900000000005,611.6322222222223,294.55555555555554,110,373,41.44444444444444,0.7238605898123325,0.04149377593360996,1
17205,54,3,999.35,333.1166666666667,738.0,27,511,170.33333333333334,0.1761252446183953,0.012195121951219513,0
17206,53,1,204.24,204.24,76.0,7,1,1.0,30.0,0.09210526315789473,0
17207,652,1,292.62,292.62,233.0,55,1,1.0,30.0,0.23605150214592274,1
17208,396,1,111.15,111.15,101.0,21,1,1.0,30.0,0.2079207920792079,1
17209,649,3,595.7,198.5666666666667,241.0,36,88,29.333333333333332,1.0227272727272727,0.04979253112033195,1
17210,393,1,251.72,251.72,242.0,47,1,1.0,30.0,0.19421487603305784,1
17211,27,13,3773.35,290.2576923076923,164.69230769230768,217,700,53.84615384615385,0.5571428571428572,0.10135450723960766,0
17212,253,3,794.41,264.80333333333334,242.33333333333334,29,234,78.0,0.38461538461538464,0.039889958734525444,1
17213,40,13,4869.400000000001,374.5692307692308,160.53846153846155,130,685,52.69230769230769,0.5693430656934307,0.06229036895064686,0
17214,60,6,1059.1200000000001,176.52,45.333333333333336,79,299,49.833333333333336,0.6020066889632107,0.29044117647058826,0
17215,464,1,186.15,186.15,104.0,11,1,1.0,30.0,0.10576923076923077,1
17216,554,1,63.6,63.6,21.0,13,1,1.0,30.0,0.6190476190476191,1
17217,234,2,210.1,105.05,46.5,27,386,193.0,0.15544041450777202,0.2903225806451613,1
17218,4,18,3891.39,216.18833333333333,114.77777777777777,248,679,37.72222222222222,0.7952871870397644,0.12003872216844143,0
17219,32,2,259.13,129.565,94.0,43,385,192.5,0.15584415584415584,0.22872340425531915,0
17220,24,21,4457.31,212.25285714285715,126.80952380952381,408,665,31.666666666666668,0.9473684210526315,0.1532106646639129,0
17221,7,5,976.62,195.324,142.6,115,600,120.0,0.25,0.16129032258064516,0
17222,65,6,1579.51,263.25166666666667,142.83333333333334,94,633,105.5,0.2843601895734597,0.10968494749124855,0
17223,310,3,558.04,186.01333333333332,51.666666666666664,62,65,21.666666666666668,1.3846153846153848,0.4,1
17224,501,1,100.86,100.86,65.0,8,1,1.0,30.0,0.12307692307692308,1
17225,582,1,131.15,131.15,36.0,5,1,1.0,30.0,0.1388888888888889,1
17226,309,3,895.47,298.49,284.3333333333333,51,357,119.0,0.25210084033613445,0.059788980070339975,1
17227,19,12,1878.93,156.57750000000001,140.08333333333334,58,675,56.25,0.5333333333333333,0.034503271861986914,0
17228,16,13,2820.03,216.92538461538464,181.07692307692307,199,622,47.84615384615385,0.6270096463022508,0.08453695836873407,0
17229,96,2,318.76,159.38,92.5,39,47,23.5,1.2765957446808511,0.21081081081081082,1
17230,264,18,9388.49,521.5827777777778,208.5,141,468,26.0,1.153846153846154,0.037569944044764186,1
17231,12,25,7064.8,282.592,147.24,509,720,28.8,1.0416666666666667,0.1382776419451236,0
17232,3,2,417.77,208.885,101.0,30,12,6.0,5.0,0.1485148514851485,0
17233,35,3,560.86,186.95333333333335,99.33333333333333,56,690,230.0,0.13043478260869565,0.18791946308724833,0
17234,183,1,149.89000000000001,149.89000000000001,55.0,14,1,1.0,30.0,0.2545454545454545,1
17235,25,8,1562.98,195.3725,105.625,52,528,66.0,0.45454545454545453,0.06153846153846154,0
17236,13,12,1929.26,160.77166666666668,67.0,123,630,52.5,0.5714285714285714,0.15298507462686567,0
17237,11,4,994.13,248.5325,103.5,76,371,92.75,0.32345013477088946,0.18357487922705315,0
17238,3,32,7331.67,229.1146875,111.09375,486,737,23.03125,1.3025780189959295,0.13670886075949368,0
17239,313,4,1189.45,297.3625,128.75,18,214,53.5,0.5607476635514018,0.03495145631067961,1
17240,596,1,130.6,130.6,108.0,7,1,1.0,30.0,0.06481481481481481,1
17241,385,12,2736.64,228.0533333333333,71.58333333333333,116,277,23.083333333333332,1.2996389891696751,0.1350407450523865,1
17242,108,5,2889.28,577.856,291.8,44,577,115.4,0.2599653379549393,0.03015764222069911,1
17243,1,69,20203.58,292.80550724637686,114.95652173913044,359,737,10.681159420289855,2.8086838534599727,0.045259707513867875,0
17244,53,5,1826.04,365.20799999999997,283.8,109,681,136.2,0.22026431718061676,0.07681465821000705,0
17245,205,2,371.63,185.815,153.5,24,485,242.5,0.12371134020618556,0.0781758957654723,1
17246,547,2,38.92,19.46,18.0,6,192,96.0,0.3125,0.16666666666666666,1
17247,15,1,280.09000000000003,280.09000000000003,105.0,53,1,1.0,30.0,0.5047619047619047,0
17248,120,2,500.54,250.27,138.0,85,362,181.0,0.16574585635359115,0.3079710144927536,1
17249,429,1,68.03,68.03,79.0,27,1,1.0,30.0,0.34177215189873417,1
17250,4,2,381.97,190.985,83.5,55,258,129.0,0.23255813953488372,0.32934131736526945,0
17251,363,3,798.98,266.32666666666665,125.66666666666667,65,363,121.0,0.24793388429752067,0.1724137931034483,1
17252,117,2,348.91,174.455,96.0,86,70,35.0,0.8571428571428571,0.4479166666666667,1
17253,18,1,178.26,178.26,43.0,18,1,1.0,30.0,0.4186046511627907,0
17254,5,3,469.48,156.49333333333334,132.33333333333334,129,397,132.33333333333334,0.22670025188916879,0.3249370277078086,0
17255,41,4,781.7,195.425,145.75,163,406,101.5,0.2955665024630542,0.27958833619210977,0
17256,107,5,498.93,99.786,59.8,20,493,98.6,0.3042596348884381,0.06688963210702341,1
17257,436,2,189.78,94.89,93.5,14,1,0.5,60.0,0.0748663101604278,1
17258,397,2,417.3,208.65,94.0,46,269,134.5,0.22304832713754646,0.24468085106382978,1
17259,148,6,1452.39,242.06500000000003,140.66666666666666,179,508,84.66666666666667,0.3543307086614173,0.21208530805687204,1
17260,411,1,120.95,120.95,23.0,6,1,1.0,30.0,0.2608695652173913,1
17261,510,1,221.59,221.59,95.0,43,1,1.0,30.0,0.45263157894736844,1
17262,52,11,2488.76,226.25090909090912,57.72727272727273,12,673,61.18181818181818,0.4903417533432392,0.01889763779527559,0
17263,208,1,63.440000000000005,63.440000000000005,36.0,23,1,1.0,30.0,0.6388888888888888,1
17264,424,1,268.28,268.28,217.0,70,1,1.0,30.0,0.3225806451612903,1
17265,139,2,550.01,275.005,194.5,106,42,21.0,1.4285714285714286,0.27249357326478146,1
17266,2,5,501.71999999999997,100.344,48.6,95,639,127.8,0.2347417840375587,0.39094650205761317,0
17267,127,2,317.2,158.6,79.0,37,1,0.5,60.0,0.23417721518987342,1
17268,108,11,1733.8899999999999,157.62636363636364,126.81818181818181,26,624,56.72727272727273,0.5288461538461539,0.01863799283154122,1
17269,386,1,491.81,491.81,314.0,110,1,1.0,30.0,0.3503184713375796,1
17270,469,2,601.4499999999999,300.72499999999997,210.0,45,263,131.5,0.22813688212927755,0.10714285714285714,1
17271,736,1,204.3,204.3,113.0,46,1,1.0,30.0,0.40707964601769914,1
17272,42,4,2148.63,537.1575,444.5,70,221,55.25,0.5429864253393666,0.03937007874015748,0
17273,424,1,141.12,141.12,133.0,12,1,1.0,30.0,0.09022556390977443,1
17274,35,2,573.22,286.61,135.5,76,361,180.5,0.16620498614958448,0.28044280442804426,0
17275,383,1,114.1,114.1,71.0,23,1,1.0,30.0,0.323943661971831,1
17276,402,1,502.49,502.49,187.0,50,1,1.0,30.0,0.26737967914438504,1
17277,228,2,1065.3500000000001,532.6750000000001,215.0,67,96,48.0,0.625,0.1558139534883721,1
17278,241,2,271.24,135.62,97.5,17,324,162.0,0.18518518518518517,0.08717948717948718,1
17279,58,1,187.82999999999998,187.82999999999998,48.0,8,1,1.0,30.0,0.16666666666666666,0
17280,438,1,118.85999999999999,118.85999999999999,74.0,6,1,1.0,30.0,0.08108108108108109,1
17281,374,6,797.8499999999999,132.975,49.166666666666664,2,300,50.0,0.6,0.006779661016949152,1
17282,130,5,2308.54,461.70799999999997,466.4,168,419,83.8,0.35799522673031026,0.07204116638078903,1
17283,379,1,188.46,188.46,179.0,15,1,1.0,30.0,0.08379888268156424,1
17284,60,8,2788.06,348.5075,258.625,285,385,48.125,0.6233766233766234,0.1377477042049299,0
17285,628,2,407.94,203.97,67.0,41,35,17.5,1.7142857142857142,0.30597014925373134,1
17286,22,3,389.18,129.72666666666666,122.66666666666667,89,379,126.33333333333333,0.237467018469657,0.2418478260869565,0
17287,26,21,3826.86,182.23142857142858,93.0952380952381,279,711,33.857142857142854,0.8860759493670887,0.14271099744245525,0
17288,9,11,2468.43,224.40272727272725,154.45454545454547,233,386,35.09090909090909,0.854922279792746,0.13713949381989404,0
17289,32,9,2041.8,226.86666666666667,137.44444444444446,202,610,67.77777777777777,0.4426229508196722,0.16329830234438156,0
17290,4,8,1487.96,185.995,142.375,184,723,90.375,0.33195020746887965,0.16154521510096576,0
17291,308,1,550.8000000000001,550.8000000000001,72.0,1,1,1.0,30.0,0.013888888888888888,1
17292,472,2,271.75,135.875,65.5,14,108,54.0,0.5555555555555556,0.10687022900763359,1
17293,8,17,3750.63,220.62529411764706,131.05882352941177,148,728,42.8235294117647,0.7005494505494506,0.06642728904847396,0
17294,669,2,467.78999999999996,233.89499999999998,148.5,17,1,0.5,60.0,0.05723905723905724,1
17295,29,3,547.0,182.33333333333334,97.66666666666667,53,36,12.0,2.5,0.18088737201365188,0
17296,730,1,338.13,338.13,216.0,32,1,1.0,30.0,0.14814814814814814,1
17297,17,1,128.18,128.18,65.0,49,1,1.0,30.0,0.7538461538461538,0
17298,101,5,954.26,190.852,170.4,61,541,108.2,0.277264325323475,0.0715962441314554,1
17299,12,6,993.23,165.53833333333333,153.16666666666666,96,470,78.33333333333333,0.3829787234042553,0.1044613710554951,0
17300,391,2,393.64,196.82,233.5,37,91,45.5,0.6593406593406593,0.07922912205567452,1
17301,21,2,294.39,147.195,108.0,107,604,302.0,0.09933774834437087,0.49537037037037035,0
17302,15,5,1135.63,227.12600000000003,115.0,68,291,58.2,0.5154639175257733,0.11826086956521739,0
17303,361,1,250.04,250.04,144.0,53,1,1.0,30.0,0.3680555555555556,1
17304,534,1,111.5,111.5,73.0,5,1,1.0,30.0,0.0684931506849315,1
17305,649,1,2135.46,2135.46,1006.0,9,1,1.0,30.0,0.008946322067594433,1
17306,11,21,9782.35,465.8261904761905,654.6190476190476,17,394,18.761904761904763,1.598984771573604,0.0012366334472975922,0
17307,395,11,3999.8900000000003,363.6263636363637,333.3636363636364,22,294,26.727272727272727,1.1224489795918366,0.0059994545950368145,1
17308,393,2,4511.76,2255.88,2574.0,5,60,30.0,1.0,0.0009712509712509713,1
17309,95,3,320.39,106.79666666666667,60.333333333333336,33,578,192.66666666666666,0.15570934256055363,0.18232044198895028,1
17310,387,2,1025.1,512.55,201.0,1,148,74.0,0.4054054054054054,0.0024875621890547263,1
17311,78,6,3566.56,594.4266666666666,459.1666666666667,124,597,99.5,0.30150753768844224,0.04500907441016334,0
17312,139,3,644.3,214.76666666666665,124.0,11,21,7.0,4.285714285714286,0.02956989247311828,1
17313,31,1,2328.84,2328.84,1402.0,24,1,1.0,30.0,0.017118402282453638,0
17314,25,17,4904.43,288.4958823529412,215.47058823529412,200,712,41.88235294117647,0.7162921348314606,0.0546000546000546,0
17315,2,43,9599.58,223.2460465116279,118.32558139534883,385,437,10.162790697674419,2.9519450800915332,0.0756682389937107,0
17316,420,1,124.45,124.45,44.0,35,1,1.0,30.0,0.7954545454545454,1
17317,46,3,2600.34,866.7800000000001,382.0,8,44,14.666666666666666,2.0454545454545454,0.006980802792321117,0
17318,725,1,157.32999999999998,157.32999999999998,59.0,17,1,1.0,30.0,0.288135593220339,1
17319,669,1,29.1,29.1,14.0,3,1,1.0,30.0,0.21428571428571427,1
17320,100,6,2444.85,407.47499999999997,197.0,86,587,97.83333333333333,0.30664395229982966,0.0727580372250423,1
17321,8,6,1665.21,277.535,131.66666666666666,241,570,95.0,0.3157894736842105,0.3050632911392405,0
17322,376,5,922.59,184.518,126.2,115,361,72.2,0.41551246537396125,0.18225039619651348,1
17323,15,12,1551.04,129.25333333333333,118.83333333333333,168,684,57.0,0.5263157894736842,0.11781206171107994,0
17324,18,12,2171.07,180.9225,123.75,111,704,58.666666666666664,0.5113636363636364,0.07474747474747474,0
17325,280,3,609.5699999999999,203.18999999999997,155.0,39,362,120.66666666666667,0.24861878453038674,0.08387096774193549,1
17326,408,2,312.35,156.175,68.0,82,122,61.0,0.49180327868852464,0.6029411764705882,1
17327,410,2,152.35,76.175,29.5,3,153,76.5,0.3921568627450981,0.05084745762711865,1
17328,673,1,104.7,104.7,86.0,6,1,1.0,30.0,0.06976744186046512,1
17329,14,5,998.53,199.706,86.0,80,722,144.4,0.20775623268698062,0.18604651162790697,0
17330,23,4,423.8,105.95,30.5,7,625,156.25,0.192,0.05737704918032787,0
17331,124,1,175.2,175.2,16.0,1,1,1.0,30.0,0.0625,1
17332,528,5,838.27,167.654,158.8,82,129,25.8,1.1627906976744187,0.10327455919395466,1
17333,86,1,494.25,494.25,375.0,28,1,1.0,30.0,0.07466666666666667,0
17334,302,3,635.15,211.71666666666667,188.66666666666666,20,105,35.0,0.8571428571428571,0.0353356890459364,1
17335,384,2,497.04,248.52,105.0,34,301,150.5,0.19933554817275748,0.1619047619047619,1
17336,472,1,81.12,81.12,48.0,1,1,1.0,30.0,0.020833333333333332,1
17337,151,4,1981.06,495.265,311.75,421,159,39.75,0.7547169811320755,0.3376102646351243,1
17338,17,17,11889.33,699.3723529411765,340.0,590,622,36.588235294117645,0.8199356913183279,0.10207612456747404,0
17339,94,3,302.36,100.78666666666668,57.333333333333336,10,416,138.66666666666666,0.21634615384615383,0.05813953488372093,1
17340,30,18,19617.95,1089.8861111111112,527.6111111111111,322,634,35.22222222222222,0.8517350157728707,0.03390544382436559,0
17341,157,5,1272.21,254.442,166.2,200,384,76.8,0.390625,0.24067388688327315,1
17342,380,4,1227.54,306.885,130.25,31,291,72.75,0.4123711340206186,0.05950095969289827,1
17343,355,6,1259.94,209.99,75.66666666666667,61,381,63.5,0.4724409448818898,0.1343612334801762,1
17344,46,2,457.36,228.68,100.0,64,683,341.5,0.08784773060029283,0.32,0
17345,15,10,1586.6299999999999,158.66299999999998,200.8,174,723,72.3,0.41493775933609955,0.08665338645418327,0
17346,4,26,4998.61,192.25423076923076,132.26923076923077,517,598,23.0,1.3043478260869565,0.15033439953474848,0
17347,86,1,228.96,228.96,216.0,1,1,1.0,30.0,0.004629629629629629,0
17348,15,9,2442.29,271.36555555555555,307.3333333333333,326,625,69.44444444444444,0.43200000000000005,0.11785972523499638,0
17349,179,5,772.41,154.482,154.4,74,453,90.6,0.33112582781456956,0.09585492227979274,1
17350,8,7,1893.701,270.5287142857143,168.28571428571428,124,669,95.57142857142857,0.3139013452914798,0.10526315789473684,0
17351,36,12,1988.23,165.68583333333333,31.916666666666668,45,694,57.833333333333336,0.5187319884726225,0.1174934725848564,0
17352,696,1,36.25,36.25,15.0,5,1,1.0,30.0,0.3333333333333333,1
17353,129,4,3242.0,810.5,542.0,7,496,124.0,0.24193548387096772,0.0032287822878228783,1
17354,51,4,3133.96,783.49,632.75,85,378,94.5,0.31746031746031744,0.033583563808771234,0
17355,386,1,273.31,273.31,249.0,28,1,1.0,30.0,0.11244979919678715,1
17356,312,5,946.47,189.294,185.0,73,377,75.4,0.3978779840848806,0.07891891891891892,1
17357,24,2,384.39,192.195,76.0,41,1,0.5,60.0,0.26973684210526316,0
17358,303,5,861.01,172.202,86.0,126,351,70.2,0.4273504273504274,0.2930232558139535,1
17359,11,2,284.46,142.23,118.5,36,637,318.5,0.09419152276295133,0.1518987341772152,0
17360,17,6,1200.51,200.085,104.0,189,418,69.66666666666667,0.43062200956937796,0.30288461538461536,0
17361,49,5,871.79,174.358,76.0,51,628,125.6,0.23885350318471338,0.13421052631578947,0
17362,239,7,1024.04,146.29142857142855,78.42857142857143,99,464,66.28571428571429,0.4525862068965517,0.18032786885245902,1
17363,395,3,920.46,306.82,166.33333333333334,34,7,2.3333333333333335,12.857142857142858,0.06813627254509018,1
17364,1,28,11972.92,427.6042857142857,266.57142857142856,513,732,26.142857142857142,1.1475409836065575,0.06872990353697749,0
17365,13,15,8184.49,545.6326666666666,534.3333333333334,395,665,44.333333333333336,0.6766917293233082,0.049282595134123516,0
17366,432,2,1077.24,538.62,252.0,120,24,12.0,2.5,0.23809523809523808,1
17367,238,1,167.55,167.55,149.0,33,1,1.0,30.0,0.2214765100671141,1
17368,23,14,2758.29,197.0207142857143,165.64285714285714,195,701,50.07142857142857,0.5991440798858773,0.08408796895213454,0
17369,456,1,979.1999999999999,979.1999999999999,1152.0,1,1,1.0,30.0,0.0008680555555555555,1
17370,73,4,446.18,111.545,135.0,31,97,24.25,1.2371134020618557,0.05740740740740741,0
17371,17,6,655.37,109.22833333333334,46.833333333333336,135,715,119.16666666666667,0.2517482517482518,0.4804270462633452,0
17372,41,28,4347.31,155.26107142857146,66.53571428571429,412,696,24.857142857142858,1.206896551724138,0.22114868491680087,0
17373,40,7,1167.5,166.78571428571428,105.42857142857143,65,610,87.14285714285714,0.3442622950819672,0.08807588075880758,0
17374,219,3,727.11,242.37,51.666666666666664,34,177,59.0,0.5084745762711864,0.21935483870967742,1
17375,199,4,660.55,165.1375,120.0,77,233,58.25,0.5150214592274678,0.16041666666666668,1
17376,71,4,453.64,113.41,61.0,41,453,113.25,0.26490066225165565,0.1680327868852459,0
17377,24,78,17644.27,226.20858974358976,94.03846153846153,505,714,9.153846153846153,3.277310924369748,0.06884798909338787,0
17378,374,1,10.95,10.95,1.0,1,1,1.0,30.0,1.0,1
17379,11,1,389.71999999999997,389.71999999999997,623.0,71,1,1.0,30.0,0.11396468699839486,0
17380,434,3,645.0,215.0,84.0,5,101,33.666666666666664,0.8910891089108911,0.01984126984126984,1
17381,9,38,36398.65,957.8592105263158,1128.3947368421052,50,540,14.210526315789474,2.111111111111111,0.001166071969961986,0
17382,65,8,902.28,112.785,57.125,16,505,63.125,0.4752475247524753,0.0350109409190372,0
17383,4,2,304.09,152.045,80.0,51,450,225.0,0.13333333333333333,0.31875,0
17384,19,3,507.55,169.18333333333334,40.333333333333336,15,448,149.33333333333334,0.20089285714285715,0.12396694214876033,0
17385,15,1,256.11,256.11,197.0,42,1,1.0,30.0,0.2131979695431472,0
17386,8,7,2812.77,401.82428571428574,279.2857142857143,32,378,54.0,0.5555555555555556,0.016368286445012786,0
17387,20,2,746.81,373.405,261.0,71,14,7.0,4.285714285714286,0.1360153256704981,0
17388,78,11,2675.37,243.21545454545455,232.27272727272728,41,652,59.27272727272727,0.5061349693251533,0.01604696673189824,0
17389,1,61,57215.33,937.9562295081968,293.11475409836066,63,735,12.049180327868852,2.489795918367347,0.003523489932885906,0
17390,421,1,149.3,149.3,49.0,12,1,1.0,30.0,0.24489795918367346,1
17391,164,2,508.8,254.4,240.0,2,1,0.5,60.0,0.004166666666666667,1
17392,307,3,585.92,195.30666666666664,150.0,66,144,48.0,0.625,0.14666666666666667,1
17393,411,2,381.15,190.575,119.0,45,78,39.0,0.7692307692307692,0.18907563025210083,1
17394,219,1,203.86999999999998,203.86999999999998,241.0,4,1,1.0,30.0,0.016597510373443983,1
17395,508,1,97.5,97.5,66.0,3,1,1.0,30.0,0.045454545454545456,1
17396,39,14,8409.6,600.6857142857143,165.21428571428572,29,403,28.785714285714285,1.0421836228287842,0.012537829658452227,0
17397,22,3,1198.28,399.4266666666667,230.33333333333334,132,395,131.66666666666666,0.2278481012658228,0.191027496382055,0
17398,115,3,653.38,217.79333333333332,103.33333333333333,30,141,47.0,0.6382978723404255,0.0967741935483871,1
17400,126,8,4623.28,577.91,273.125,345,596,74.5,0.40268456375838924,0.15789473684210525,1
17401,541,1,114.85,114.85,34.0,11,1,1.0,30.0,0.3235294117647059,1
17402,5,23,4635.5599999999995,201.54608695652172,63.04347826086956,105,719,31.26086956521739,0.9596662030598053,0.07241379310344828,0
17403,36,2,382.87,191.435,94.0,45,415,207.5,0.14457831325301204,0.2393617021276596,0
17404,4,23,47781.12,2077.44,2203.4347826086955,126,698,30.347826086956523,0.9885386819484241,0.0024862369028591726,0
17405,1,3,1031.41,343.80333333333334,242.0,77,150,50.0,0.6,0.10606060606060606,0
17406,333,13,4186.95,322.0730769230769,142.07692307692307,155,401,30.846153846153847,0.9725685785536159,0.08391987005955603,1
17407,412,1,552.9,552.9,426.0,23,1,1.0,30.0,0.0539906103286385,1
17408,163,3,316.09000000000003,105.36333333333334,54.333333333333336,7,351,117.0,0.25641025641025644,0.04294478527607362,1
17409,185,10,7793.51,779.351,408.9,50,544,54.4,0.5514705882352942,0.012227928588897041,1
17410,16,5,1214.72,242.94400000000002,123.2,57,200,40.0,0.75,0.09253246753246754,0
17411,12,5,1425.38,285.076,121.6,69,725,145.0,0.20689655172413793,0.11348684210526316,0
17412,3,16,4220.22,263.76375,159.625,161,735,45.9375,0.6530612244897959,0.06303837118245889,0
17413,405,2,560.14,280.07,151.0,10,166,83.0,0.3614457831325301,0.033112582781456956,1
17414,44,6,2249.52,374.92,1042.6666666666667,6,693,115.5,0.2597402597402597,0.0009590792838874681,0
17415,80,1,507.84,507.84,114.0,14,1,1.0,30.0,0.12280701754385964,0
17416,30,22,17298.45,786.2931818181819,398.59090909090907,324,696,31.636363636363637,0.9482758620689655,0.0369483407458091,0
17417,549,1,164.18,164.18,76.0,16,1,1.0,30.0,0.21052631578947367,1
17418,42,3,670.0600000000001,223.35333333333335,173.66666666666666,40,345,115.0,0.2608695652173913,0.07677543186180422,0
17419,11,18,6126.25,340.34722222222223,160.22222222222223,203,673,37.388888888888886,0.8023774145616642,0.0703883495145631,0
17420,50,6,953.58,158.93,74.33333333333333,43,352,58.666666666666664,0.5113636363636364,0.09641255605381166,0
17421,386,3,1059.41,353.1366666666667,269.0,46,350,116.66666666666667,0.2571428571428572,0.057001239157372985,1
17422,16,11,3594.76,326.79636363636365,321.6363636363636,149,519,47.18181818181818,0.6358381502890174,0.042114188807235726,0
17423,46,3,1118.95,372.98333333333335,263.3333333333333,39,348,116.0,0.25862068965517243,0.049367088607594936,0
17425,19,2,759.17,379.585,203.5,42,42,21.0,1.4285714285714286,0.10319410319410319,0
17426,8,13,8077.77,621.3669230769231,399.0,248,653,50.23076923076923,0.5972434915773354,0.0478118372855215,0
17427,72,1,100.8,100.8,34.0,2,1,1.0,30.0,0.058823529411764705,0
17428,1,45,31466.760000000002,699.2613333333334,385.68888888888887,422,738,16.4,1.8292682926829267,0.024314358147038487,0
17429,128,5,1357.46,271.492,257.2,80,302,60.4,0.49668874172185434,0.06220839813374806,1
17430,33,4,622.57,155.6425,113.75,30,447,111.75,0.2684563758389262,0.06593406593406594,0
17431,313,1,403.3,403.3,292.0,41,1,1.0,30.0,0.1404109589041096,1
17432,18,9,1728.99,192.11,112.0,213,718,79.77777777777777,0.37604456824512533,0.2113095238095238,0
17433,88,2,569.96,284.98,152.5,81,298,149.0,0.20134228187919462,0.26557377049180325,0
17434,2,7,2373.82,339.1171428571429,241.85714285714286,100,83,11.857142857142858,2.5301204819277108,0.05906674542232723,0
17435,411,1,331.35,331.35,195.0,15,1,1.0,30.0,0.07692307692307693,1
17436,2,5,534.06,106.81199999999998,35.6,8,731,146.2,0.2051983584131327,0.0449438202247191,0
17437,530,1,369.68,369.68,283.0,52,1,1.0,30.0,0.18374558303886926,1
17438,254,5,1422.77,284.554,110.6,49,388,77.6,0.3865979381443299,0.08860759493670886,1
17439,656,1,325.74,325.74,370.0,8,1,1.0,30.0,0.021621621621621623,1
17440,157,4,323.58,80.895,70.5,4,393,98.25,0.3053435114503817,0.014184397163120567,1
17441,732,1,293.35,293.35,245.0,21,1,1.0,30.0,0.08571428571428572,1
17442,37,15,4620.3,308.02000000000004,208.93333333333334,188,626,41.733333333333334,0.7188498402555911,0.05998723675813657,0
17443,220,1,534.24,534.24,504.0,1,1,1.0,30.0,0.001984126984126984,1
17444,148,3,2940.04,980.0133333333333,706.3333333333334,132,26,8.666666666666666,3.4615384615384612,0.06229353468617272,1
17446,177,2,120.9,60.45,99.0,6,134,67.0,0.44776119402985076,0.030303030303030304,1
17447,40,2,541.53,270.765,221.5,33,32,16.0,1.875,0.0744920993227991,0
17448,497,46,14523.67,315.7319565217391,250.7391304347826,569,148,3.217391304347826,9.324324324324325,0.04933240853129877,1
17449,2,13,4868.15,374.4730769230769,191.0,292,729,56.07692307692308,0.5349794238683128,0.1175996778091019,0
17450,8,51,244784.25,4799.691176470588,1645.3725490196077,144,430,8.431372549019608,3.5581395348837206,0.001716042615058274,0
17451,1,7,1721.4,245.91428571428574,171.85714285714286,83,105,15.0,2.0,0.06899418121363259,0
17453,18,2,486.71999999999997,243.35999999999999,109.5,19,47,23.5,1.2765957446808511,0.0867579908675799,0
17454,192,10,1547.94,154.794,72.7,98,501,50.1,0.5988023952095809,0.13480055020632736,1
17455,204,1,131.7,131.7,66.0,8,1,1.0,30.0,0.12121212121212122,1
17456,365,2,975.5600000000001,487.78000000000003,254.0,59,91,45.5,0.6593406593406593,0.11614173228346457,1
17457,127,14,5984.8099999999995,427.4864285714285,192.5,30,606,43.285714285714285,0.6930693069306931,0.011131725417439703,1
17458,15,2,529.58,264.79,141.0,81,367,183.5,0.16348773841961853,0.2872340425531915,0
17459,43,2,657.3,328.65,268.5,88,17,8.5,3.5294117647058822,0.16387337057728119,0
17460,94,16,2157.9700000000003,134.87312500000002,59.625,93,593,37.0625,0.8094435075885329,0.09748427672955975,1
17461,23,3,735.82,245.27333333333334,256.6666666666667,104,7,2.3333333333333335,12.857142857142858,0.13506493506493505,0
17462,60,2,675.69,337.845,113.5,25,224,112.0,0.26785714285714285,0.11013215859030837,0
17463,16,7,2535.26,362.18,211.42857142857142,234,573,81.85714285714286,0.36649214659685864,0.1581081081081081,0
17464,158,3,907.14,302.38,202.66666666666666,35,462,154.0,0.19480519480519481,0.05756578947368421,1
17465,426,7,2542.79,363.2557142857143,211.0,103,311,44.42857142857143,0.67524115755627,0.06973595125253892,1
17466,10,2,763.28,381.64,153.0,41,69,34.5,0.8695652173913044,0.13398692810457516,0
17467,395,1,102.6,102.6,20.0,4,1,1.0,30.0,0.2,1
17468,10,3,194.8,64.93333333333334,61.333333333333336,8,365,121.66666666666667,0.24657534246575344,0.043478260869565216,0
17469,16,17,5051.25,297.13235294117646,135.52941176470588,165,707,41.588235294117645,0.7213578500707214,0.07161458333333333,0
17470,45,11,2626.47,238.76999999999998,248.27272727272728,111,464,42.18181818181818,0.7112068965517241,0.040644452581471986,0
17471,475,1,321.65000000000003,321.65000000000003,153.0,19,1,1.0,30.0,0.12418300653594772,1
17472,191,4,922.35,230.5875,137.75,183,438,109.5,0.273972602739726,0.33212341197822143,1
17473,409,2,607.0,303.5,135.0,33,48,24.0,1.25,0.12222222222222222,1
17474,600,1,1047.0,1047.0,200.0,6,1,1.0,30.0,0.03,1
17475,79,1,194.37,194.37,178.0,14,1,1.0,30.0,0.07865168539325842,0
17476,396,2,489.86,244.93,112.0,29,342,171.0,0.17543859649122806,0.12946428571428573,1
17477,613,2,1144.3,572.15,112.5,44,35,17.5,1.7142857142857142,0.19555555555555557,1
17478,408,2,1272.8,636.4,258.0,40,226,113.0,0.26548672566371684,0.07751937984496124,1
17479,633,1,389.26000000000005,389.26000000000005,266.0,18,1,1.0,30.0,0.06766917293233082,1
17480,78,2,882.23,441.115,290.5,50,367,183.5,0.16348773841961853,0.08605851979345955,0
17481,4,4,1255.59,313.8975,265.25,69,91,22.75,1.3186813186813187,0.06503298774740811,0
17482,487,2,775.64,387.82,120.0,50,92,46.0,0.6521739130434783,0.20833333333333334,1
17483,65,4,591.73,147.9325,66.25,23,350,87.5,0.34285714285714286,0.08679245283018867,0
17484,576,2,209.57,104.785,169.5,14,48,24.0,1.25,0.04129793510324484,1
17486,261,1,396.87,396.87,191.0,24,1,1.0,30.0,0.1256544502617801,1
17487,728,1,160.55,160.55,37.0,8,1,1.0,30.0,0.21621621621621623,1
17488,641,1,336.5,336.5,136.0,18,1,1.0,30.0,0.1323529411764706,1
17489,59,2,376.64,188.32,214.0,28,154,77.0,0.3896103896103896,0.06542056074766354,0
17490,1,9,2750.5,305.6111111111111,170.11111111111111,93,569,63.22222222222222,0.47451669595782076,0.06074461136512083,0
17491,1,17,5653.67,332.56882352941176,197.76470588235293,105,590,34.705882352941174,0.8644067796610169,0.031231409875074362,0
17492,248,3,1122.42,374.14000000000004,150.0,32,271,90.33333333333333,0.33210332103321033,0.07111111111111111,1
17493,385,1,100.91000000000001,100.91000000000001,62.0,8,1,1.0,30.0,0.12903225806451613,1
17494,502,1,54.699999999999996,54.699999999999996,26.0,3,1,1.0,30.0,0.11538461538461539,1
17495,8,3,806.72,268.9066666666667,122.33333333333333,38,384,128.0,0.234375,0.10354223433242507,0
17496,359,4,1412.89,353.2225,168.75,54,336,84.0,0.35714285714285715,0.08,1
17497,390,2,287.25,143.625,29.5,7,221,110.5,0.2714932126696833,0.11864406779661017,1
17498,76,1,272.22,272.22,394.0,17,1,1.0,30.0,0.04314720812182741,0
17499,290,2,1341.39,670.695,543.0,66,272,136.0,0.22058823529411764,0.06077348066298342,1
17500,17,3,1138.0,379.3333333333333,5.666666666666667,3,13,4.333333333333333,6.9230769230769225,0.17647058823529413,0
17501,221,2,288.6,144.3,80.0,18,1,0.5,60.0,0.1125,1
17502,9,4,689.1,172.275,94.0,25,20,5.0,6.0,0.06648936170212766,0
17503,3,2,558.96,279.48,243.0,36,36,18.0,1.6666666666666667,0.07407407407407407,0
17504,206,18,9490.17,527.2316666666667,301.1111111111111,244,464,25.77777777777778,1.1637931034482758,0.045018450184501846,1
17505,162,5,2435.48,487.096,248.4,83,444,88.8,0.33783783783783783,0.06682769726247988,1
17506,76,1,302.2,302.2,139.0,14,1,1.0,30.0,0.10071942446043165,0
17507,262,2,605.58,302.79,179.5,79,48,24.0,1.25,0.2200557103064067,1
17508,281,8,4579.23,572.40375,361.375,199,452,56.5,0.5309734513274337,0.0688343133863715,1
17509,58,8,6083.64,760.455,439.0,75,6,0.75,40.0,0.021355353075170842,0
17510,25,2,514.56,257.28,211.0,28,396,198.0,0.15151515151515152,0.06635071090047394,0
17511,3,60,172132.87,2868.8811666666666,1952.9,657,735,12.25,2.4489795918367347,0.005607045931691331,0
17512,29,18,5467.820000000001,303.76777777777784,301.8888888888889,102,701,38.94444444444444,0.7703281027104136,0.018770702981229296,0
17513,72,3,1158.8,386.26666666666665,146.66666666666666,18,408,136.0,0.22058823529411764,0.04090909090909091,0
17514,128,2,522.0,261.0,142.0,72,542,271.0,0.11070110701107011,0.2535211267605634,1
17515,31,9,1602.51,178.05666666666667,58.55555555555556,91,520,57.77777777777778,0.5192307692307693,0.17267552182163187,0
17516,15,6,947.5,157.91666666666666,87.0,150,364,60.666666666666664,0.4945054945054945,0.28735632183908044,0
17517,309,1,153.94,153.94,102.0,11,1,1.0,30.0,0.10784313725490197,1
17518,426,2,329.42,164.71,133.5,71,196,98.0,0.30612244897959184,0.26591760299625467,1
17519,17,15,4774.17,318.278,215.33333333333334,142,722,48.13333333333333,0.6232686980609419,0.04396284829721362,0
17520,54,1,546.81,546.81,365.0,30,1,1.0,30.0,0.0821917808219178,0
17521,30,5,1278.06,255.612,161.2,65,405,81.0,0.37037037037037035,0.08064516129032258,0
17522,2,5,1070.71,214.142,206.8,59,217,43.4,0.6912442396313364,0.05705996131528046,0
17523,11,4,652.74,163.185,218.0,25,8,2.0,15.0,0.028669724770642203,0
17524,361,3,539.14,179.71333333333334,120.66666666666667,37,77,25.666666666666668,1.1688311688311688,0.10220994475138122,1
17525,360,3,1161.9,387.3,112.66666666666667,19,70,23.333333333333332,1.2857142857142856,0.05621301775147929,1
17526,5,12,3939.24,328.27,120.16666666666667,67,718,59.833333333333336,0.5013927576601671,0.046463245492371706,0
17527,54,4,939.37,234.8425,122.0,45,165,41.25,0.7272727272727273,0.09221311475409837,0
17528,1,8,3628.5,453.5625,267.25,183,71,8.875,3.380281690140845,0.08559401309635173,0
17529,610,2,1240.25,620.125,395.0,78,88,44.0,0.6818181818181819,0.09873417721518987,1
17530,1,12,2791.69,232.64083333333335,145.08333333333334,359,733,61.083333333333336,0.49113233287858116,0.20620333141872488,0
17531,190,3,1266.82,422.2733333333333,157.33333333333334,54,429,143.0,0.2097902097902098,0.11440677966101695,1
17532,386,1,65.34,65.34,30.0,4,1,1.0,30.0,0.13333333333333333,1
17533,435,1,34.8,34.8,24.0,1,1,1.0,30.0,0.041666666666666664,1
17534,54,5,1668.83,333.76599999999996,172.0,76,599,119.8,0.25041736227045075,0.08837209302325581,0
17535,280,1,164.4,164.4,136.0,13,1,1.0,30.0,0.09558823529411764,1
17536,177,3,364.83,121.61,67.0,16,506,168.66666666666666,0.17786561264822134,0.07960199004975124,1
17537,30,2,887.67,443.835,349.5,74,274,137.0,0.21897810218978103,0.10586552217453506,0
17538,26,1,98.42,98.42,134.0,9,1,1.0,30.0,0.06716417910447761,0
17539,618,4,1176.84,294.21,177.0,132,109,27.25,1.1009174311926606,0.1864406779661017,1
17540,25,6,1590.6000000000001,265.1,98.0,41,576,96.0,0.3125,0.06972789115646258,0
17541,510,1,119.86,119.86,44.0,31,1,1.0,30.0,0.7045454545454546,1
17542,270,3,340.85,113.61666666666667,107.66666666666667,57,372,124.0,0.24193548387096772,0.17647058823529413,1
17543,550,1,120.05,120.05,62.0,13,1,1.0,30.0,0.20967741935483872,1
17544,390,3,944.82,314.94,136.66666666666666,80,1,0.3333333333333333,90.0,0.1951219512195122,1
17545,43,6,1409.8600000000001,234.9766666666667,113.66666666666667,204,535,89.16666666666667,0.33644859813084116,0.2991202346041056,0
17547,376,2,727.85,363.925,111.5,22,290,145.0,0.20689655172413796,0.09865470852017937,1
17548,234,4,731.26,182.815,123.5,22,163,40.75,0.7361963190184049,0.044534412955465584,1
17549,24,2,148.86,74.43,105.0,5,28,14.0,2.142857142857143,0.023809523809523808,0
17550,197,9,2506.64,278.5155555555555,107.55555555555556,250,473,52.55555555555556,0.5708245243128964,0.25826446280991733,1
17551,359,1,290.34,290.34,142.0,39,1,1.0,30.0,0.2746478873239437,1
17552,60,12,2786.77,232.23083333333332,162.58333333333334,78,568,47.333333333333336,0.6338028169014085,0.03997949769349052,0
17553,130,4,3757.6,939.4,572.0,2,482,120.5,0.24896265560165975,0.0008741258741258741,1
17554,1,5,1952.45,390.49,352.6,58,147,29.4,1.0204081632653061,0.032898468519568916,0
17555,20,5,1045.74,209.148,147.8,220,567,113.4,0.2645502645502646,0.2976995940460081,0
17556,206,2,300.67,150.335,92.0,13,174,87.0,0.3448275862068966,0.07065217391304347,1
17557,14,4,575.46,143.865,77.5,28,719,179.75,0.16689847009735745,0.09032258064516129,0
17558,393,1,259.17,259.17,54.0,28,1,1.0,30.0,0.5185185185185185,1
17559,513,1,167.62,167.62,270.0,12,1,1.0,30.0,0.044444444444444446,1
17560,95,8,1895.8,236.975,198.5,37,566,70.75,0.42402826855123676,0.023299748110831235,1
17561,19,4,703.02,175.755,95.25,163,714,178.5,0.1680672268907563,0.42782152230971127,0
17562,14,7,1122.38,160.34,116.71428571428571,48,160,22.857142857142858,1.3125,0.0587515299877601,0
17563,578,2,392.38,196.19,128.0,27,34,17.0,1.7647058823529411,0.10546875,1
17564,24,3,454.01,151.33666666666667,48.666666666666664,38,56,18.666666666666668,1.6071428571428572,0.2602739726027397,0
17565,587,1,131.83,131.83,67.0,30,1,1.0,30.0,0.44776119402985076,1
17566,8,2,869.77,434.885,248.5,113,18,9.0,3.3333333333333335,0.22736418511066397,0
17567,7,9,4838.08,537.5644444444445,323.1111111111111,128,435,48.333333333333336,0.6206896551724138,0.04401650618982118,0
17568,633,1,374.45,374.45,275.0,61,1,1.0,30.0,0.22181818181818183,1
17569,332,1,344.14,344.14,159.0,29,1,1.0,30.0,0.18238993710691823,1
17570,382,1,100.0,100.0,1.0,1,1,1.0,30.0,1.0,1
17571,50,5,1630.91,326.182,198.2,290,493,98.6,0.3042596348884381,0.29263370332996974,0
17572,71,10,652.21,65.221,32.7,14,654,65.4,0.4587155963302752,0.04281345565749235,0
17573,29,3,380.6,126.86666666666667,102.66666666666667,24,65,21.666666666666668,1.3846153846153848,0.07792207792207792,0
17574,243,1,185.65,185.65,77.0,8,1,1.0,30.0,0.1038961038961039,1
17575,667,1,171.7,171.7,72.0,5,1,1.0,30.0,0.06944444444444445,1
17576,8,41,8711.95,212.48658536585367,111.78048780487805,417,729,17.78048780487805,1.6872427983539093,0.09098843552258346,0
17577,645,2,348.75,174.375,89.5,20,24,12.0,2.5,0.11173184357541899,1
17578,218,7,1047.33,149.6185714285714,75.57142857142857,57,312,44.57142857142857,0.673076923076923,0.10775047258979206,1
17579,5,4,753.28,188.32,93.75,89,574,143.5,0.20905923344947736,0.23733333333333334,0
17580,253,5,541.02,108.204,44.6,78,170,34.0,0.8823529411764706,0.34977578475336324,1
17581,1,43,17951.17,417.4690697674418,221.37209302325581,387,736,17.11627906976744,1.7527173913043477,0.040655531043176804,0
17582,236,5,1446.95,289.39,120.6,92,388,77.6,0.3865979381443299,0.15257048092868988,1
17583,560,1,135.95,135.95,55.0,7,1,1.0,30.0,0.12727272727272726,1
17584,7,6,5309.42,884.9033333333333,410.6666666666667,85,677,112.83333333333333,0.2658788774002954,0.03449675324675325,0
17585,109,7,2064.71,294.9585714285714,358.57142857142856,295,369,52.714285714285715,0.5691056910569106,0.11752988047808766,1
17586,619,1,167.4,167.4,68.0,8,1,1.0,30.0,0.11764705882352941,1
17587,628,1,176.71,176.71,67.0,42,1,1.0,30.0,0.6268656716417911,1
17588,100,7,2939.55,419.9357142857143,197.0,35,538,76.85714285714286,0.3903345724907063,0.025380710659898477,1
17589,60,18,13837.94,768.7744444444445,483.55555555555554,601,583,32.388888888888886,0.9262435677530017,0.06904871323529412,0
17590,2,3,1468.02,489.34,274.0,162,38,12.666666666666666,2.368421052631579,0.19708029197080293,0
17591,73,8,2339.32,292.415,128.5,93,618,77.25,0.3883495145631068,0.09046692607003891,0
17592,739,1,148.3,148.3,38.0,13,1,1.0,30.0,0.34210526315789475,1
17593,4,11,8092.32,735.6654545454545,508.6363636363636,311,732,66.54545454545455,0.45081967213114754,0.055585344057193925,0
17594,85,4,2497.88,624.47,342.0,70,520,130.0,0.23076923076923078,0.05116959064327485,0
17595,12,2,386.69,193.345,114.0,68,25,12.5,2.4,0.2982456140350877,0
17596,23,13,4491.46,345.49692307692305,539.2307692307693,274,702,54.0,0.5555555555555556,0.039087018544935806,0
17597,214,5,3484.09,696.818,443.0,109,370,74.0,0.4054054054054054,0.049209932279909704,1
17598,381,1,409.98,409.98,126.0,10,1,1.0,30.0,0.07936507936507936,1
17599,478,1,52.05,52.05,11.0,3,1,1.0,30.0,0.2727272727272727,1
17600,18,1,161.67000000000002,161.67000000000002,144.0,13,1,1.0,30.0,0.09027777777777778,0
17601,239,2,413.08,206.54,147.5,69,142,71.0,0.4225352112676056,0.23389830508474577,1
17602,2,14,7354.43,525.3164285714286,420.0,450,617,44.07142857142857,0.6807131280388979,0.07653061224489796,0
17603,78,4,1788.38,447.095,159.5,104,652,163.0,0.18404907975460122,0.16300940438871472,0
17604,217,6,942.38,157.06333333333333,102.33333333333333,142,465,77.5,0.3870967741935484,0.23127035830618892,1
17605,590,1,160.75,160.75,71.0,13,1,1.0,30.0,0.18309859154929578,1
17606,737,1,87.30000000000001,87.30000000000001,42.0,6,1,1.0,30.0,0.14285714285714285,1
17607,376,1,333.81,333.81,269.0,22,1,1.0,30.0,0.08178438661710037,1
17608,33,4,488.06,122.015,132.0,134,574,143.5,0.20905923344947736,0.2537878787878788,0
17609,41,11,1887.8999999999999,171.62727272727273,120.0909090909091,317,569,51.72727272727273,0.5799648506151143,0.23996971990915972,0
17610,540,5,1511.94,302.38800000000003,178.6,114,194,38.8,0.7731958762886598,0.1276595744680851,1
17611,7,28,8337.53,297.7689285714286,190.75,722,732,26.142857142857142,1.1475409836065575,0.13518067777569742,0
17612,53,18,5394.86,299.71444444444444,195.61111111111111,213,670,37.22222222222222,0.8059701492537313,0.06049417779040046,0
17613,23,14,4544.55,324.6107142857143,177.85714285714286,211,283,20.214285714285715,1.4840989399293285,0.08473895582329317,0
17614,57,1,386.32,386.32,235.0,97,1,1.0,30.0,0.4127659574468085,0
17615,130,6,721.8,120.3,63.0,47,356,59.333333333333336,0.5056179775280899,0.12433862433862433,1
17616,174,4,734.4,183.6,72.0,1,278,69.5,0.4316546762589928,0.003472222222222222,1
17617,559,1,385.19,385.19,249.0,18,1,1.0,30.0,0.07228915662650602,1
17618,6,11,4001.64,363.7854545454545,163.45454545454547,202,680,61.81818181818182,0.4852941176470588,0.11234705228031146,0
17619,312,1,214.37,214.37,124.0,71,1,1.0,30.0,0.5725806451612904,1
17620,60,1,81.44,81.44,60.0,4,1,1.0,30.0,0.06666666666666667,0
17621,21,6,3175.12,529.1866666666666,185.0,61,411,68.5,0.43795620437956206,0.054954954954954956,0
17622,598,2,1130.21,565.105,189.5,19,1,0.5,60.0,0.05013192612137203,1
17623,33,7,2365.77,337.96714285714285,114.14285714285714,130,693,99.0,0.30303030303030304,0.16270337922403003,0
17624,15,4,1568.63,392.1575,239.5,91,705,176.25,0.1702127659574468,0.09498956158663883,0
17625,18,8,5978.9,747.3625,438.125,429,707,88.375,0.33946251768033947,0.12239657631954351,0
17626,603,1,254.0,254.0,202.0,18,1,1.0,30.0,0.0891089108910891,1
17627,479,1,296.36,296.36,676.0,10,1,1.0,30.0,0.014792899408284023,1
17628,81,1,75.75,75.75,79.0,5,1,1.0,30.0,0.06329113924050633,0
17629,6,10,2455.52,245.552,190.3,129,416,41.6,0.7211538461538461,0.06778770362585392,0
17630,170,2,503.59999999999997,251.79999999999998,79.0,24,63,31.5,0.9523809523809523,0.1518987341772152,1
17631,2,7,998.49,142.64142857142858,84.42857142857143,66,729,104.14285714285714,0.28806584362139914,0.1116751269035533,0
17633,31,7,2057.39,293.91285714285715,128.42857142857142,84,358,51.142857142857146,0.5865921787709497,0.09343715239154617,0
17634,36,9,2358.59,262.0655555555556,93.11111111111111,209,302,33.55555555555556,0.8940397350993378,0.2494033412887828,0
17635,424,3,1265.58,421.85999999999996,256.6666666666667,60,167,55.666666666666664,0.5389221556886228,0.07792207792207792,1
17636,19,1,285.56,285.56,182.0,20,1,1.0,30.0,0.10989010989010989,0
17637,31,2,547.0600000000001,273.53000000000003,140.0,35,84,42.0,0.7142857142857143,0.125,0
17638,647,2,842.4,421.2,216.0,2,75,37.5,0.8,0.004629629629629629,1
17639,276,6,615.17,102.52833333333332,96.0,59,208,34.666666666666664,0.8653846153846153,0.10243055555555555,1
17640,87,6,3168.94,528.1566666666666,282.0,48,540,90.0,0.3333333333333333,0.028368794326241134,0
17642,120,5,1824.49,364.898,295.0,88,615,123.0,0.24390243902439024,0.059661016949152545,1
17643,373,2,439.7,219.85,113.0,30,133,66.5,0.45112781954887216,0.13274336283185842,1
17644,1,20,6028.6,301.43,173.45,160,661,33.05,0.9077155824508321,0.04612280196021908,0
17646,219,12,3898.79,324.89916666666664,109.0,124,505,42.083333333333336,0.712871287128713,0.09480122324159021,1
17647,65,3,331.65999999999997,110.55333333333333,27.333333333333332,12,605,201.66666666666666,0.1487603305785124,0.14634146341463414,0
17648,61,5,2216.37,443.274,190.8,114,325,65.0,0.4615384615384615,0.11949685534591195,0
17649,138,3,1578.89,526.2966666666667,241.0,88,335,111.66666666666667,0.26865671641791045,0.12171507607192254,1
17650,21,1,166.08,166.08,150.0,8,1,1.0,30.0,0.05333333333333334,0
17651,12,16,5703.52,356.47,255.375,198,515,32.1875,0.9320388349514562,0.048458149779735685,0
17652,25,12,4867.72,405.6433333333334,209.08333333333334,118,256,21.333333333333332,1.40625,0.04703068951773615,0
17653,37,4,1207.56,301.89,352.25,44,84,21.0,1.4285714285714286,0.031227821149751596,0
17654,277,1,117.55,117.55,41.0,22,1,1.0,30.0,0.5365853658536586,1
17655,11,9,2976.38,330.7088888888889,140.88888888888889,75,407,45.22222222222222,0.6633906633906634,0.05914826498422713,0
17656,73,5,1674.69,334.938,279.8,67,56,11.2,2.6785714285714284,0.04789135096497498,0
17657,430,1,126.0,126.0,60.0,7,1,1.0,30.0,0.11666666666666667,1
17658,26,2,595.42,297.71,308.0,17,186,93.0,0.3225806451612903,0.027597402597402596,0
17659,17,14,3586.9900000000002,256.21357142857147,125.14285714285714,150,369,26.357142857142858,1.1382113821138211,0.08561643835616438,0
17660,141,2,342.22,171.11,129.5,75,596,298.0,0.10067114093959731,0.28957528957528955,1
17662,662,2,412.92,206.46,92.0,14,61,30.5,0.9836065573770493,0.07608695652173914,1
17663,26,17,5175.83,304.4605882352941,135.11764705882354,153,620,36.470588235294116,0.8225806451612903,0.06660861993905094,0
17664,19,4,1166.23,291.5575,264.5,68,602,150.5,0.19933554817275748,0.06427221172022685,0
17665,493,1,563.1,563.1,690.0,19,1,1.0,30.0,0.02753623188405797,1
17666,4,5,2047.8,409.56,310.4,30,524,104.8,0.28625954198473286,0.019329896907216496,0
17667,66,9,3950.7,438.96666666666664,243.55555555555554,140,589,65.44444444444444,0.45840407470288624,0.06386861313868614,0
17668,1,2,347.75,173.875,46.5,14,37,18.5,1.6216216216216215,0.15053763440860216,0
17669,43,10,6142.35,614.235,350.5,85,575,57.5,0.5217391304347826,0.024251069900142655,0
17670,228,1,205.7,205.7,110.0,11,1,1.0,30.0,0.1,1
17671,16,5,2009.16,401.832,197.4,54,361,72.2,0.41551246537396125,0.0547112462006079,0
17672,50,7,5778.63,825.5185714285715,394.0,179,632,90.28571428571429,0.3322784810126582,0.06490210297316897,0
17673,2,13,4173.88,321.0676923076923,252.6153846153846,195,629,48.38461538461539,0.6200317965023848,0.05937880633373934,0
17674,74,2,551.04,275.52,336.0,19,295,147.5,0.20338983050847456,0.028273809523809524,0
17675,1,70,37642.48,537.7497142857143,231.14285714285714,345,729,10.414285714285715,2.8806584362139915,0.021322620519159455,0
17676,4,10,2448.64,244.86399999999998,176.4,85,616,61.6,0.48701298701298695,0.0481859410430839,0
17677,2,54,35058.46,649.2307407407408,387.4259259259259,346,722,13.37037037037037,2.2437673130193905,0.016538406385928014,0
17678,264,2,599.76,299.88,184.0,27,340,170.0,0.1764705882352941,0.07336956521739131,1
17679,53,7,3577.61,511.08714285714285,250.71428571428572,70,684,97.71428571428571,0.30701754385964913,0.039886039886039885,0
17680,24,3,497.45,165.81666666666666,51.666666666666664,20,488,162.66666666666666,0.18442622950819673,0.12903225806451613,0
17681,597,5,731.2,146.24,90.0,12,97,19.4,1.5463917525773196,0.02666666666666667,1
17682,10,11,4065.28,369.5709090909091,207.36363636363637,85,632,57.45454545454545,0.5221518987341772,0.037264357737834285,0
17683,386,3,819.01,273.00333333333333,260.3333333333333,41,169,56.333333333333336,0.5325443786982248,0.052496798975672214,1
17684,44,1,239.41,239.41,145.0,15,1,1.0,30.0,0.10344827586206896,0
17685,17,12,5454.95,454.57916666666665,289.5,124,650,54.166666666666664,0.5538461538461538,0.035693724812895795,0
17686,7,9,8296.81,921.8677777777777,398.1111111111111,283,527,58.55555555555556,0.5123339658444023,0.07898409154339939,0
17687,421,1,432.68,432.68,210.0,26,1,1.0,30.0,0.12380952380952381,1
17688,394,1,304.2,304.2,114.0,19,1,1.0,30.0,0.16666666666666666,1
17689,388,2,317.08,158.54,150.0,17,86,43.0,0.6976744186046512,0.056666666666666664,1
17690,30,20,6963.8,348.19,146.95,237,645,32.25,0.9302325581395349,0.08063967335828513,0
17691,358,4,637.5500000000001,159.38750000000002,78.75,37,189,47.25,0.6349206349206349,0.11746031746031746,1
17692,127,12,2975.8,247.98333333333335,194.83333333333334,90,414,34.5,0.8695652173913043,0.03849443969204448,1
17693,137,1,200.47,200.47,231.0,16,1,1.0,30.0,0.06926406926406926,1
17694,142,3,1695.97,565.3233333333334,497.6666666666667,54,422,140.66666666666666,0.2132701421800948,0.0361687876758205,1
17695,132,5,1746.04,349.20799999999997,361.8,46,550,110.0,0.27272727272727276,0.02542841348811498,1
17696,38,27,7679.59,284.42925925925925,218.1851851851852,191,691,25.59259259259259,1.1722141823444283,0.032422339161432695,0
17697,236,1,338.95,338.95,93.0,19,1,1.0,30.0,0.20430107526881722,1
17698,261,1,154.95,154.95,93.0,8,1,1.0,30.0,0.08602150537634409,1
17699,477,2,442.0,221.0,104.0,17,85,42.5,0.7058823529411764,0.08173076923076923,1
17700,17,14,6679.97,477.1407142857143,247.78571428571428,259,723,51.642857142857146,0.5809128630705394,0.07466128567310464,0
17701,253,1,417.95,417.95,109.0,24,1,1.0,30.0,0.22018348623853212,1
17702,30,6,3144.04,524.0066666666667,358.8333333333333,120,371,61.833333333333336,0.4851752021563342,0.0557361820715281,0
17703,35,4,1094.84,273.71,224.25,63,383,95.75,0.31331592689295035,0.07023411371237458,0
17704,169,2,885.19,442.595,171.5,27,72,36.0,0.8333333333333334,0.07871720116618076,1
17705,3,11,2083.9,189.44545454545457,118.27272727272727,74,574,52.18181818181818,0.5749128919860628,0.0568793235972329,0
17706,4,31,20272.15,653.9403225806452,252.38709677419354,408,686,22.129032258064516,1.3556851311953353,0.05214723926380368,0
17707,185,8,609.3000000000001,76.16250000000001,68.25,9,548,68.5,0.43795620437956206,0.016483516483516484,1
17708,188,4,884.1800000000001,221.04500000000002,96.75,57,236,59.0,0.5084745762711864,0.14728682170542637,1
17709,170,5,671.01,134.202,59.0,37,434,86.8,0.3456221198156682,0.12542372881355932,1
17710,424,1,293.5,293.5,158.0,20,1,1.0,30.0,0.12658227848101267,1
17711,11,2,385.1,192.55,123.0,22,280,140.0,0.21428571428571427,0.08943089430894309,0
17712,45,1,522.91,522.91,215.0,29,1,1.0,30.0,0.13488372093023257,0
17713,382,4,1198.09,299.5225,247.25,55,167,41.75,0.718562874251497,0.055611729019211326,1
17714,321,5,1410.18,282.036,121.6,69,193,38.6,0.7772020725388601,0.11348684210526316,1
17715,201,2,489.59999999999997,244.79999999999998,288.0,1,393,196.5,0.15267175572519084,0.001736111111111111,1
17716,23,24,15956.97,664.87375,367.4583333333333,334,715,29.791666666666668,1.006993006993007,0.03787277469100805,0
17717,421,1,376.92,376.92,344.0,26,1,1.0,30.0,0.0755813953488372,1
17718,232,2,439.18,219.59,137.0,22,413,206.5,0.14527845036319612,0.08029197080291971,1
17719,38,15,5396.04,359.736,164.4,111,218,14.533333333333333,2.0642201834862384,0.045012165450121655,0
17720,26,10,2666.91,266.691,158.9,81,553,55.3,0.5424954792043399,0.050975456261799876,0
17721,659,1,307.21000000000004,307.21000000000004,107.0,11,1,1.0,30.0,0.102803738317757,1
17722,96,5,3520.2200000000003,704.0440000000001,482.4,163,280,56.0,0.5357142857142857,0.0675787728026534,1
17723,127,7,3378.4000000000005,482.6285714285715,130.28571428571428,6,249,35.57142857142857,0.8433734939759036,0.006578947368421052,1
17724,71,3,1033.0,344.3333333333333,100.0,38,68,22.666666666666668,1.3235294117647058,0.12666666666666668,0
17725,16,11,3439.08,312.64363636363635,196.54545454545453,115,251,22.818181818181817,1.3147410358565736,0.05319148936170213,0
17726,395,7,1092.06,156.00857142857143,63.42857142857143,52,287,41.0,0.7317073170731707,0.11711711711711711,1
17727,15,1,1060.25,1060.25,645.0,66,1,1.0,30.0,0.10232558139534884,0
17728,4,5,4238.76,847.7520000000001,429.2,196,450,90.0,0.3333333333333333,0.09133271202236719,0
17729,596,1,438.65000000000003,438.65000000000003,247.0,23,1,1.0,30.0,0.0931174089068826,1
17730,3,20,7773.8,388.69,265.0,177,587,29.35,1.0221465076660987,0.03339622641509434,0
17731,79,6,1708.99,284.83166666666665,117.83333333333333,82,590,98.33333333333333,0.30508474576271183,0.11598302687411598,0
17732,373,8,2166.42,270.8025,132.25,90,116,14.5,2.0689655172413794,0.08506616257088846,1
17733,39,2,692.19,346.095,231.5,33,223,111.5,0.26905829596412556,0.07127429805615551,0
17734,54,6,1442.32,240.38666666666666,123.5,76,589,98.16666666666667,0.30560271646859083,0.10256410256410256,0
17735,2,26,16790.33,645.7819230769231,410.88461538461536,391,496,19.076923076923077,1.5725806451612903,0.036600205934662546,0
17736,9,3,377.44,125.81333333333333,79.33333333333333,24,105,35.0,0.8571428571428571,0.10084033613445378,0
17737,9,2,168.24,84.12,54.0,8,50,25.0,1.2,0.07407407407407407,0
17738,19,13,4183.56,321.81230769230774,213.53846153846155,173,612,47.07692307692308,0.6372549019607844,0.06231988472622478,0
17739,12,18,7730.59,429.4772222222222,129.72222222222223,56,721,40.05555555555556,0.7489597780859917,0.02398286937901499,0
17740,389,6,426.9,71.14999999999999,37.0,5,309,51.5,0.5825242718446602,0.02252252252252252,1
17741,407,2,101.1,50.55,57.0,6,154,77.0,0.3896103896103896,0.05263157894736842,1
17742,113,11,2098.48,190.7709090909091,59.36363636363637,52,626,56.90909090909091,0.5271565495207667,0.07963246554364471,1
17743,448,1,229.2,229.2,96.0,3,1,1.0,30.0,0.03125,1
17744,4,7,2649.14,378.4485714285714,546.5714285714286,121,378,54.0,0.5555555555555556,0.031625718766335596,0
17745,478,2,600.34,300.17,82.0,27,79,39.5,0.759493670886076,0.16463414634146342,1
17746,240,4,904.1800000000001,226.04500000000002,172.0,32,371,92.75,0.32345013477088946,0.046511627906976744,1
17747,113,1,71.4,71.4,12.0,1,1,1.0,30.0,0.08333333333333333,1
17748,527,1,358.15,358.15,111.0,17,1,1.0,30.0,0.15315315315315314,1
17749,178,3,1026.18,342.06,148.66666666666666,52,369,123.0,0.24390243902439024,0.11659192825112108,1
17750,5,9,1710.45,190.05,416.3333333333333,101,159,17.666666666666668,1.6981132075471699,0.02695489725113424,0
17751,421,1,157.85999999999999,157.85999999999999,147.0,31,1,1.0,30.0,0.2108843537414966,1
17752,359,1,80.64,80.64,192.0,1,1,1.0,30.0,0.005208333333333333,1
17753,464,4,382.06,95.515,31.0,63,239,59.75,0.502092050209205,0.5080645161290323,1
17754,1,13,4451.22,342.4015384615385,335.84615384615387,185,728,56.0,0.5357142857142857,0.0423728813559322,0
17756,376,3,728.75,242.91666666666666,133.0,54,19,6.333333333333333,4.736842105263158,0.13533834586466165,1
17757,1,56,9074.05,162.03660714285712,89.48214285714286,362,694,12.392857142857142,2.4207492795389047,0.0722410696467771,0
17758,19,12,4964.03,413.6691666666666,266.5833333333333,403,550,45.833333333333336,0.6545454545454545,0.1259768677711785,0
17759,17,5,1261.88,252.37600000000003,193.0,114,567,113.4,0.2645502645502646,0.11813471502590674,0
17760,22,6,746.39,124.39833333333333,88.5,58,628,104.66666666666667,0.28662420382165604,0.10922787193973635,0
17761,33,1,712.78,712.78,398.0,19,1,1.0,30.0,0.04773869346733668,0
17762,456,1,129.75,129.75,129.0,16,1,1.0,30.0,0.12403100775193798,1
17763,263,4,86.15,21.5375,10.25,11,396,99.0,0.30303030303030304,0.2682926829268293,1
17764,51,5,1513.57,302.714,134.8,126,686,137.2,0.21865889212827988,0.18694362017804153,0
17765,159,4,524.0,131.0,48.75,71,290,72.5,0.4137931034482759,0.3641025641025641,1
17766,381,2,299.61,149.805,77.5,21,1,0.5,60.0,0.13548387096774195,1
17767,15,2,413.05,206.525,99.0,35,395,197.5,0.1518987341772152,0.17676767676767677,0
17768,8,7,3292.73,470.39,334.14285714285717,134,730,104.28571428571429,0.28767123287671237,0.0572894399315947,0
17769,13,17,7053.38,414.90470588235297,185.7058823529412,330,677,39.8235294117647,0.7533234859675036,0.10452961672473868,0
17770,199,5,1143.27,228.654,73.0,33,84,16.8,1.7857142857142858,0.09041095890410959,1
17771,57,4,387.41,96.8525,93.25,63,533,133.25,0.22514071294559101,0.16890080428954424,0
17772,11,3,360.75,120.25,37.666666666666664,94,382,127.33333333333333,0.23560209424083772,0.831858407079646,0
17773,514,2,575.37,287.685,127.0,48,176,88.0,0.34090909090909094,0.1889763779527559,1
17774,97,9,3273.83,363.75888888888886,176.11111111111111,286,573,63.666666666666664,0.47120418848167533,0.1804416403785489,1
17775,255,1,56.4,56.4,72.0,3,1,1.0,30.0,0.041666666666666664,1
17776,387,2,330.56,165.28,136.5,74,337,168.5,0.17804154302670624,0.27106227106227104,1
17777,25,3,647.56,215.85333333333332,167.0,141,76,25.333333333333332,1.1842105263157896,0.281437125748503,0
17778,662,1,197.70000000000002,197.70000000000002,214.0,10,1,1.0,30.0,0.04672897196261682,1
17779,21,3,650.32,216.77333333333334,132.0,73,123,41.0,0.7317073170731708,0.18434343434343434,0
17780,667,3,346.56,115.52,52.0,76,18,6.0,5.0,0.48717948717948717,1
17781,159,2,188.02,94.01,17.0,12,94,47.0,0.6382978723404256,0.35294117647058826,1
17782,383,2,679.02,339.51,269.0,29,1,0.5,60.0,0.05390334572490706,1
17783,72,3,376.96,125.65333333333332,146.0,91,441,147.0,0.20408163265306123,0.20776255707762556,0
17784,550,1,112.86,112.86,72.0,19,1,1.0,30.0,0.2638888888888889,1
17785,53,3,403.38,134.46,75.66666666666667,48,513,171.0,0.17543859649122806,0.21145374449339208,0
17786,85,2,266.85,133.425,97.5,57,232,116.0,0.25862068965517243,0.2923076923076923,0
17787,153,4,1817.54,454.385,224.0,94,219,54.75,0.547945205479452,0.10491071428571429,1
17788,74,2,1117.9,558.95,105.5,3,56,28.0,1.0714285714285714,0.014218009478672985,0
17789,281,2,397.15,198.575,99.5,27,380,190.0,0.15789473684210528,0.135678391959799,1
17790,27,20,2779.41,138.9705,69.35,188,518,25.9,1.1583011583011584,0.13554434030281182,0
17791,30,1,106.1,106.1,46.0,10,1,1.0,30.0,0.21739130434782608,0
17792,467,2,368.35,184.175,74.5,45,12,6.0,5.0,0.30201342281879195,1
17793,25,1,300.34,300.34,226.0,49,1,1.0,30.0,0.2168141592920354,0
17794,687,2,147.3,73.65,23.0,7,2,1.0,30.0,0.15217391304347827,1
17795,180,2,342.83,171.415,152.5,43,86,43.0,0.6976744186046512,0.14098360655737704,1
17796,40,7,1236.39,176.62714285714287,49.57142857142857,149,382,54.57142857142857,0.549738219895288,0.42939481268011526,0
17797,22,8,1971.87,246.48375,135.75,222,702,87.75,0.3418803418803419,0.20441988950276244,0
17798,582,1,178.07,178.07,138.0,43,1,1.0,30.0,0.3115942028985507,1
17799,22,20,6246.93,312.3465,183.7,478,704,35.2,0.8522727272727273,0.1301034295046271,0
17800,37,9,1187.21,131.91222222222223,81.33333333333333,51,297,33.0,0.9090909090909091,0.06967213114754098,0
17801,451,3,770.03,256.6766666666667,273.3333333333333,66,241,80.33333333333333,0.37344398340248963,0.08048780487804878,1
17802,82,10,4946.22,494.622,270.5,283,645,64.5,0.46511627906976744,0.10462107208872458,0
17803,392,1,184.66,184.66,98.0,27,1,1.0,30.0,0.2755102040816326,1
17804,376,3,383.78000000000003,127.92666666666668,64.66666666666667,82,363,121.0,0.24793388429752067,0.422680412371134,1
17805,74,2,927.03,463.515,563.0,10,537,268.5,0.111731843575419,0.008880994671403197,0
17806,11,1,546.04,546.04,727.0,43,1,1.0,30.0,0.059147180192572216,0
17807,395,3,437.87,145.95666666666668,87.33333333333333,88,310,103.33333333333333,0.29032258064516125,0.33587786259541985,1
17808,549,4,262.64,65.66,35.75,29,33,8.25,3.6363636363636362,0.20279720279720279,1
17809,16,20,10085.89,504.29449999999997,149.75,59,721,36.05,0.8321775312066574,0.01969949916527546,0
17810,669,2,373.16,186.58,59.0,51,16,8.0,3.75,0.4322033898305085,1
17811,4,47,9519.8,202.54893617021276,112.29787234042553,538,442,9.404255319148936,3.1900452488687785,0.10193255020841228,0
17812,13,7,911.99,130.28428571428572,63.42857142857143,162,518,74.0,0.40540540540540543,0.36486486486486486,0
17813,14,5,1698.07,339.614,150.4,297,58,11.6,2.586206896551724,0.3949468085106383,0
17814,375,2,1609.37,804.685,717.5,112,48,24.0,1.25,0.07804878048780488,1
17815,393,1,591.96,591.96,612.0,13,1,1.0,30.0,0.021241830065359478,1
17816,37,6,96.11,16.018333333333334,13.333333333333334,41,688,114.66666666666667,0.2616279069767442,0.5125,0
17817,4,6,788.15,131.35833333333332,58.833333333333336,115,418,69.66666666666667,0.43062200956937796,0.32577903682719545,0
17818,738,1,124.78,124.78,86.0,42,1,1.0,30.0,0.4883720930232558,1
17819,72,12,6021.05,501.75416666666666,134.16666666666666,66,655,54.583333333333336,0.549618320610687,0.040993788819875775,0
17820,374,1,180.60999999999999,180.60999999999999,111.0,39,1,1.0,30.0,0.35135135135135137,1
17821,406,1,334.62,334.62,162.0,6,1,1.0,30.0,0.037037037037037035,1
17822,420,5,2162.93,432.58599999999996,275.0,152,141,28.2,1.0638297872340425,0.11054545454545454,1
17823,421,2,449.25,224.625,126.0,88,1,0.5,60.0,0.3492063492063492,1
17824,51,1,298.4,298.4,408.0,13,1,1.0,30.0,0.031862745098039214,0
17825,599,4,701.96,175.49,129.0,24,127,31.75,0.9448818897637795,0.046511627906976744,1
17826,374,1,133.34,133.34,84.0,33,1,1.0,30.0,0.39285714285714285,1
17827,5,6,2376.17,396.02833333333336,263.6666666666667,240,617,102.83333333333333,0.29173419773095627,0.15170670037926676,0
17828,23,4,1820.09,455.0225,166.75,54,163,40.75,0.7361963190184049,0.08095952023988005,0
17829,299,5,4756.74,951.348,601.8,121,357,71.4,0.42016806722689076,0.04021269524759056,1
17830,2,3,398.7,132.9,30.666666666666668,18,288,96.0,0.3125,0.1956521739130435,0
17831,33,1,35.400000000000006,35.400000000000006,12.0,2,1,1.0,30.0,0.16666666666666666,0
17832,50,1,155.37,155.37,208.0,61,1,1.0,30.0,0.2932692307692308,0
17833,723,1,338.46000000000004,338.46000000000004,143.0,28,1,1.0,30.0,0.1958041958041958,1
17834,415,2,689.6700000000001,344.83500000000004,319.5,54,31,15.5,1.9354838709677418,0.08450704225352113,1
17835,3,3,342.24,114.08,114.66666666666667,45,21,7.0,4.285714285714286,0.1308139534883721,0
17836,47,1,110.21000000000001,110.21000000000001,88.0,23,1,1.0,30.0,0.26136363636363635,0
17837,42,8,1541.23,192.65375,63.75,110,121,15.125,1.9834710743801653,0.21568627450980393,0
17838,27,13,5604.64,431.1261538461539,268.53846153846155,141,605,46.53846153846154,0.6446280991735537,0.040389573188198226,0
17839,42,1,318.15,318.15,257.0,50,1,1.0,30.0,0.19455252918287938,0
17840,444,1,175.9,175.9,128.0,44,1,1.0,30.0,0.34375,1
17841,2,211,68545.25,324.8590047393365,173.38388625592418,2116,736,3.4881516587677726,8.60054347826087,0.05783949267439318,0
17842,602,1,430.69,430.69,89.0,18,1,1.0,30.0,0.20224719101123595,1
17843,303,2,320.4,160.2,125.5,58,109,54.5,0.5504587155963303,0.23107569721115537,1
17844,107,1,51.559999999999995,51.559999999999995,52.0,5,1,1.0,30.0,0.09615384615384616,1
17845,555,4,596.09,149.0225,48.75,42,22,5.5,5.454545454545455,0.2153846153846154,1
17846,85,1,2033.1,2033.1,1.0,1,1,1.0,30.0,1.0,0
17847,516,2,129.69,64.845,14.5,9,130,65.0,0.46153846153846156,0.3103448275862069,1
17848,81,30,3559.11,118.637,46.8,105,653,21.766666666666666,1.3782542113323124,0.07478632478632478,0
17849,218,8,1063.76,132.97,28.0,24,417,52.125,0.5755395683453237,0.10714285714285714,1
17850,372,155,51208.87,330.3798064516129,135.81935483870967,100,363,2.3419354838709676,12.809917355371901,0.004750142504275128,1
17851,422,6,1552.35,258.72499999999997,155.5,185,314,52.333333333333336,0.5732484076433121,0.1982851018220793,1
17852,12,5,657.8100000000001,131.562,74.4,82,720,144.0,0.20833333333333334,0.22043010752688172,0
17853,407,3,1596.29,532.0966666666667,208.33333333333334,84,330,110.0,0.2727272727272727,0.1344,1
17854,185,6,1068.5,178.08333333333334,101.16666666666667,113,547,91.16666666666667,0.3290676416819013,0.18616144975288304,1
17855,373,1,208.97,208.97,197.0,17,1,1.0,30.0,0.08629441624365482,1
17856,2,4,1418.03,354.5075,210.5,12,280,70.0,0.42857142857142855,0.014251781472684086,0
17857,4,24,27347.04,1139.46,829.4166666666666,21,638,26.583333333333332,1.1285266457680252,0.001054958304028936,0
17858,6,30,12518.65,417.2883333333333,179.43333333333334,173,728,24.266666666666666,1.2362637362637363,0.032138212892439164,0
17859,305,1,141.92000000000002,141.92000000000002,102.0,23,1,1.0,30.0,0.22549019607843138,1
17860,369,4,717.39,179.3475,174.0,127,360,90.0,0.3333333333333333,0.1824712643678161,1
17861,3,18,5088.29,282.6827777777778,252.27777777777777,329,727,40.388888888888886,0.7427785419532325,0.0724510019819423,0
17862,324,4,1254.89,313.7225,110.0,90,240,60.0,0.5,0.20454545454545456,1
17863,59,12,5360.48,446.70666666666665,389.6666666666667,154,594,49.5,0.6060606060606061,0.03293413173652695,0
17864,13,5,876.57,175.31400000000002,203.0,93,415,83.0,0.3614457831325301,0.0916256157635468,0
17865,31,46,26312.190000000002,572.0041304347826,281.5217391304348,391,709,15.41304347826087,1.9464033850493654,0.030193050193050193,0
17866,143,3,1134.95,378.31666666666666,178.33333333333334,20,583,194.33333333333334,0.15437392795883362,0.037383177570093455,1
17867,30,15,1582.0500000000002,105.47000000000001,42.53333333333333,119,708,47.2,0.635593220338983,0.1865203761755486,0
17868,386,1,227.15,227.15,85.0,18,1,1.0,30.0,0.21176470588235294,1
17869,107,7,813.64,116.23428571428572,70.14285714285714,72,441,63.0,0.4761904761904762,0.14663951120162932,1
17870,2,13,2753.29,211.79153846153847,130.69230769230768,215,380,29.23076923076923,1.0263157894736843,0.12654502648616833,0
17871,205,5,1068.95,213.79000000000002,133.0,64,489,97.8,0.3067484662576687,0.0962406015037594,1
17872,382,1,235.87,235.87,176.0,15,1,1.0,30.0,0.08522727272727272,1
17873,80,18,6265.33,348.07388888888886,231.05555555555554,65,644,35.77777777777778,0.8385093167701864,0.015628756912719404,0
17874,185,6,683.46,113.91000000000001,36.833333333333336,37,71,11.833333333333334,2.535211267605634,0.167420814479638,1
17875,688,1,167.1,167.1,98.0,25,1,1.0,30.0,0.25510204081632654,1
17876,400,3,3424.02,1141.34,652.6666666666666,3,276,92.0,0.32608695652173914,0.0015321756894790602,1
17877,170,1,237.61,237.61,98.0,12,1,1.0,30.0,0.12244897959183673,1
17878,44,3,1378.93,459.6433333333334,338.0,82,352,117.33333333333333,0.2556818181818182,0.08086785009861933,0
17879,174,1,178.51999999999998,178.51999999999998,45.0,6,1,1.0,30.0,0.13333333333333333,1
17880,365,3,824.9200000000001,274.97333333333336,155.33333333333334,43,366,122.0,0.24590163934426232,0.09227467811158799,1
17881,304,1,133.35000000000002,133.35000000000002,32.0,8,1,1.0,30.0,0.25,1
17882,379,2,291.56,145.78,65.0,47,1,0.5,60.0,0.36153846153846153,1
17883,3,7,988.42,141.20285714285714,68.0,155,649,92.71428571428571,0.3235747303543914,0.32563025210084034,0
17884,4,20,2698.47,134.9235,137.45,305,732,36.6,0.819672131147541,0.11094943615860313,0
17885,12,1,156.34,156.34,110.0,50,1,1.0,30.0,0.45454545454545453,0
17886,32,6,1572.55,262.09166666666664,118.5,138,558,93.0,0.3225806451612903,0.1940928270042194,0
17887,129,1,111.35,111.35,30.0,10,1,1.0,30.0,0.3333333333333333,1
17888,21,25,1807.44,72.2976,61.44,145,697,27.88,1.0760401721664274,0.09440104166666667,0
17889,212,7,746.42,106.63142857142857,57.57142857142857,97,407,58.142857142857146,0.515970515970516,0.24069478908188585,1
17890,323,2,586.89,293.445,201.0,88,39,19.5,1.5384615384615383,0.21890547263681592,1
17891,162,1,203.85999999999999,203.85999999999999,393.0,34,1,1.0,30.0,0.08651399491094147,1
17892,56,3,244.1,81.36666666666666,36.333333333333336,27,100,33.333333333333336,0.8999999999999999,0.24770642201834864,0
17893,225,1,107.21,107.21,149.0,15,1,1.0,30.0,0.10067114093959731,1
17894,72,18,2304.58,128.03222222222223,52.111111111111114,215,398,22.11111111111111,1.3567839195979898,0.22921108742004265,0
17895,44,1,95.45,95.45,127.0,15,1,1.0,30.0,0.11811023622047244,0
17896,23,1,256.32,256.32,288.0,2,1,1.0,30.0,0.006944444444444444,0
17897,173,9,2099.89,233.3211111111111,96.0,211,404,44.888888888888886,0.6683168316831684,0.24421296296296297,1
17898,85,4,299.18,74.795,62.75,48,482,120.5,0.24896265560165975,0.19123505976095617,0
17899,159,1,154.55,154.55,170.0,29,1,1.0,30.0,0.17058823529411765,1
17900,190,2,112.19999999999999,56.099999999999994,36.5,4,1,0.5,60.0,0.0547945205479452,1
17901,29,3,260.08,86.69333333333333,12.666666666666666,22,493,164.33333333333334,0.18255578093306288,0.5789473684210527,0
17902,547,1,216.39999999999998,216.39999999999998,526.0,24,1,1.0,30.0,0.045627376425855515,1
17903,394,1,381.09000000000003,381.09000000000003,142.0,44,1,1.0,30.0,0.30985915492957744,1
17904,21,1,181.07,181.07,59.0,33,1,1.0,30.0,0.559322033898305,0
17905,71,13,2178.87,167.6053846153846,99.92307692307692,129,609,46.84615384615385,0.6403940886699507,0.09930715935334873,0
17906,247,1,72.9,72.9,26.0,12,1,1.0,30.0,0.46153846153846156,1
17907,641,1,291.76,291.76,1046.0,13,1,1.0,30.0,0.0124282982791587,1
17908,374,5,1142.47,228.494,134.0,178,352,70.4,0.42613636363636365,0.2656716417910448,1
17909,737,1,110.05,110.05,35.0,8,1,1.0,30.0,0.22857142857142856,1
17910,726,1,261.7,261.7,121.0,25,1,1.0,30.0,0.2066115702479339,1
17911,9,1,366.23,366.23,223.0,39,1,1.0,30.0,0.17488789237668162,0
17912,310,6,374.55,62.425000000000004,35.833333333333336,48,66,11.0,2.727272727272727,0.22325581395348837,1
17913,59,14,3429.29,244.9492857142857,123.21428571428571,224,678,48.42857142857143,0.6194690265486725,0.12985507246376812,0
17914,4,1,329.36,329.36,457.0,72,1,1.0,30.0,0.1575492341356674,0
17915,551,1,225.78,225.78,184.0,27,1,1.0,30.0,0.14673913043478262,1
17916,629,2,43.87,21.935,45.0,15,105,52.5,0.5714285714285714,0.16666666666666666,1
17917,45,3,335.03,111.67666666666666,61.333333333333336,77,318,106.0,0.2830188679245283,0.41847826086956524,0
17918,501,3,396.39,132.13,117.33333333333333,34,5,1.6666666666666667,18.0,0.09659090909090909,1
17919,88,2,1840.32,920.16,726.0,37,351,175.5,0.17094017094017094,0.025482093663911846,0
17920,4,54,23581.78,436.6996296296296,227.12962962962962,715,730,13.518518518518519,2.219178082191781,0.05829596412556054,0
17921,64,10,2394.36,239.436,99.1,230,448,44.8,0.6696428571428571,0.23208879919273462,0
17922,543,1,170.4,170.4,49.0,8,1,1.0,30.0,0.16326530612244897,1
17923,282,3,497.0,165.66666666666666,46.666666666666664,2,263,87.66666666666667,0.34220532319391633,0.014285714285714285,1
17924,12,8,3257.7000000000003,407.21250000000003,151.0,27,403,50.375,0.5955334987593052,0.022350993377483443,0
17925,373,1,244.08,244.08,72.0,1,1,1.0,30.0,0.013888888888888888,1
17926,133,5,1035.49,207.098,114.4,27,447,89.4,0.33557046979865773,0.0472027972027972,1
17927,722,1,294.0,294.0,108.0,10,1,1.0,30.0,0.09259259259259259,1
17928,45,3,341.24,113.74666666666667,74.0,27,526,175.33333333333334,0.17110266159695817,0.12162162162162163,0
17929,11,12,3082.1,256.84166666666664,36.166666666666664,6,720,60.0,0.5,0.013824884792626729,0
17930,36,13,4275.22,328.86307692307696,291.9230769230769,39,610,46.92307692307692,0.639344262295082,0.010276679841897233,0
17931,134,14,3402.24,243.01714285714283,137.07142857142858,274,528,37.714285714285715,0.7954545454545454,0.14278269932256382,1
17932,29,3,1331.57,443.8566666666666,263.0,84,183,61.0,0.49180327868852464,0.10646387832699619,0
17933,632,1,114.69,114.69,63.0,12,1,1.0,30.0,0.19047619047619047,1
17934,52,3,1049.15,349.7166666666667,209.33333333333334,36,355,118.33333333333333,0.2535211267605634,0.05732484076433121,0
17935,138,7,686.14,98.02,34.857142857142854,60,597,85.28571428571429,0.35175879396984927,0.2459016393442623,1
17936,5,1,380.13,380.13,257.0,68,1,1.0,30.0,0.26459143968871596,0
17937,9,7,4301.22,614.46,250.57142857142858,19,354,50.57142857142857,0.5932203389830508,0.010832383124287344,0
17938,420,1,144.29,144.29,53.0,29,1,1.0,30.0,0.5471698113207547,1
17939,160,1,99.14,99.14,40.0,12,1,1.0,30.0,0.3,1
17940,49,16,30306.79,1894.174375,5321.75,11,688,43.0,0.6976744186046512,0.0001291868276412834,0
17941,131,4,1433.28,358.32,277.0,5,572,143.0,0.2097902097902098,0.004512635379061372,1
17942,8,1,77.50000000000001,77.50000000000001,38.0,2,1,1.0,30.0,0.05263157894736842,0
17944,423,1,74.99,74.99,84.0,24,1,1.0,30.0,0.2857142857142857,1
17945,697,3,360.35,120.11666666666667,81.33333333333333,66,1,0.3333333333333333,90.0,0.27049180327868855,1
17946,233,2,149.57999999999998,74.78999999999999,37.5,18,27,13.5,2.2222222222222223,0.24,1
17947,37,1,176.68,176.68,168.0,9,1,1.0,30.0,0.05357142857142857,0
17948,147,1,358.56000000000006,358.56000000000006,144.0,1,1,1.0,30.0,0.006944444444444444,1
17949,1,118,117314.08,994.1871186440678,513.0338983050848,58,737,6.245762711864407,4.80325644504749,0.0009580759192573259,0
17950,72,7,1166.29,166.61285714285714,94.14285714285714,133,632,90.28571428571429,0.3322784810126582,0.20182094081942337,0
17951,40,4,1340.5800000000002,335.14500000000004,195.0,24,365,91.25,0.32876712328767127,0.03076923076923077,0
17952,378,4,788.46,197.115,119.25,85,164,41.0,0.7317073170731707,0.17819706498951782,1
17953,540,1,159.17000000000002,159.17000000000002,98.0,20,1,1.0,30.0,0.20408163265306123,1
17954,5,19,3804.38,200.2305263157895,167.3684210526316,479,726,38.21052631578947,0.7851239669421488,0.15062893081761006,0
17955,199,6,949.9,158.31666666666666,113.5,16,467,77.83333333333333,0.3854389721627409,0.023494860499265784,1
17956,249,1,12.75,12.75,1.0,1,1,1.0,30.0,1.0,1
17957,66,1,111.68,111.68,287.0,31,1,1.0,30.0,0.10801393728222997,0
17958,117,2,973.88,486.94,142.0,35,612,306.0,0.09803921568627452,0.12323943661971831,1
17959,592,1,140.75,140.75,49.0,2,1,1.0,30.0,0.04081632653061224,1
17960,171,3,135.08,45.02666666666667,20.0,37,471,157.0,0.1910828025477707,0.6166666666666667,1
17961,21,100,2866.74,28.667399999999997,14.91,486,718,7.18,4.178272980501393,0.32595573440643866,0
17962,142,4,666.96,166.74,158.25,146,553,138.25,0.21699819168173598,0.23064770932069512,1
17963,471,4,643.16,160.79,85.25,98,218,54.5,0.5504587155963303,0.2873900293255132,1
17964,32,2,463.21,231.605,147.0,84,341,170.5,0.1759530791788856,0.2857142857142857,0
17965,38,29,7006.65,241.60862068965517,151.13793103448276,588,688,23.724137931034484,1.2645348837209303,0.13415468856947296,0
17966,38,10,1963.92,196.392,391.8,82,653,65.3,0.45941807044410415,0.02092904543134252,0
17967,372,2,223.42,111.71,55.5,59,45,22.5,1.3333333333333333,0.5315315315315315,1
17968,374,4,590.4399999999999,147.60999999999999,88.0,106,139,34.75,0.8633093525179856,0.30113636363636365,1
17969,166,20,2354.29,117.7145,50.7,113,567,28.35,1.0582010582010584,0.11143984220907298,1
17970,211,1,562.79,562.79,513.0,27,1,1.0,30.0,0.05263157894736842,1
17971,548,1,161.94,161.94,62.0,21,1,1.0,30.0,0.3387096774193548,1
17972,242,1,135.19,135.19,36.0,30,1,1.0,30.0,0.8333333333333334,1
17973,52,1,337.04,337.04,176.0,15,1,1.0,30.0,0.08522727272727272,0
17974,25,6,1739.09,289.8483333333333,198.16666666666666,279,383,63.833333333333336,0.46997389033942555,0.23465096719932715,0
17975,15,24,6696.33,279.01375,90.79166666666667,243,476,19.833333333333332,1.5126050420168067,0.11151904543368518,0
17976,372,1,321.79,321.79,93.0,56,1,1.0,30.0,0.6021505376344086,1
17977,29,2,1511.45,755.725,974.0,94,371,185.5,0.16172506738544473,0.048254620123203286,0
17978,365,4,1159.99,289.9975,324.25,62,367,91.75,0.32697547683923706,0.047802621434078645,1
17979,36,4,732.41,183.1025,95.75,116,225,56.25,0.5333333333333333,0.3028720626631854,0
17980,166,4,1012.72,253.18,192.75,41,228,57.0,0.5263157894736842,0.05317769130998703,1
17981,411,1,239.12,239.12,260.0,17,1,1.0,30.0,0.06538461538461539,1
17982,681,1,138.18,138.18,117.0,13,1,1.0,30.0,0.1111111111111111,1
17983,395,1,171.71,171.71,108.0,23,1,1.0,30.0,0.21296296296296297,1
17984,145,5,1152.19,230.43800000000002,187.8,209,594,118.8,0.25252525252525254,0.22257720979765708,1
17985,22,1,631.35,631.35,171.0,20,1,1.0,30.0,0.11695906432748537,0
17986,56,1,20.8,20.8,10.0,1,1,1.0,30.0,0.1,0
17987,185,5,965.4399999999999,193.088,196.2,139,366,73.2,0.4098360655737705,0.14169215086646278,1
17988,12,14,489.54,34.96714285714286,13.285714285714286,115,721,51.5,0.5825242718446602,0.6182795698924731,0
17989,379,1,207.32999999999998,207.32999999999998,300.0,26,1,1.0,30.0,0.08666666666666667,1
17990,237,6,1527.6100000000001,254.6016666666667,129.5,40,496,82.66666666666667,0.36290322580645157,0.05148005148005148,1
17991,225,3,300.3,100.10000000000001,31.0,37,367,122.33333333333333,0.2452316076294278,0.3978494623655914,1
17992,389,1,252.88,252.88,130.0,49,1,1.0,30.0,0.3769230769230769,1
17993,617,1,225.99,225.99,108.0,60,1,1.0,30.0,0.5555555555555556,1
17994,122,11,2270.0299999999997,206.36636363636362,198.27272727272728,227,500,45.45454545454545,0.6599999999999999,0.10408069692801467,1
17995,282,3,495.48,165.16,87.66666666666667,28,106,35.333333333333336,0.8490566037735849,0.10646387832699619,1
17996,380,3,482.33,160.77666666666667,195.66666666666666,63,167,55.666666666666664,0.5389221556886228,0.10732538330494037,1
17997,74,8,1962.46,245.3075,284.125,133,90,11.25,2.6666666666666665,0.05851297844258689,0
17998,380,3,639.24,213.08,187.0,57,359,119.66666666666667,0.25069637883008355,0.10160427807486631,1
17999,37,3,528.46,176.15333333333334,95.33333333333333,125,342,114.0,0.2631578947368421,0.4370629370629371,0
18000,564,1,124.25,124.25,109.0,6,1,1.0,30.0,0.05504587155963303,1
18001,12,6,924.14,154.02333333333334,145.66666666666666,120,726,121.0,0.24793388429752067,0.13729977116704806,0
18002,376,4,244.37,61.0925,17.75,52,356,89.0,0.33707865168539325,0.7323943661971831,1
18003,376,1,353.51,353.51,297.0,23,1,1.0,30.0,0.07744107744107744,1
18004,362,1,157.92,157.92,75.0,32,1,1.0,30.0,0.4266666666666667,1
18005,4,2,226.47,113.235,43.0,52,44,22.0,1.3636363636363638,0.6046511627906976,0
18006,23,4,969.51,242.3775,98.75,57,700,175.0,0.17142857142857143,0.14430379746835442,0
18007,393,1,215.22,215.22,246.0,46,1,1.0,30.0,0.18699186991869918,1
18008,70,23,19759.079999999998,859.0904347826087,340.2173913043478,77,633,27.52173913043478,1.0900473933649288,0.009840255591054312,0
18009,235,8,2144.23,268.02875,81.375,145,418,52.25,0.5741626794258373,0.2227342549923195,1
18010,257,1,174.8,174.8,60.0,14,1,1.0,30.0,0.23333333333333334,1
18011,373,2,410.79,205.395,62.5,63,195,97.5,0.3076923076923077,0.504,1
18012,723,1,115.3,115.3,63.0,13,1,1.0,30.0,0.20634920634920634,1
18013,155,2,187.29,93.645,142.5,31,1,0.5,60.0,0.10877192982456141,1
18014,28,1,162.22,162.22,66.0,29,1,1.0,30.0,0.4393939393939394,0
18015,4,1,120.03,120.03,157.0,46,1,1.0,30.0,0.2929936305732484,0
18016,32,7,1954.56,279.22285714285715,172.42857142857142,115,649,92.71428571428571,0.3235747303543914,0.09527754763877382,0
18017,81,4,688.0,172.0,100.0,1,351,87.75,0.3418803418803419,0.0025,0
18018,108,4,297.99,74.4975,46.5,43,313,78.25,0.38338658146964855,0.23118279569892472,1
18019,52,1,38.45,38.45,7.0,5,1,1.0,30.0,0.7142857142857143,0
18020,544,1,190.48000000000002,190.48000000000002,67.0,12,1,1.0,30.0,0.1791044776119403,1
18021,510,2,216.41,108.205,84.0,32,3,1.5,20.0,0.19047619047619047,1
18022,36,5,1507.25,301.45,262.2,306,511,102.2,0.29354207436399216,0.2334096109839817,0
18024,153,2,389.78,194.89,92.0,21,1,0.5,60.0,0.11413043478260869,1
18025,380,6,1177.72,196.28666666666666,175.5,83,240,40.0,0.75,0.0788224121557455,1
18026,501,2,2074.07,1037.035,265.0,12,5,2.5,12.0,0.022641509433962263,1
18027,99,1,115.31,115.31,78.0,21,1,1.0,30.0,0.2692307692307692,1
18028,583,1,192.05,192.05,133.0,4,1,1.0,30.0,0.03007518796992481,1
18029,642,1,433.77,433.77,253.0,18,1,1.0,30.0,0.07114624505928854,1
18030,4,2,230.64999999999998,115.32499999999999,33.5,8,39,19.5,1.5384615384615383,0.11940298507462686,0
18031,379,1,451.3,451.3,298.0,49,1,1.0,30.0,0.1644295302013423,1
18032,334,1,73.5,73.5,42.0,5,1,1.0,30.0,0.11904761904761904,1
18033,65,1,93.82000000000001,93.82000000000001,252.0,32,1,1.0,30.0,0.12698412698412698,0
18034,22,3,754.2,251.4,317.0,182,354,118.0,0.2542372881355932,0.19137749737118823,0
18035,36,5,1260.23,252.046,226.8,52,350,70.0,0.4285714285714286,0.04585537918871252,0
18036,32,11,1545.49,140.4990909090909,67.36363636363636,221,690,62.72727272727273,0.4782608695652174,0.2982456140350877,0
18037,154,15,167.42,11.161333333333333,2.466666666666667,31,584,38.93333333333333,0.7705479452054795,0.8378378378378378,1
18038,556,1,141.48,141.48,80.0,25,1,1.0,30.0,0.3125,1
18039,374,4,548.22,137.055,138.75,137,267,66.75,0.449438202247191,0.24684684684684685,1
18040,19,2,357.20000000000005,178.60000000000002,74.0,18,227,113.5,0.2643171806167401,0.12162162162162163,0
18041,12,38,8018.7699999999995,211.02026315789473,192.52631578947367,464,684,18.0,1.6666666666666665,0.0634226353198469,0
18042,54,2,281.15,140.575,34.5,13,489,244.5,0.12269938650306748,0.18840579710144928,0
18043,25,3,529.29,176.42999999999998,88.33333333333333,106,343,114.33333333333333,0.26239067055393583,0.4,0
18044,4,18,3505.61,194.75611111111112,88.77777777777777,128,556,30.88888888888889,0.9712230215827338,0.08010012515644556,0
18045,45,1,178.34,178.34,138.0,43,1,1.0,30.0,0.3115942028985507,0
18046,650,1,189.63,189.63,44.0,26,1,1.0,30.0,0.5909090909090909,1
18047,381,2,326.09,163.045,65.0,74,1,0.5,60.0,0.5692307692307692,1
18048,203,3,394.93,131.64333333333335,85.33333333333333,56,291,97.0,0.30927835051546393,0.21875,1
18049,437,2,500.92,250.46,201.0,82,154,77.0,0.3896103896103896,0.20398009950248755,1
18050,359,2,412.06,206.03,125.0,22,34,17.0,1.7647058823529411,0.088,1
18051,634,7,2282.28,326.04,237.28571428571428,41,97,13.857142857142858,2.1649484536082473,0.024683925346177003,1
18052,565,1,10877.18,10877.18,17766.0,16,1,1.0,30.0,0.0009005966452774963,1
18053,71,3,571.07,190.35666666666668,136.33333333333334,29,457,152.33333333333334,0.19693654266958427,0.07090464547677261,0
18054,393,1,176.5,176.5,96.0,11,1,1.0,30.0,0.11458333333333333,1
18055,7,14,10142.64,724.4742857142857,252.42857142857142,320,407,29.071428571428573,1.031941031941032,0.09054895302773061,0
18056,288,2,554.6,277.3,167.0,28,331,165.5,0.18126888217522658,0.08383233532934131,1
18057,393,3,1188.46,396.15333333333336,323.3333333333333,121,298,99.33333333333333,0.30201342281879195,0.12474226804123711,1
18058,10,3,774.06,258.02,131.33333333333334,12,658,219.33333333333334,0.13677811550151975,0.030456852791878174,0
18059,23,3,306.46,102.15333333333332,86.0,17,45,15.0,2.0,0.06589147286821706,0
18060,408,2,1185.46,592.73,451.0,74,157,78.5,0.38216560509554137,0.082039911308204,1
18061,22,28,6083.81,217.2789285714286,119.96428571428571,30,714,25.5,1.1764705882352942,0.008931229532598988,0
18062,173,6,1632.67,272.1116666666667,138.5,46,425,70.83333333333333,0.4235294117647059,0.05535499398315283,1
18063,391,2,186.60000000000002,93.30000000000001,24.0,2,243,121.5,0.2469135802469136,0.041666666666666664,1
18064,133,11,4481.83,407.4390909090909,244.0909090909091,53,544,49.45454545454545,0.6066176470588236,0.01973929236499069,1
18065,6,29,5866.63,202.29758620689657,78.10344827586206,193,725,25.0,1.2,0.08520971302428255,0
18066,75,3,1440.4,480.1333333333334,178.33333333333334,37,341,113.66666666666667,0.26392961876832843,0.0691588785046729,0
18067,40,1,396.33,396.33,189.0,36,1,1.0,30.0,0.19047619047619047,0
18068,289,1,101.69999999999999,101.69999999999999,6.0,1,1,1.0,30.0,0.16666666666666666,1
18069,26,11,4464.92,405.9018181818182,288.0,602,623,56.63636363636363,0.5296950240770466,0.1900252525252525,0
18070,669,1,314.1,314.1,86.0,9,1,1.0,30.0,0.10465116279069768,1
18071,258,6,1169.68,194.9466666666667,113.0,52,478,79.66666666666667,0.37656903765690375,0.07669616519174041,1
18072,186,1,247.44,247.44,288.0,18,1,1.0,30.0,0.0625,1
18073,114,12,3859.82,321.6516666666667,258.5,23,83,6.916666666666667,4.337349397590361,0.007414571244358479,1
18074,374,2,1019.44,509.72,180.5,37,132,66.0,0.45454545454545453,0.10249307479224377,1
18075,23,20,5783.29,289.1645,164.05,180,476,23.8,1.2605042016806722,0.05486132276744895,0
18076,380,1,151.49,151.49,164.0,8,1,1.0,30.0,0.04878048780487805,1
18077,8,18,4078.79,226.59944444444443,167.77777777777777,141,725,40.27777777777778,0.7448275862068965,0.046688741721854304,0
18078,217,4,725.53,181.3825,92.5,65,411,102.75,0.29197080291970806,0.17567567567567569,1
18079,45,5,4203.93,840.7860000000001,1746.0,107,447,89.4,0.33557046979865773,0.012256586483390607,0
18080,19,2,1231.5,615.75,321.0,2,224,112.0,0.26785714285714285,0.003115264797507788,0
18081,36,3,343.45,114.48333333333333,65.0,14,98,32.666666666666664,0.9183673469387755,0.07179487179487179,0
18082,26,1,680.84,680.84,608.0,62,1,1.0,30.0,0.10197368421052631,0
18083,398,1,463.53,463.53,268.0,36,1,1.0,30.0,0.13432835820895522,1
18084,16,3,795.2299999999999,265.07666666666665,251.66666666666666,7,373,124.33333333333333,0.24128686327077747,0.009271523178807948,0
18085,330,4,1341.8500000000001,335.46250000000003,126.75,42,299,74.75,0.4013377926421405,0.08284023668639054,1
18086,274,1,101.34,101.34,106.0,7,1,1.0,30.0,0.0660377358490566,1
18087,98,17,14761.519999999999,868.3247058823529,457.3529411764706,44,641,37.705882352941174,0.7956318252730109,0.0056591639871382635,1
18088,61,1,166.03,166.03,107.0,35,1,1.0,30.0,0.32710280373831774,0
18089,447,1,428.45,428.45,95.0,9,1,1.0,30.0,0.09473684210526316,1
18090,422,1,321.9,321.9,307.0,47,1,1.0,30.0,0.15309446254071662,1
18091,593,1,360.85,360.85,539.0,25,1,1.0,30.0,0.04638218923933209,1
18092,2,18,14693.72,816.3177777777778,461.0,42,734,40.77777777777778,0.7356948228882835,0.005061460592913955,0
18093,93,8,4452.71,556.58875,428.625,43,526,65.75,0.4562737642585551,0.012540099154272382,1
18094,82,13,6391.52,491.65538461538466,320.3076923076923,55,620,47.69230769230769,0.6290322580645161,0.013208453410182517,0
18095,313,5,2303.09,460.61800000000005,324.6,37,287,57.4,0.5226480836236934,0.02279728897104128,1
18096,12,6,1657.87,276.31166666666667,234.83333333333334,299,502,83.66666666666667,0.3585657370517928,0.21220723917672107,0
18097,8,11,4627.92,420.72,246.9090909090909,86,716,65.0909090909091,0.46089385474860334,0.03166421207658321,0
18098,396,1,527.94,527.94,215.0,85,1,1.0,30.0,0.3953488372093023,1
18099,127,1,168.31,168.31,149.0,19,1,1.0,30.0,0.12751677852348994,1
18100,550,1,451.56,451.56,440.0,30,1,1.0,30.0,0.06818181818181818,1
18101,11,5,622.01,124.402,49.4,89,663,132.6,0.2262443438914027,0.3603238866396761,0
18102,1,145,580987.04,4006.8071724137935,1252.7241379310344,382,739,5.096551724137931,5.886332882273343,0.002103003110462716,0
18103,549,1,105.8,105.8,23.0,10,1,1.0,30.0,0.43478260869565216,1
18104,37,1,754.64,754.64,362.0,38,1,1.0,30.0,0.10497237569060773,0
18105,38,1,113.48000000000002,113.48000000000002,46.0,18,1,1.0,30.0,0.391304347826087,0
18106,330,6,1441.06,240.17666666666665,84.33333333333333,126,365,60.833333333333336,0.4931506849315069,0.2490118577075099,1
18107,442,1,165.88,165.88,65.0,38,1,1.0,30.0,0.5846153846153846,1
18108,254,3,848.8100000000001,282.93666666666667,87.0,43,484,161.33333333333334,0.18595041322314051,0.16475095785440613,1
18109,2,38,9555.71,251.46605263157892,126.89473684210526,203,525,13.81578947368421,2.1714285714285713,0.042098714226462046,0
18110,20,2,392.28000000000003,196.14000000000001,84.5,58,392,196.0,0.15306122448979592,0.3431952662721893,0
18111,589,1,405.85,405.85,232.0,27,1,1.0,30.0,0.11637931034482758,1
18112,12,4,773.36,193.34,110.75,59,540,135.0,0.2222222222222222,0.13318284424379231,0
18113,369,1,76.32000000000001,76.32000000000001,72.0,1,1,1.0,30.0,0.013888888888888888,1
18114,290,1,220.1,220.1,55.0,28,1,1.0,30.0,0.509090909090909,1
18115,698,1,9.700000000000001,9.700000000000001,3.0,3,1,1.0,30.0,1.0,1
18116,68,13,2134.4900000000002,164.19153846153847,97.46153846153847,311,344,26.46153846153846,1.1337209302325582,0.24546172059984214,0
18117,26,1,315.65,315.65,605.0,68,1,1.0,30.0,0.11239669421487604,0
18118,11,29,6221.02,214.51793103448279,109.79310344827586,444,371,12.793103448275861,2.3450134770889486,0.13944723618090452,0
18119,368,1,180.7,180.7,124.0,29,1,1.0,30.0,0.23387096774193547,1
18120,214,1,111.15,111.15,31.0,17,1,1.0,30.0,0.5483870967741935,1
18121,149,2,653.3,326.65,219.0,28,6,3.0,10.0,0.0639269406392694,1
18122,8,6,1793.06,298.8433333333333,204.16666666666666,239,143,23.833333333333332,1.2587412587412588,0.19510204081632654,0
18123,24,3,666.64,222.21333333333334,205.33333333333334,53,490,163.33333333333334,0.1836734693877551,0.08603896103896104,0
18124,472,1,102.65,102.65,47.0,20,1,1.0,30.0,0.425531914893617,1
18125,30,4,1131.75,282.9375,200.0,164,287,71.75,0.4181184668989547,0.205,0
18126,61,1,200.92000000000002,200.92000000000002,135.0,52,1,1.0,30.0,0.3851851851851852,0
18127,19,4,556.13,139.0325,62.5,56,385,96.25,0.3116883116883117,0.224,0
18128,537,1,399.29,399.29,216.0,42,1,1.0,30.0,0.19444444444444445,1
18129,243,1,112.55000000000001,112.55000000000001,48.0,13,1,1.0,30.0,0.2708333333333333,1
18130,15,3,1059.39,353.13000000000005,274.6666666666667,58,42,14.0,2.142857142857143,0.0703883495145631,0
18131,632,1,222.95999999999998,222.95999999999998,552.0,4,1,1.0,30.0,0.007246376811594203,1
18132,504,1,220.13,220.13,212.0,60,1,1.0,30.0,0.2830188679245283,1
18133,212,1,931.4999999999999,931.4999999999999,1350.0,1,1,1.0,30.0,0.0007407407407407407,1
18134,598,2,445.0,222.5,64.0,27,97,48.5,0.6185567010309279,0.2109375,1
18135,29,10,1249.6200000000001,124.96200000000002,75.3,23,606,60.6,0.49504950495049505,0.03054448871181939,0
18136,63,5,1631.3600000000001,326.27200000000005,172.0,77,388,77.6,0.3865979381443299,0.08953488372093023,0
18137,551,2,145.99,72.995,29.5,26,1,0.5,60.0,0.4406779661016949,1
18138,295,1,152.65,152.65,38.0,8,1,1.0,30.0,0.21052631578947367,1
18139,18,6,8438.34,1406.39,926.1666666666666,35,1,0.16666666666666666,180.0,0.0062983624257693,0
18140,474,1,536.41,536.41,395.0,49,1,1.0,30.0,0.1240506329113924,1
18141,402,2,882.47,441.235,216.5,38,188,94.0,0.3191489361702128,0.08775981524249422,1
18142,157,2,1019.52,509.76,638.0,9,59,29.5,1.0169491525423728,0.007053291536050157,1
18143,117,2,1000.16,500.08,285.0,59,26,13.0,2.3076923076923075,0.10350877192982456,1
18144,8,19,4892.95,257.5236842105263,112.84210526315789,51,716,37.68421052631579,0.7960893854748603,0.02378731343283582,0
18145,13,11,5609.74,509.9763636363636,464.0,250,719,65.36363636363636,0.458970792767733,0.04898119122257053,0
18146,141,2,160.35000000000002,80.17500000000001,76.5,10,80,40.0,0.75,0.06535947712418301,1
18147,46,2,179.33999999999997,89.66999999999999,101.5,7,63,31.5,0.9523809523809523,0.034482758620689655,0
18148,647,1,112.85000000000001,112.85000000000001,63.0,9,1,1.0,30.0,0.14285714285714285,1
18149,51,7,1553.96,221.99428571428572,124.14285714285714,54,585,83.57142857142857,0.358974358974359,0.06214039125431531,0
18150,32,3,566.58,188.86,110.66666666666667,29,170,56.666666666666664,0.5294117647058824,0.08734939759036145,0
18151,135,6,1879.44,313.24,164.33333333333334,99,512,85.33333333333333,0.3515625,0.10040567951318459,1
18152,646,1,426.69,426.69,75.0,10,1,1.0,30.0,0.13333333333333333,1
18153,659,1,246.22,246.22,200.0,17,1,1.0,30.0,0.085,1
18154,3,5,932.6,186.52,125.2,34,488,97.6,0.3073770491803279,0.054313099041533544,0
18155,75,3,371.62,123.87333333333333,88.66666666666667,19,217,72.33333333333333,0.4147465437788018,0.07142857142857142,0
18156,13,2,675.64,337.82,141.5,100,357,178.5,0.1680672268907563,0.35335689045936397,0
18157,571,1,213.9,213.9,145.0,25,1,1.0,30.0,0.1724137931034483,1
18158,9,2,453.4,226.7,177.0,24,80,40.0,0.75,0.06779661016949153,0
18159,301,1,530.15,530.15,139.0,23,1,1.0,30.0,0.16546762589928057,1
18160,57,3,1003.88,334.62666666666667,173.0,56,329,109.66666666666667,0.2735562310030395,0.10789980732177264,0
18161,15,6,1803.1000000000001,300.5166666666667,160.83333333333334,57,365,60.833333333333336,0.4931506849315069,0.05906735751295337,0
18162,732,1,371.51,371.51,332.0,45,1,1.0,30.0,0.1355421686746988,1
18163,584,1,728.84,728.84,452.0,33,1,1.0,30.0,0.07300884955752213,1
18164,37,1,399.65000000000003,399.65000000000003,184.0,24,1,1.0,30.0,0.13043478260869565,0
18165,177,1,302.46000000000004,302.46000000000004,254.0,10,1,1.0,30.0,0.03937007874015748,1
18166,624,1,175.5,175.5,90.0,10,1,1.0,30.0,0.1111111111111111,1
18167,23,3,1384.8600000000001,461.62000000000006,127.33333333333333,24,83,27.666666666666668,1.0843373493975903,0.06282722513089005,0
18168,176,16,3435.5,214.71875,124.6875,209,561,35.0625,0.8556149732620321,0.10476190476190476,1
18169,61,1,202.65,202.65,61.0,9,1,1.0,30.0,0.14754098360655737,0
18170,33,9,2878.0,319.77777777777777,131.55555555555554,59,668,74.22222222222223,0.4041916167664671,0.04983108108108108,0
18171,59,9,2437.31,270.8122222222222,110.11111111111111,76,645,71.66666666666667,0.4186046511627907,0.07669021190716448,0
18172,15,52,17467.24,335.90846153846155,142.44230769230768,176,715,13.75,2.181818181818182,0.023761306871877955,0
18173,87,5,2696.36,539.272,346.0,34,527,105.4,0.2846299810246679,0.019653179190751446,0
18174,7,2,162.5,81.25,40.0,1,597,298.5,0.10050251256281408,0.0125,0
18175,676,1,176.1,176.1,70.0,7,1,1.0,30.0,0.1,1
18176,358,1,476.35,476.35,283.0,30,1,1.0,30.0,0.10600706713780919,1
18177,31,9,2216.32,246.2577777777778,137.55555555555554,66,693,77.0,0.3896103896103896,0.05331179321486268,0
18178,129,11,6103.74,554.8854545454545,350.0,204,531,48.27272727272727,0.6214689265536724,0.052987012987012985,1
18179,9,8,2547.55,318.44375,226.375,101,655,81.875,0.366412213740458,0.05577029265599116,0
18180,5,6,1843.75,307.2916666666667,286.8333333333333,108,138,23.0,1.3043478260869565,0.06275421266705404,0
18181,24,5,1188.34,237.66799999999998,102.0,139,711,142.2,0.2109704641350211,0.2725490196078431,0
18182,463,1,291.13,291.13,167.0,10,1,1.0,30.0,0.059880239520958084,1
18183,227,2,632.07,316.035,185.5,36,48,24.0,1.25,0.09703504043126684,1
18184,15,1,49.8,49.8,60.0,1,1,1.0,30.0,0.016666666666666666,0
18185,249,1,304.25,304.25,183.0,17,1,1.0,30.0,0.09289617486338798,1
18186,723,1,329.58,329.58,338.0,11,1,1.0,30.0,0.03254437869822485,1
18187,632,1,724.89,724.89,310.0,48,1,1.0,30.0,0.15483870967741936,1
18188,15,6,3280.59,546.765,314.6666666666667,95,609,101.5,0.29556650246305416,0.05031779661016949,0
18189,78,3,1403.73,467.91,278.6666666666667,79,549,183.0,0.16393442622950818,0.09449760765550239,0
18190,192,5,745.62,149.124,98.0,34,526,105.2,0.28517110266159695,0.06938775510204082,1
18191,262,2,529.4,264.7,166.0,15,216,108.0,0.2777777777777778,0.045180722891566265,1
18192,72,1,957.97,957.97,339.0,45,1,1.0,30.0,0.13274336283185842,0
18193,165,3,1207.35,402.45,308.6666666666667,66,278,92.66666666666667,0.3237410071942446,0.07127429805615551,1
18194,82,6,4162.04,693.6733333333333,295.6666666666667,23,598,99.66666666666667,0.3010033444816054,0.012965050732807215,0
18195,387,1,101.16,101.16,60.0,5,1,1.0,30.0,0.08333333333333333,1
18196,95,4,1457.19,364.2975,259.5,210,538,134.5,0.22304832713754646,0.2023121387283237,1
18197,576,1,230.1,230.1,166.0,9,1,1.0,30.0,0.05421686746987952,1
18198,4,17,5425.56,319.15058823529415,239.64705882352942,81,333,19.58823529411765,1.5315315315315317,0.019882179675994108,0
18199,684,1,344.75,344.75,99.0,20,1,1.0,30.0,0.20202020202020202,1
18200,106,1,150.35,150.35,104.0,29,1,1.0,30.0,0.27884615384615385,1
18201,723,1,447.53000000000003,447.53000000000003,191.0,27,1,1.0,30.0,0.14136125654450263,1
18202,200,3,1396.99,465.66333333333336,193.66666666666666,55,112,37.333333333333336,0.8035714285714286,0.09466437177280551,1
18203,157,4,492.52,123.13,27.75,40,574,143.5,0.20905923344947736,0.36036036036036034,1
18204,71,3,1975.35,658.4499999999999,396.6666666666667,159,122,40.666666666666664,0.7377049180327869,0.13361344537815126,0
18205,36,2,517.36,258.68,96.0,30,39,19.5,1.5384615384615383,0.15625,0
18206,553,1,314.65999999999997,314.65999999999997,246.0,19,1,1.0,30.0,0.07723577235772358,1
18207,499,1,544.47,544.47,325.0,31,1,1.0,30.0,0.09538461538461539,1
18208,566,1,360.08,360.08,82.0,17,1,1.0,30.0,0.2073170731707317,1
18209,29,1,139.10000000000002,139.10000000000002,58.0,8,1,1.0,30.0,0.13793103448275862,0
18210,2,7,2768.83,395.54714285714283,214.14285714285714,116,382,54.57142857142857,0.549738219895288,0.07738492328218813,0
18211,26,5,600.07,120.01400000000001,71.8,37,253,50.6,0.5928853754940712,0.10306406685236769,0
18212,326,2,514.37,257.185,79.0,40,352,176.0,0.17045454545454547,0.25316455696202533,1
18213,237,1,232.48000000000002,232.48000000000002,232.0,15,1,1.0,30.0,0.06465517241379311,1
18214,531,4,1780.34,445.085,247.25,38,24,6.0,5.0,0.03842264914054601,1
18215,89,5,2232.4900000000002,446.49800000000005,226.2,53,535,107.0,0.28037383177570097,0.046861184792219276,0
18216,31,1,481.75,481.75,200.0,26,1,1.0,30.0,0.13,0
18217,29,4,945.04,236.26,185.0,33,497,124.25,0.2414486921529175,0.0445945945945946,0
18218,211,4,1121.84,280.46,257.0,25,449,112.25,0.26726057906458794,0.024319066147859923,1
18219,3,17,3352.7000000000003,197.21764705882356,93.29411764705883,87,730,42.94117647058823,0.6986301369863014,0.05485498108448928,0
18220,227,6,1921.76,320.29333333333335,225.33333333333334,17,498,83.0,0.36144578313253006,0.01257396449704142,1
18221,22,6,1424.94,237.49,166.66666666666666,71,368,61.333333333333336,0.48913043478260865,0.071,0
18222,93,1,443.0,443.0,335.0,19,1,1.0,30.0,0.056716417910447764,1
18223,5,26,14000.85,538.4942307692307,255.53846153846155,192,731,28.115384615384617,1.06703146374829,0.028898254063816978,0
18224,264,1,158.95000000000002,158.95000000000002,69.0,10,1,1.0,30.0,0.14492753623188406,1
18225,3,26,13014.8,500.5692307692307,280.0769230769231,266,732,28.153846153846153,1.0655737704918034,0.03652842625652293,0
18226,44,26,11878.88,456.88,303.1923076923077,299,601,23.115384615384617,1.29783693843594,0.03792972218698465,0
18227,218,2,388.75,194.375,11.0,6,267,133.5,0.2247191011235955,0.2727272727272727,1
18228,57,2,779.9,389.95,119.0,23,23,11.5,2.608695652173913,0.09663865546218488,0
18229,12,28,10150.51,362.5182142857143,109.67857142857143,73,725,25.892857142857142,1.1586206896551723,0.02377075871051775,0
18230,9,9,4291.06,476.7844444444445,221.77777777777777,42,517,57.44444444444444,0.5222437137330754,0.021042084168336674,0
18231,192,28,6854.17,244.7917857142857,104.10714285714286,218,507,18.107142857142858,1.656804733727811,0.07478559176672384,1
18232,82,4,592.97,148.2425,75.5,31,116,29.0,1.0344827586206897,0.10264900662251655,0
18233,326,1,440.0,440.0,4.0,1,1,1.0,30.0,0.25,1
18234,552,1,179.6,179.6,80.0,30,1,1.0,30.0,0.375,1
18235,72,3,1796.48,598.8266666666667,526.0,100,146,48.666666666666664,0.6164383561643836,0.06337135614702155,0
18236,30,12,1795.3500000000001,149.6125,58.0,80,574,47.833333333333336,0.6271777003484321,0.11494252873563218,0
18237,3,5,987.1,197.42000000000002,124.4,40,132,26.4,1.1363636363636362,0.06430868167202572,0
18238,515,1,270.92,270.92,114.0,14,1,1.0,30.0,0.12280701754385964,1
18239,219,6,1712.26,285.37666666666667,140.66666666666666,85,205,34.166666666666664,0.8780487804878049,0.10071090047393365,1
18240,46,1,422.58,422.58,126.0,6,1,1.0,30.0,0.047619047619047616,0
18241,10,21,2986.9900000000002,142.23761904761906,70.04761904761905,101,609,29.0,1.0344827586206897,0.06866077498300475,0
18242,72,8,3605.21,450.65125,252.625,113,626,78.25,0.38338658146964855,0.05591291439881247,0
18243,414,1,515.78,515.78,221.0,26,1,1.0,30.0,0.11764705882352941,1
18244,431,2,568.64,284.32,428.0,19,73,36.5,0.8219178082191781,0.02219626168224299,1
18245,7,20,6324.9800000000005,316.249,254.9,336,634,31.7,0.9463722397476341,0.06590819929384072,0
18246,24,3,758.8199999999999,252.93999999999997,71.33333333333333,3,587,195.66666666666666,0.15332197614991483,0.014018691588785047,0
18247,415,3,839.73,279.91,111.66666666666667,28,217,72.33333333333333,0.4147465437788018,0.08358208955223881,1
18248,123,2,804.02,402.01,255.5,39,64,32.0,0.9375,0.07632093933463796,1
18249,17,1,95.34,95.34,128.0,8,1,1.0,30.0,0.0625,0
18250,310,1,349.27,349.27,199.0,21,1,1.0,30.0,0.10552763819095477,1
18251,87,9,26278.86,2919.8733333333334,4404.333333333333,87,631,70.11111111111111,0.4278922345483359,0.0021948081434950426,0
18252,51,7,1533.69,219.09857142857143,133.14285714285714,125,671,95.85714285714286,0.31296572280178836,0.13412017167381973,0
18253,643,1,317.88,317.88,128.0,7,1,1.0,30.0,0.0546875,1
18254,581,1,267.9,267.9,188.0,16,1,1.0,30.0,0.0851063829787234,1
18255,89,2,303.15,151.575,100.5,16,367,183.5,0.16348773841961853,0.07960199004975124,0
18256,388,1,110.7,110.7,180.0,10,1,1.0,30.0,0.05555555555555555,1
18257,39,12,4600.15,383.3458333333333,197.41666666666666,219,620,51.666666666666664,0.5806451612903225,0.09244406922752216,0
18258,464,6,2059.67,343.27833333333336,330.1666666666667,30,109,18.166666666666668,1.651376146788991,0.01514386673397274,1
18259,25,7,3941.9,563.1285714285715,182.0,51,708,101.14285714285714,0.2966101694915254,0.040031397174254316,0
18260,173,23,9947.26,432.4895652173913,228.0,212,552,24.0,1.25,0.04042715484363082,1
18261,43,2,324.24,162.12,73.0,19,53,26.5,1.1320754716981132,0.13013698630136986,0
18262,140,3,577.54,192.51333333333332,184.0,40,463,154.33333333333334,0.19438444924406048,0.07246376811594203,1
18263,26,3,1213.1599999999999,404.3866666666666,489.3333333333333,59,227,75.66666666666667,0.39647577092511016,0.040190735694822885,0
18264,499,1,603.25,603.25,241.0,36,1,1.0,30.0,0.14937759336099585,1
18265,72,2,801.51,400.755,155.5,44,86,43.0,0.6976744186046512,0.1414790996784566,0
18266,434,1,251.1,251.1,138.0,14,1,1.0,30.0,0.10144927536231885,1
18267,673,1,269.37,269.37,135.0,17,1,1.0,30.0,0.1259259259259259,1
18268,134,6,1490.23,248.37166666666667,118.5,36,595,99.16666666666667,0.3025210084033614,0.05063291139240506,1
18269,366,1,168.6,168.6,76.0,7,1,1.0,30.0,0.09210526315789473,1
18270,38,3,444.55,148.18333333333334,69.66666666666667,17,395,131.66666666666666,0.2278481012658228,0.08133971291866028,0
18271,610,2,680.85,340.425,159.5,19,122,61.0,0.49180327868852464,0.05956112852664577,1
18272,3,9,4385.9800000000005,487.33111111111117,320.0,145,643,71.44444444444444,0.41990668740279935,0.050347222222222224,0
18273,2,4,357.0,89.25,35.0,1,589,147.25,0.2037351443123939,0.007142857142857143,0
18274,30,1,175.92,175.92,88.0,11,1,1.0,30.0,0.125,0
18275,578,2,741.85,370.925,208.5,19,153,76.5,0.3921568627450981,0.045563549160671464,1
18276,44,6,1656.52,276.08666666666664,207.66666666666666,81,686,114.33333333333333,0.26239067055393583,0.06500802568218299,0
18277,58,5,1180.05,236.01,89.8,53,437,87.4,0.34324942791762014,0.11804008908685969,0
18278,74,2,414.20000000000005,207.10000000000002,70.0,22,331,165.5,0.18126888217522658,0.15714285714285714,0
18279,519,1,231.33999999999997,231.33999999999997,630.0,13,1,1.0,30.0,0.020634920634920634,1
18280,278,2,488.15000000000003,244.07500000000002,97.0,28,117,58.5,0.5128205128205129,0.14432989690721648,1
18281,181,2,201.14,100.57,73.0,17,398,199.0,0.1507537688442211,0.11643835616438356,1
18282,8,2,178.05,89.025,51.5,12,119,59.5,0.5042016806722689,0.11650485436893204,0
18283,4,22,2664.9,121.13181818181819,76.31818181818181,352,655,29.772727272727273,1.0076335877862597,0.20964860035735558,0
18284,432,1,461.68,461.68,494.0,28,1,1.0,30.0,0.05668016194331984,1
18285,661,1,427.0,427.0,145.0,12,1,1.0,30.0,0.08275862068965517,1
18286,477,2,1296.43,648.215,304.0,67,248,124.0,0.24193548387096772,0.11019736842105263,1
18287,43,7,4182.99,597.5699999999999,430.42857142857144,120,529,75.57142857142857,0.39697542533081287,0.039827414537006306,0
